category,image_id,mask_variation,gen_variation_id,nima_mean,nima_std,giqa_score,itm,cos
airplane,208901,bbox,0,4.885817527770996,1.48406183719635,-352.3366648462802,0.326904296875,0.429931640625
airplane,208901,bbox,1,4.634349346160889,1.5507200956344604,-599.2427913838405,0.262939453125,0.3779296875
airplane,208901,bbox,2,5.174396514892578,1.550678014755249,-446.0824116517993,0.292236328125,0.427734375
airplane,208901,segm,0,5.142091751098633,1.5022499561309814,-397.5524451560764,0.300048828125,0.425048828125
airplane,208901,segm,1,5.066477298736572,1.5217807292938232,-391.3774515068103,0.296875,0.416748046875
airplane,208901,segm,2,5.189668655395508,1.5186572074890137,-513.3196866322817,0.320068359375,0.442626953125
airplane,90631,bbox,0,4.630712509155273,1.4626672267913818,-434.7928304073489,0.0850830078125,0.341064453125
airplane,90631,bbox,1,4.884354591369629,1.500782489776611,-460.4543946508952,0.187744140625,0.337890625
airplane,90631,bbox,2,5.0281662940979,1.5196895599365234,-358.5666614742084,0.10247802734375,0.337890625
airplane,90631,segm,0,4.4100494384765625,1.506483793258667,-373.92271284408025,0.1773681640625,0.395751953125
airplane,90631,segm,1,4.9246673583984375,1.4882770776748655,-562.1080780267148,0.1708984375,0.345703125
airplane,90631,segm,2,4.758455276489258,1.48034930229187,-401.1950940816503,0.14306640625,0.365234375
airplane,525322,bbox,0,5.694007873535156,1.5668264627456665,-422.285342302323,0.1243896484375,0.387939453125
airplane,525322,bbox,1,5.902968406677246,1.5117872953414917,-329.0740203875316,0.0811767578125,0.37890625
airplane,525322,bbox,2,5.749557971954346,1.546597599983215,-285.3637796204166,0.136962890625,0.37890625
airplane,525322,segm,0,5.530121326446533,1.5148866176605225,-657.066405770129,0.11181640625,0.38916015625
airplane,525322,segm,1,5.479068279266357,1.5028129816055298,-518.325081911602,0.139404296875,0.41064453125
airplane,525322,segm,2,5.720839500427246,1.5280895233154297,-503.10683943123104,0.12030029296875,0.404541015625
airplane,71711,bbox,0,5.947372913360596,1.366593599319458,-564.4304222321714,0.2919921875,0.371337890625
airplane,71711,bbox,1,6.035487174987793,1.3883874416351318,-302.3202153196412,0.306396484375,0.3583984375
airplane,71711,bbox,2,5.908292293548584,1.6144872903823853,-924.021180936641,0.11517333984375,0.292236328125
airplane,71711,segm,0,5.831659317016602,1.3858712911605835,-219.4427061390597,0.327880859375,0.364501953125
airplane,71711,segm,1,5.986665725708008,1.3529953956604004,-351.50256062129574,0.32568359375,0.359619140625
airplane,71711,segm,2,5.818886280059815,1.3847371339797974,-334.7771350919061,0.340087890625,0.35986328125
airplane,44652,bbox,0,5.232330799102783,1.5835938453674316,-400.11937450177584,0.26171875,0.38232421875
airplane,44652,bbox,1,5.917639255523682,1.5044726133346558,-309.81293633189193,0.31103515625,0.385009765625
airplane,44652,bbox,2,5.946671009063721,1.4292340278625488,-462.96501964228514,0.250244140625,0.408935546875
airplane,44652,segm,0,5.745511054992676,1.5554935932159424,-306.31553262036164,0.32763671875,0.408203125
airplane,44652,segm,1,5.961375713348389,1.4739441871643066,-260.3279501079901,0.251220703125,0.41796875
airplane,44652,segm,2,5.759902000427246,1.5042850971221924,-300.55418866500213,0.3251953125,0.40283203125
airplane,410221,bbox,0,4.836186408996582,1.6041064262390137,-540.3441045344159,0.3173828125,0.380859375
airplane,410221,bbox,1,5.908292293548584,1.6144872903823853,-924.021180936641,0.11517333984375,0.292236328125
airplane,410221,bbox,2,4.3897857666015625,1.588690161705017,-925.9676941594294,0.399658203125,0.385986328125
airplane,410221,segm,0,4.698864936828613,1.6218023300170898,-661.8722160129198,0.3642578125,0.3359375
airplane,410221,segm,1,5.908292293548584,1.6144872903823853,-924.021180936641,0.11517333984375,0.292236328125
airplane,410221,segm,2,4.537759780883789,1.6169486045837402,-858.9302320176675,0.419677734375,0.385009765625
airplane,545407,bbox,0,5.205744743347168,1.5752681493759155,-437.3284283589819,0.289794921875,0.45166015625
airplane,545407,bbox,1,5.419754505157471,1.5400627851486206,-246.9161463690461,0.30615234375,0.394287109375
airplane,545407,bbox,2,4.9778337478637695,1.485198974609375,-328.0150827649893,0.29638671875,0.4345703125
airplane,545407,segm,0,4.927925109863281,1.5539684295654297,-276.6801051601283,0.300537109375,0.43701171875
airplane,545407,segm,1,5.032906532287598,1.5091122388839722,-318.77538398462366,0.284912109375,0.416259765625
airplane,545407,segm,2,4.988604545593262,1.5010703802108765,-307.00631696968503,0.30615234375,0.42724609375
airplane,567432,bbox,0,5.026284694671631,1.5257492065429688,-342.19535772318886,0.389404296875,0.407958984375
airplane,567432,bbox,1,4.688204765319824,1.4995743036270142,-409.6435774330096,0.355224609375,0.41748046875
airplane,567432,bbox,2,4.637847900390625,1.5632072687149048,-476.2765337865985,0.1783447265625,0.399658203125
airplane,567432,segm,0,5.908292293548584,1.6144872903823853,-924.021180936641,0.11517333984375,0.292236328125
airplane,567432,segm,1,4.726527690887451,1.5169260501861572,-287.8077988383748,0.384521484375,0.425048828125
airplane,567432,segm,2,4.871181964874268,1.567144751548767,-391.6205273700307,0.383544921875,0.443603515625
airplane,272049,bbox,0,3.898329734802246,1.2389200925827026,-474.47071469395,0.0074462890625,0.248046875
airplane,272049,bbox,1,3.764948606491089,1.1970127820968628,-365.77998742836735,0.2099609375,0.33056640625
airplane,272049,bbox,2,3.955253839492798,1.165295958518982,-458.1711560847298,0.095703125,0.30810546875
airplane,272049,segm,0,4.022056579589844,1.2982257604599,-361.583321616441,0.052947998046875,0.26806640625
airplane,272049,segm,1,3.7170681953430176,1.2249034643173218,-300.3910434550867,0.0079498291015625,0.270751953125
airplane,272049,segm,2,3.975041627883911,1.2189322710037231,-481.85128593989066,0.055267333984375,0.307373046875
airplane,469174,bbox,0,4.954555988311768,1.4390933513641355,-202.47429098481103,0.28515625,0.389892578125
airplane,469174,bbox,1,5.010427951812744,1.535874605178833,-403.7528400958236,0.319580078125,0.411865234375
airplane,469174,bbox,2,4.877886295318604,1.4999958276748655,-344.47186830948795,0.219970703125,0.3974609375
airplane,469174,segm,0,5.163771152496338,1.506837010383606,-281.54648279976414,0.285888671875,0.427978515625
airplane,469174,segm,1,5.066677093505859,1.4860786199569702,-228.3241542438381,0.2393798828125,0.415771484375
airplane,469174,segm,2,5.027563571929932,1.4938963651657104,-240.4483992473704,0.263916015625,0.427978515625
airplane,52412,bbox,0,5.908292293548584,1.6144872903823853,-924.021180936641,0.11517333984375,0.292236328125
airplane,52412,bbox,1,4.856222152709961,1.5066970586776731,-348.20188673711573,0.12249755859375,0.378173828125
airplane,52412,bbox,2,5.908292293548584,1.6144872903823853,-924.021180936641,0.11517333984375,0.292236328125
airplane,52412,segm,0,4.9298505783081055,1.490575671195984,-314.54037699360697,0.1495361328125,0.369873046875
airplane,52412,segm,1,4.796131134033203,1.4672276973724363,-313.7314205082505,0.1646728515625,0.37353515625
airplane,52412,segm,2,5.13114595413208,1.4973262548446655,-223.67916965928768,0.141845703125,0.37255859375
airplane,214205,bbox,0,4.858719825744629,1.5156898498535156,-380.1552448705916,0.2113037109375,0.30712890625
airplane,214205,bbox,1,4.630908966064453,1.5132030248641968,-458.9939787360295,0.2198486328125,0.335693359375
airplane,214205,bbox,2,4.870652675628662,1.491804599761963,-562.1790514713816,0.197265625,0.304443359375
airplane,214205,segm,0,4.576447486877441,1.58764910697937,-419.0731951895259,0.09576416015625,0.276123046875
airplane,214205,segm,1,4.466616153717041,1.5383076667785645,-506.3584686869592,0.10845947265625,0.274658203125
airplane,214205,segm,2,4.560287952423096,1.5516853332519531,-509.044491815102,0.278564453125,0.361083984375
airplane,348881,bbox,0,3.7760536670684814,1.32840096950531,-358.1869763589266,0.340576171875,0.425537109375
airplane,348881,bbox,1,5.908292293548584,1.6144872903823853,-924.021180936641,0.11517333984375,0.292236328125
airplane,348881,bbox,2,3.928811550140381,1.3611063957214355,-345.9477312526178,0.32763671875,0.421875
airplane,348881,segm,0,3.8588361740112314,1.3756405115127563,-457.0022017574093,0.304931640625,0.427001953125
airplane,348881,segm,1,3.746801614761353,1.3320304155349731,-444.8622817157898,0.288330078125,0.42041015625
airplane,348881,segm,2,3.9211857318878174,1.4083486795425415,-463.88144523103256,0.3212890625,0.437255859375
airplane,1761,bbox,0,3.7564218044281006,1.342017412185669,-571.2569638014365,0.412109375,0.3955078125
airplane,1761,bbox,1,3.650033712387085,1.3208203315734863,-710.6801340007992,0.44873046875,0.415283203125
airplane,1761,bbox,2,3.671276569366455,1.320380687713623,-726.9061273136335,0.343017578125,0.3896484375
airplane,1761,segm,0,3.701174974441528,1.2817249298095703,-612.8957656720509,0.396728515625,0.390625
airplane,1761,segm,1,3.732067584991455,1.2979711294174194,-451.5068173425952,0.405029296875,0.421875
airplane,1761,segm,2,3.762661457061768,1.2973394393920898,-753.7452821909915,0.371826171875,0.3984375
airplane,134886,bbox,0,5.4763689041137695,1.48677396774292,-450.2372871945741,0.333251953125,0.395263671875
airplane,134886,bbox,1,5.670541286468506,1.5346007347106934,-284.9315151170015,0.331298828125,0.447509765625
airplane,134886,bbox,2,5.289229393005371,1.5035144090652466,-256.858479523235,0.27783203125,0.4052734375
airplane,134886,segm,0,5.559906482696533,1.4994653463363647,-282.30016862187995,0.281982421875,0.39501953125
airplane,134886,segm,1,5.289100170135498,1.513762354850769,-298.42053376620174,0.309326171875,0.43017578125
airplane,134886,segm,2,5.311275959014893,1.4962352514266968,-393.3746822693192,0.268310546875,0.412109375
airplane,99054,bbox,0,5.401648998260498,1.5443408489227295,-354.09241031511874,0.317626953125,0.399169921875
airplane,99054,bbox,1,4.913740158081055,1.5370711088180542,-352.2390250436092,0.342529296875,0.455810546875
airplane,99054,bbox,2,5.226090908050537,1.504531979560852,-347.6070531294069,0.311767578125,0.439697265625
airplane,99054,segm,0,5.177133560180664,1.4659056663513184,-348.72336789724045,0.318603515625,0.44482421875
airplane,99054,segm,1,4.916314601898193,1.5011236667633057,-346.38225935473224,0.341064453125,0.43017578125
airplane,99054,segm,2,5.266858577728272,1.4720113277435305,-347.6775710028958,0.34521484375,0.44921875
airplane,199977,bbox,0,5.3171257972717285,1.5535238981246948,-477.8910389111657,0.174072265625,0.348876953125
airplane,199977,bbox,1,4.970800399780273,1.498369812965393,-363.73822955992455,0.11846923828125,0.368896484375
airplane,199977,bbox,2,4.8489251136779785,1.5788589715957642,-299.98159286434566,0.1051025390625,0.3701171875
airplane,199977,segm,0,5.043983936309815,1.5214992761611938,-383.2449204850132,0.0980224609375,0.36328125
airplane,199977,segm,1,5.127260684967041,1.502571702003479,-519.5737077757376,0.0880126953125,0.33056640625
airplane,199977,segm,2,4.874087333679199,1.5302469730377195,-352.60975940929666,0.1138916015625,0.350341796875
airplane,502599,bbox,0,4.571322917938232,1.458225965499878,-708.9303026893399,0.0006985664367675,0.219970703125
airplane,502599,bbox,1,4.688992500305176,1.488986849784851,-506.98702138604,0.001199722290039,0.2178955078125
airplane,502599,bbox,2,4.283019542694092,1.3555309772491455,-646.919499546259,0.186279296875,0.266357421875
airplane,502599,segm,0,4.640786647796631,1.4152358770370483,-296.6347610132161,0.24658203125,0.350341796875
airplane,502599,segm,1,4.66925048828125,1.4449894428253174,-371.9616315963801,0.220703125,0.333984375
airplane,502599,segm,2,4.466622352600098,1.396381139755249,-272.2565013602928,0.2037353515625,0.3486328125
airplane,488270,bbox,0,4.563666343688965,1.5236905813217163,-515.407028161665,0.2301025390625,0.3818359375
airplane,488270,bbox,1,4.887764930725098,1.491053819656372,-490.5765061602815,0.277099609375,0.4013671875
airplane,488270,bbox,2,4.453261375427246,1.4562218189239502,-456.3685003275091,0.2486572265625,0.381103515625
airplane,488270,segm,0,4.589781761169434,1.433393478393555,-552.4329125068689,0.346435546875,0.41552734375
airplane,488270,segm,1,4.770898818969727,1.5463119745254517,-621.0288901902845,0.32861328125,0.416748046875
airplane,488270,segm,2,4.878455638885498,1.4621524810791016,-385.9365645943103,0.331787109375,0.418701171875
airplane,229747,bbox,0,4.0644073486328125,1.5209717750549316,-548.5726233719492,0.360595703125,0.3427734375
airplane,229747,bbox,1,4.838350296020508,1.5965402126312256,-342.55421955134284,0.3349609375,0.345703125
airplane,229747,bbox,2,4.727497577667236,1.598203182220459,-654.4407873829155,0.1436767578125,0.2822265625
airplane,229747,segm,0,4.654690265655518,1.5427385568618774,-471.3532991253078,0.352783203125,0.41845703125
airplane,229747,segm,1,5.223618030548096,1.5850515365600586,-563.532858386423,0.32177734375,0.404541015625
airplane,229747,segm,2,4.787033081054688,1.5401699542999268,-514.3251237344575,0.34375,0.429931640625
airplane,22396,bbox,0,4.920994281768799,1.5332032442092896,-405.504189443365,0.28759765625,0.381103515625
airplane,22396,bbox,1,5.021080017089844,1.5172134637832642,-383.4848725492129,0.27392578125,0.36962890625
airplane,22396,bbox,2,4.874544620513916,1.5293041467666626,-359.74502310880257,0.30078125,0.424072265625
airplane,22396,segm,0,4.465456962585449,1.607824444770813,-365.36947323702407,0.313232421875,0.435546875
airplane,22396,segm,1,4.39695930480957,1.573655366897583,-452.8291749494035,0.04217529296875,0.331787109375
airplane,22396,segm,2,4.674193859100342,1.536245584487915,-506.3543416754114,0.27490234375,0.39892578125
airplane,189828,bbox,0,4.446198463439941,1.5172288417816162,-523.4901328478322,0.279541015625,0.342041015625
airplane,189828,bbox,1,4.193609237670898,1.5646337270736694,-593.5620083275392,0.400146484375,0.398681640625
airplane,189828,bbox,2,4.552599906921387,1.5941487550735474,-507.9938063846485,0.380859375,0.387939453125
airplane,189828,segm,0,3.617381811141968,1.3743982315063477,-406.20564949876734,0.45068359375,0.3837890625
airplane,189828,segm,1,3.765143156051636,1.4478871822357178,-717.5527053420246,0.489990234375,0.3955078125
airplane,189828,segm,2,3.7255783081054688,1.3875961303710938,-411.7393668828559,0.4853515625,0.40283203125
airplane,163746,bbox,0,4.667822360992432,1.5517715215682983,-443.20485931246594,0.2471923828125,0.397705078125
airplane,163746,bbox,1,4.562419414520264,1.5613248348236084,-346.0167005473786,0.26806640625,0.38427734375
airplane,163746,bbox,2,4.439016819000244,1.553920030593872,-387.4074258347921,0.26416015625,0.406005859375
airplane,163746,segm,0,4.697892665863037,1.5683331489562988,-490.4922230514008,0.326171875,0.394775390625
airplane,163746,segm,1,4.715819835662842,1.5751091241836548,-426.4941432200592,0.294189453125,0.399169921875
airplane,163746,segm,2,4.7379231452941895,1.5720293521881104,-476.64739215315785,0.3359375,0.40087890625
airplane,449996,bbox,0,4.33733606338501,1.4025042057037354,-471.6336287104496,0.28759765625,0.433837890625
airplane,449996,bbox,1,4.363090991973877,1.515782117843628,-455.4227363399068,0.287841796875,0.435791015625
airplane,449996,bbox,2,4.620718002319336,1.524389147758484,-387.8985894785256,0.2705078125,0.422119140625
airplane,449996,segm,0,4.410759449005127,1.542419672012329,-486.1040301727137,0.270751953125,0.41748046875
airplane,449996,segm,1,4.88801908493042,1.6204338073730469,-405.529753458708,0.259033203125,0.41748046875
airplane,449996,segm,2,4.552250385284424,1.562905192375183,-437.18098341665086,0.25,0.419189453125
airplane,293324,bbox,0,4.948451042175293,1.4546566009521484,-274.80594903663564,0.26123046875,0.42529296875
airplane,293324,bbox,1,4.882017135620117,1.3727630376815796,-355.61036764467326,0.223876953125,0.422607421875
airplane,293324,bbox,2,5.076710224151611,1.446348786354065,-255.81065344308212,0.24755859375,0.40966796875
airplane,293324,segm,0,4.942836761474609,1.4508569240570068,-284.17675744378744,0.2293701171875,0.42919921875
airplane,293324,segm,1,4.743918418884277,1.412995457649231,-262.9641880864706,0.157470703125,0.421142578125
airplane,293324,segm,2,4.858176708221436,1.4760074615478516,-318.0694024203767,0.228759765625,0.42919921875
airplane,571857,bbox,0,5.471660137176514,1.5750000476837158,-545.5288181416827,0.108642578125,0.309814453125
airplane,571857,bbox,1,5.407662868499756,1.5613676309585571,-584.3992117548664,0.026611328125,0.249267578125
airplane,571857,bbox,2,5.524777412414551,1.6427695751190186,-672.2464949212845,0.064208984375,0.264404296875
airplane,571857,segm,0,5.279679775238037,1.6422300338745115,-646.25515287507,0.0950927734375,0.255859375
airplane,571857,segm,1,5.275899410247803,1.5518285036087036,-746.8777234536876,0.0064010620117187,0.2303466796875
airplane,571857,segm,2,5.320239067077637,1.527258038520813,-740.7807356007856,0.0213623046875,0.2802734375
airplane,217060,bbox,0,4.369439125061035,1.5692483186721802,-397.5922062762384,0.29052734375,0.4140625
airplane,217060,bbox,1,4.493354797363281,1.570333480834961,-493.7011759570123,0.335693359375,0.41259765625
airplane,217060,bbox,2,4.602883338928223,1.6156002283096311,-365.790840712506,0.360107421875,0.436279296875
airplane,217060,segm,0,4.462607383728027,1.5770158767700195,-401.4779518256619,0.1702880859375,0.32861328125
airplane,217060,segm,1,4.841726779937744,1.5433107614517212,-472.012980136893,0.1990966796875,0.37744140625
airplane,217060,segm,2,4.718542098999023,1.531781554222107,-552.3580420411181,0.25537109375,0.377685546875
airplane,135673,bbox,0,4.266073703765869,1.5933101177215576,-397.31930282712574,0.09295654296875,0.3349609375
airplane,135673,bbox,1,4.47648286819458,1.560688614845276,-341.69037099356046,0.296630859375,0.436767578125
airplane,135673,bbox,2,4.461675643920898,1.5382962226867676,-249.7387154198757,0.2352294921875,0.401611328125
airplane,135673,segm,0,3.910081148147583,1.500048041343689,-410.2889399749952,0.28564453125,0.4091796875
airplane,135673,segm,1,4.245145320892334,1.5659226179122925,-326.8568659705352,0.308837890625,0.420654296875
airplane,135673,segm,2,3.9201600551605225,1.5087292194366455,-323.50061014658377,0.1552734375,0.379150390625
bear,318080,bbox,0,5.85217809677124,1.2849735021591189,-410.2636263423442,0.22119140625,0.393310546875
bear,318080,bbox,1,6.071260452270508,1.2419912815093994,-194.83625099555456,0.2371826171875,0.389892578125
bear,318080,bbox,2,6.096813201904297,1.2476218938827517,-460.7456194659899,0.28173828125,0.408203125
bear,318080,segm,0,5.86967658996582,1.20089852809906,-427.690037995334,0.2430419921875,0.37548828125
bear,318080,segm,1,5.941768646240234,1.292978286743164,-337.7284185641874,0.234619140625,0.381103515625
bear,318080,segm,2,6.001804351806641,1.281569242477417,-396.8299834448585,0.23583984375,0.39306640625
bear,560266,bbox,0,6.094032764434815,1.2029399871826172,-340.3259848069156,0.2176513671875,0.395263671875
bear,560266,bbox,1,6.125152587890625,1.2053056955337524,-411.3109638166,0.1839599609375,0.410400390625
bear,560266,bbox,2,5.963357448577881,1.291359305381775,-216.6155358290075,0.1405029296875,0.3916015625
bear,560266,segm,0,5.984858512878418,1.251944065093994,-428.4691747612983,0.1513671875,0.40478515625
bear,560266,segm,1,6.085692882537842,1.2433916330337524,-206.41820750447005,0.142333984375,0.401611328125
bear,560266,segm,2,6.057907581329346,1.268504977226257,-291.01967686820285,0.1470947265625,0.3916015625
bear,312586,bbox,0,5.357849597930908,1.2490187883377075,-9.815185237692718,0.0894775390625,0.344482421875
bear,312586,bbox,1,5.441218852996826,1.1993238925933838,-69.57882623153044,0.1497802734375,0.358154296875
bear,312586,bbox,2,5.366565704345703,1.2693275213241575,-191.4948715990513,0.346435546875,0.384521484375
bear,312586,segm,0,5.0569939613342285,1.3092728853225708,8.206890611341363,0.1431884765625,0.349609375
bear,312586,segm,1,5.144778251647949,1.2963882684707642,-216.33079924592607,0.353515625,0.391845703125
bear,312586,segm,2,5.141333103179932,1.3323140144348145,-212.4155409334603,0.40625,0.38623046875
bear,521231,bbox,0,6.001272678375244,1.321123719215393,-92.29365718274764,0.408447265625,0.361328125
bear,521231,bbox,1,6.4035234451293945,1.2183208465576172,-72.56304440640223,0.39208984375,0.365966796875
bear,521231,bbox,2,5.908292293548584,1.6144872903823853,-924.021180936641,0.0863037109375,0.2509765625
bear,521231,segm,0,6.24555778503418,1.267238974571228,-118.09331883872072,0.389404296875,0.354248046875
bear,521231,segm,1,6.363724231719971,1.2385878562927246,-152.49598991206312,0.41796875,0.36083984375
bear,521231,segm,2,6.415934085845947,1.260921597480774,-74.71107512522825,0.427978515625,0.361572265625
bear,308753,bbox,0,5.750314712524414,1.4249582290649414,-197.39507095044905,0.362548828125,0.356201171875
bear,308753,bbox,1,5.332925319671631,1.4633554220199585,-447.3440307960777,0.3369140625,0.367431640625
bear,308753,bbox,2,5.368762016296387,1.4907422065734863,-206.79205171940143,0.447021484375,0.396240234375
bear,308753,segm,0,5.7296319007873535,1.5007076263427734,-260.1297138175569,0.135986328125,0.30615234375
bear,308753,segm,1,5.5757269859313965,1.4889321327209473,-337.6939395248446,0.348876953125,0.369140625
bear,308753,segm,2,5.44180965423584,1.556556224822998,-302.26433452206896,0.346435546875,0.354736328125
bear,20247,bbox,0,6.261347770690918,1.1425966024398804,-123.32723891005617,0.454345703125,0.411376953125
bear,20247,bbox,1,6.4867987632751465,1.2262024879455566,-218.39326698018567,0.437744140625,0.4111328125
bear,20247,bbox,2,6.306469440460205,1.2281931638717651,-64.1618544681878,0.478271484375,0.41943359375
bear,20247,segm,0,6.314764976501465,1.274567484855652,-98.39570630816478,0.495849609375,0.427490234375
bear,20247,segm,1,6.4832682609558105,1.3029568195343018,-103.0741067660317,0.48095703125,0.423095703125
bear,20247,segm,2,6.24759578704834,1.2755793333053589,-167.78428917481824,0.482177734375,0.425537109375
bear,471450,bbox,0,5.172492027282715,1.3582277297973633,-80.37103809245171,0.49853515625,0.385009765625
bear,471450,bbox,1,4.887351989746094,1.3699724674224854,-460.96444158575787,0.370361328125,0.330078125
bear,471450,bbox,2,4.894782066345215,1.3416706323623655,-46.93789933930928,0.4931640625,0.374267578125
bear,471450,segm,0,5.122885704040527,1.3652557134628296,-511.7940226313119,0.09869384765625,0.279296875
bear,471450,segm,1,4.951648712158203,1.3877930641174316,-582.1662175802712,0.184326171875,0.288330078125
bear,471450,segm,2,4.826633930206299,1.3726407289505005,-121.90362167787951,0.439208984375,0.359619140625
bear,104603,bbox,0,5.069667816162109,1.3583273887634275,-165.0129108320607,0.432373046875,0.37548828125
bear,104603,bbox,1,5.072799205780029,1.2997485399246216,-240.18744550363863,0.433349609375,0.37646484375
bear,104603,bbox,2,5.1088032722473145,1.2686543464660645,-127.84696307178636,0.467041015625,0.406494140625
bear,104603,segm,0,4.928706645965576,1.3713616132736206,-103.90883816519704,0.436767578125,0.37890625
bear,104603,segm,1,4.888255596160889,1.4111977815628052,-255.50494946522892,0.44482421875,0.369384765625
bear,104603,segm,2,4.850131988525391,1.3645055294036863,-87.90688346989963,0.41162109375,0.390625
bear,203546,bbox,0,6.243489265441895,1.2013894319534302,-245.56986335043305,0.36474609375,0.397705078125
bear,203546,bbox,1,5.787685394287109,1.426369547843933,-102.04300583698068,0.373046875,0.401123046875
bear,203546,bbox,2,6.06427001953125,1.3352893590927124,-351.3560199888657,0.318359375,0.404296875
bear,203546,segm,0,6.036693572998047,1.2045419216156006,-168.08611980342494,0.37939453125,0.3916015625
bear,203546,segm,1,5.6154465675354,1.3810083866119385,-40.79919042093341,0.34912109375,0.392578125
bear,203546,segm,2,5.722216606140137,1.2026904821395874,-155.9759251356536,0.316162109375,0.393798828125
bear,79144,bbox,0,5.111052513122559,1.3723417520523071,62.4828010809314,0.322021484375,0.3759765625
bear,79144,bbox,1,5.174736499786377,1.3629827499389648,-95.9704265563473,0.1622314453125,0.351806640625
bear,79144,bbox,2,5.254944324493408,1.330590009689331,0.3245712822303077,0.1903076171875,0.350830078125
bear,79144,segm,0,5.424440860748291,1.328661561012268,-114.97710848776433,0.1661376953125,0.33154296875
bear,79144,segm,1,5.314307689666748,1.3587955236434937,-38.178947231784136,0.1658935546875,0.336181640625
bear,79144,segm,2,5.281765937805176,1.3358546495437622,-33.67394281300061,0.1585693359375,0.33447265625
bear,71756,bbox,0,6.072226047515869,1.4353694915771484,-334.76562110654845,0.30029296875,0.367919921875
bear,71756,bbox,1,6.093417644500732,1.4547414779663086,-415.7457852092885,0.327880859375,0.3779296875
bear,71756,bbox,2,6.15994930267334,1.3993433713912964,-160.9917754606181,0.27294921875,0.37451171875
bear,71756,segm,0,6.024641513824463,1.4087347984313965,-441.001844929418,0.374755859375,0.374267578125
bear,71756,segm,1,6.020500183105469,1.4168461561203003,-521.9233300882315,0.372802734375,0.386474609375
bear,71756,segm,2,6.155150413513184,1.4221937656402588,-211.60611507426572,0.218994140625,0.363037109375
bear,573391,bbox,0,4.208708763122559,1.5261218547821045,-312.13818253895204,0.409423828125,0.38916015625
bear,573391,bbox,1,4.143889427185059,1.54157555103302,-324.50872616376853,0.379638671875,0.372314453125
bear,573391,bbox,2,4.032101154327393,1.474536657333374,-375.2179718654857,0.417724609375,0.402587890625
bear,573391,segm,0,4.249022483825684,1.419628620147705,-481.5504293708536,0.43994140625,0.364013671875
bear,573391,segm,1,4.2536444664001465,1.4218319654464722,-434.67314011951566,0.50048828125,0.3837890625
bear,573391,segm,2,4.1654582023620605,1.399508357048035,-451.8757362225342,0.473876953125,0.363525390625
bear,217948,bbox,0,6.041965484619141,1.32767915725708,-364.8722181854214,0.386474609375,0.398681640625
bear,217948,bbox,1,5.922513484954834,1.3543206453323364,-340.46079126870444,0.27490234375,0.37646484375
bear,217948,bbox,2,5.859762668609619,1.313503980636597,-422.7295853598735,0.33349609375,0.400634765625
bear,217948,segm,0,6.02490758895874,1.315587043762207,-479.68815981363537,0.404296875,0.39599609375
bear,217948,segm,1,5.937247753143311,1.3790472745895386,-413.8551249400375,0.346435546875,0.38818359375
bear,217948,segm,2,5.967594623565674,1.32868492603302,-268.6177240862812,0.3916015625,0.406494140625
bear,453981,bbox,0,5.698654651641846,1.3564395904541016,-75.26347458092094,0.09698486328125,0.3583984375
bear,453981,bbox,1,6.147926330566406,1.4152827262878418,5.539742311152748,0.17431640625,0.375732421875
bear,453981,bbox,2,6.184288024902344,1.396320104598999,-7.132459873065715,0.15966796875,0.3642578125
bear,453981,segm,0,5.6988725662231445,1.4329959154129028,-63.93199387490402,0.1473388671875,0.34619140625
bear,453981,segm,1,5.582555294036865,1.3844516277313232,-18.722848358279848,0.192626953125,0.348388671875
bear,453981,segm,2,5.551290035247803,1.4097862243652344,-54.59182104534169,0.1746826171875,0.352294921875
bear,572517,bbox,0,5.849950790405273,1.245510220527649,-70.7770580033857,0.34521484375,0.382080078125
bear,572517,bbox,1,5.792494773864746,1.1664835214614868,-52.00378565131085,0.3857421875,0.375732421875
bear,572517,bbox,2,6.026118755340576,1.301762342453003,-92.14851969517689,0.398193359375,0.383544921875
bear,572517,segm,0,5.691594123840332,1.2340232133865356,-9.13157662991806,0.394287109375,0.389892578125
bear,572517,segm,1,5.784703731536865,1.1930873394012451,-20.726492673481506,0.37451171875,0.389892578125
bear,572517,segm,2,5.976430892944336,1.2114399671554563,-66.47082409157973,0.3623046875,0.3828125
bear,85478,bbox,0,5.989805221557617,1.3786358833312988,-273.60475785309825,0.18896484375,0.365478515625
bear,85478,bbox,1,5.992498874664307,1.3880615234375,-206.53635234089347,0.258056640625,0.396728515625
bear,85478,bbox,2,5.908292293548584,1.6144872903823853,-924.021180936641,0.0863037109375,0.2509765625
bear,85478,segm,0,6.235907554626465,1.336371660232544,-49.81747045518931,0.2230224609375,0.37353515625
bear,85478,segm,1,5.803930759429932,1.389479160308838,-101.6662899443122,0.26220703125,0.3779296875
bear,85478,segm,2,5.932476043701172,1.3667134046554563,-191.68038031992208,0.1485595703125,0.358642578125
bear,173033,bbox,0,5.502458572387695,1.5482410192489624,-69.11348036888374,0.312255859375,0.3564453125
bear,173033,bbox,1,5.391458988189697,1.496395230293274,-56.93106691980505,0.3125,0.390380859375
bear,173033,bbox,2,5.1706223487854,1.5823132991790771,-244.8125384098753,0.290771484375,0.371826171875
bear,173033,segm,0,5.391455173492432,1.5188379287719729,-70.69164599929262,0.3291015625,0.373779296875
bear,173033,segm,1,5.161271095275879,1.4549708366394043,-92.49532183057612,0.2646484375,0.375732421875
bear,173033,segm,2,5.401763439178467,1.482744812965393,-148.8214744489087,0.37060546875,0.395263671875
bear,461036,bbox,0,5.345295906066895,1.419767141342163,-277.231246914748,0.298095703125,0.340576171875
bear,461036,bbox,1,5.419051170349121,1.3687576055526731,7.136497175047124,0.5087890625,0.393310546875
bear,461036,bbox,2,5.257412433624268,1.4659169912338257,-262.97406728311233,0.197021484375,0.32666015625
bear,461036,segm,0,5.21754789352417,1.3915657997131348,-366.1161946458863,0.41064453125,0.376708984375
bear,461036,segm,1,5.172031879425049,1.3782188892364502,-323.8034416728988,0.32421875,0.3525390625
bear,461036,segm,2,5.130825042724609,1.3517744541168213,-297.39222998507495,0.365966796875,0.365478515625
bear,431727,bbox,0,5.098415851593018,1.3770592212677002,-569.8477933567283,0.25634765625,0.322998046875
bear,431727,bbox,1,4.974133014678955,1.419909954071045,-555.1615261465586,0.240234375,0.345947265625
bear,431727,bbox,2,4.912588596343994,1.3794845342636108,-461.7315826867944,0.284423828125,0.342529296875
bear,431727,segm,0,4.847833633422852,1.326067566871643,-337.82405041036964,0.24072265625,0.333984375
bear,431727,segm,1,4.856567859649658,1.3290029764175415,-632.0602249691783,0.1751708984375,0.33984375
bear,431727,segm,2,4.779770374298096,1.320156455039978,-395.9132575298263,0.1947021484375,0.343017578125
bear,165500,bbox,0,4.930275917053223,1.406225085258484,-370.9386386093324,0.386474609375,0.3642578125
bear,165500,bbox,1,4.787554264068604,1.3820420503616333,-425.85521005149394,0.059417724609375,0.25732421875
bear,165500,bbox,2,4.674826622009277,1.4347068071365356,-422.15261829961673,0.16064453125,0.303466796875
bear,165500,segm,0,4.681432247161865,1.413833498954773,-420.4808069061901,0.316650390625,0.354248046875
bear,165500,segm,1,4.794329643249512,1.530327558517456,-357.0214212177457,0.302734375,0.356201171875
bear,165500,segm,2,4.813113212585449,1.442334771156311,-437.5061811885316,0.2529296875,0.3349609375
elephant,157213,bbox,0,5.258652687072754,1.3200141191482544,-266.2927284651728,0.29833984375,0.4052734375
elephant,157213,bbox,1,5.22208309173584,1.3368422985076904,-335.02093010341537,0.1627197265625,0.375244140625
elephant,157213,bbox,2,5.470070838928223,1.3451956510543823,-260.3918307575566,0.259521484375,0.4345703125
elephant,157213,segm,0,5.454649925231934,1.303558111190796,-226.43382802563156,0.306640625,0.4501953125
elephant,157213,segm,1,5.460066318511963,1.263505935668945,-252.4719100087586,0.314453125,0.452880859375
elephant,157213,segm,2,5.38488245010376,1.2367868423461914,-232.8594733348061,0.264892578125,0.454833984375
elephant,259625,bbox,0,5.534663200378418,1.360649347305298,-264.24643601315006,0.2210693359375,0.436279296875
elephant,259625,bbox,1,5.9142584800720215,1.3573403358459473,-334.39432281804875,0.269775390625,0.420654296875
elephant,259625,bbox,2,5.907125949859619,1.3570778369903564,-190.6274244704227,0.21923828125,0.417236328125
elephant,259625,segm,0,5.610154628753662,1.3119205236434937,-285.0835136277674,0.2381591796875,0.406982421875
elephant,259625,segm,1,5.483475685119629,1.3909893035888672,-289.7129063762445,0.2401123046875,0.417236328125
elephant,259625,segm,2,5.452012062072754,1.3288551568984983,-292.27085149370964,0.2529296875,0.412109375
elephant,474170,bbox,0,5.390006065368652,1.4369285106658936,-427.5189426034499,0.207275390625,0.39404296875
elephant,474170,bbox,1,5.908292293548584,1.6144872903823853,-924.021180936641,0.049072265625,0.294189453125
elephant,474170,bbox,2,5.4881672859191895,1.4534199237823486,-395.2978252239161,0.058929443359375,0.3583984375
elephant,474170,segm,0,5.740508556365967,1.4466009140014648,-361.81320591893655,0.134033203125,0.353759765625
elephant,474170,segm,1,5.908292293548584,1.6144872903823853,-924.021180936641,0.049072265625,0.294189453125
elephant,474170,segm,2,5.511082649230957,1.430084466934204,-345.06085088532654,0.13232421875,0.35595703125
elephant,414795,bbox,0,5.881549835205078,1.392499327659607,-327.4886730688484,0.11883544921875,0.42138671875
elephant,414795,bbox,1,5.991944789886475,1.439625859260559,-289.7213383145422,0.139892578125,0.416259765625
elephant,414795,bbox,2,6.057865142822266,1.3375842571258545,-361.031320023573,0.1314697265625,0.415771484375
elephant,414795,segm,0,5.559595108032227,1.3349491357803345,-303.8351441446514,0.047393798828125,0.403564453125
elephant,414795,segm,1,5.46462869644165,1.3773850202560425,-281.73208844753094,0.06402587890625,0.39990234375
elephant,414795,segm,2,5.61908483505249,1.366247534751892,-273.3797602119744,0.0633544921875,0.405029296875
elephant,94852,bbox,0,5.908292293548584,1.6144872903823853,-924.021180936641,0.049072265625,0.294189453125
elephant,94852,bbox,1,5.908292293548584,1.6144872903823853,-924.021180936641,0.049072265625,0.294189453125
elephant,94852,bbox,2,6.12048864364624,1.326391577720642,-404.6409187967236,0.09783935546875,0.390625
elephant,94852,segm,0,5.738128185272217,1.328492283821106,-402.7742533876335,0.09503173828125,0.399169921875
elephant,94852,segm,1,5.908292293548584,1.6144872903823853,-924.021180936641,0.049072265625,0.294189453125
elephant,94852,segm,2,5.627791881561279,1.2989652156829834,-344.78770464447894,0.09136962890625,0.38916015625
elephant,245915,bbox,0,5.042421817779541,1.4364399909973145,-244.9335395775315,0.09259033203125,0.382080078125
elephant,245915,bbox,1,4.94344425201416,1.4377068281173706,-385.31965632898937,0.0738525390625,0.35888671875
elephant,245915,bbox,2,5.01491641998291,1.4451838731765747,-269.0732962182776,0.049591064453125,0.346435546875
elephant,245915,segm,0,5.056577682495117,1.464409589767456,-320.5299535395029,0.105224609375,0.344970703125
elephant,245915,segm,1,5.104791641235352,1.4201499223709106,-352.9081641241692,0.11016845703125,0.348876953125
elephant,245915,segm,2,4.984154224395752,1.4520331621170044,-248.36238118066575,0.0654296875,0.329345703125
elephant,83113,bbox,0,5.377458095550537,1.2596396207809448,-289.55612952445153,0.2685546875,0.423828125
elephant,83113,bbox,1,5.103171825408936,1.3436967134475708,-321.9726068698999,0.33154296875,0.436279296875
elephant,83113,bbox,2,5.323600769042969,1.2767478227615356,-353.0826366053943,0.28271484375,0.413330078125
elephant,83113,segm,0,5.290439128875732,1.207541584968567,-458.8248394126053,0.253662109375,0.43017578125
elephant,83113,segm,1,5.34260368347168,1.30582857131958,-409.1432013721599,0.260498046875,0.4248046875
elephant,83113,segm,2,5.3070878982543945,1.2840516567230225,-390.0234374096717,0.26953125,0.437255859375
elephant,263860,bbox,0,6.4720330238342285,1.3028779029846191,-270.87351432816035,0.2548828125,0.4423828125
elephant,263860,bbox,1,6.352648735046387,1.4343578815460205,-298.5569734900844,0.1865234375,0.4296875
elephant,263860,bbox,2,6.275237560272217,1.399577021598816,-313.15060118522433,0.130126953125,0.436767578125
elephant,263860,segm,0,6.29539155960083,1.3542765378952026,-285.64282999675925,0.257568359375,0.4267578125
elephant,263860,segm,1,6.360927104949951,1.3969871997833252,-215.72865278626816,0.19189453125,0.44287109375
elephant,263860,segm,2,6.297849655151367,1.4303653240203855,-300.79974729152786,0.12164306640625,0.418212890625
elephant,389316,bbox,0,6.745129585266113,1.279707670211792,-229.59094125196688,0.154296875,0.3828125
elephant,389316,bbox,1,6.662788391113281,1.2847073078155518,-246.70786512135572,0.11859130859375,0.3876953125
elephant,389316,bbox,2,6.493002414703369,1.267810940742493,-320.88272830402093,0.2242431640625,0.427978515625
elephant,389316,segm,0,6.537008285522461,1.3264949321746826,-281.7661400679831,0.219970703125,0.4052734375
elephant,389316,segm,1,6.535347938537598,1.2819322347640991,-257.0432469324903,0.2265625,0.424072265625
elephant,389316,segm,2,6.370612621307373,1.3135676383972168,-282.1179376624059,0.240966796875,0.428466796875
elephant,556765,bbox,0,6.330624580383301,1.2925336360931396,-304.59287154929393,0.1397705078125,0.43505859375
elephant,556765,bbox,1,6.222700119018555,1.358877420425415,-396.4078061033752,0.12042236328125,0.4365234375
elephant,556765,bbox,2,5.908254146575928,1.3604856729507446,-301.8269337736274,0.1463623046875,0.42041015625
elephant,556765,segm,0,6.322057247161865,1.2781933546066284,-317.78411119555767,0.1407470703125,0.428466796875
elephant,556765,segm,1,6.424724578857422,1.2906548976898191,-312.81143325316043,0.1295166015625,0.4375
elephant,556765,segm,2,6.329329013824463,1.2746751308441162,-358.8686791574928,0.159423828125,0.435546875
elephant,433374,bbox,0,5.29224967956543,1.3287887573242188,-253.9637974708721,0.0726318359375,0.349365234375
elephant,433374,bbox,1,5.026272773742676,1.3446472883224487,-297.303810064916,0.0240936279296875,0.287841796875
elephant,433374,bbox,2,5.274168014526367,1.4020527601242063,-229.5657350909368,0.058197021484375,0.34033203125
elephant,433374,segm,0,5.337767601013184,1.3807388544082642,-240.3438672160812,0.058441162109375,0.335693359375
elephant,433374,segm,1,5.0984063148498535,1.3892475366592407,-259.5200055856,0.036529541015625,0.2900390625
elephant,433374,segm,2,5.320647239685059,1.3405340909957886,-199.9445357316692,0.07080078125,0.32861328125
elephant,493284,bbox,0,6.03594446182251,1.3680508136749268,-276.3468923156238,0.25830078125,0.408935546875
elephant,493284,bbox,1,6.282577037811279,1.366344332695007,-340.9543409588498,0.2529296875,0.3955078125
elephant,493284,bbox,2,6.114207267761231,1.3470945358276367,-299.0722664391073,0.282958984375,0.403564453125
elephant,493284,segm,0,5.809058666229248,1.4361190795898438,-239.8279055278581,0.31884765625,0.3974609375
elephant,493284,segm,1,5.866316795349121,1.4024662971496582,-252.99025719879407,0.31005859375,0.400146484375
elephant,493284,segm,2,6.051080703735352,1.4203569889068604,-213.02451057322543,0.33251953125,0.400390625
elephant,320743,bbox,0,5.908292293548584,1.6144872903823853,-924.021180936641,0.049072265625,0.294189453125
elephant,320743,bbox,1,6.29203987121582,1.3911874294281006,-384.894786905792,0.1517333984375,0.410400390625
elephant,320743,bbox,2,5.908292293548584,1.6144872903823853,-924.021180936641,0.049072265625,0.294189453125
elephant,320743,segm,0,5.908292293548584,1.6144872903823853,-924.021180936641,0.049072265625,0.294189453125
elephant,320743,segm,1,6.478105068206787,1.3127609491348269,-340.39541029906513,0.2125244140625,0.405029296875
elephant,320743,segm,2,6.481064796447754,1.336065411567688,-432.4391271410552,0.1727294921875,0.4052734375
elephant,162543,bbox,0,5.244543075561523,1.3797204494476318,-305.3491125054036,0.053955078125,0.34375
elephant,162543,bbox,1,5.362431526184082,1.403485894203186,-353.263905961222,0.09259033203125,0.35400390625
elephant,162543,bbox,2,5.366352081298828,1.4018443822860718,-372.3716098163632,0.109619140625,0.345703125
elephant,162543,segm,0,5.097126007080078,1.4089254140853882,-263.0995997554824,0.1474609375,0.363037109375
elephant,162543,segm,1,5.0239033699035645,1.4411460161209106,-356.4773207119051,0.039154052734375,0.320068359375
elephant,162543,segm,2,5.173527717590332,1.337369680404663,-354.52767009493414,0.2125244140625,0.38134765625
elephant,126216,bbox,0,5.498365879058838,1.362367033958435,-420.58712313623823,0.295654296875,0.40087890625
elephant,126216,bbox,1,5.596249103546143,1.380878448486328,-375.7518744577501,0.137939453125,0.35009765625
elephant,126216,bbox,2,5.337218284606934,1.3181668519973757,-292.9203606074134,0.2147216796875,0.381103515625
elephant,126216,segm,0,5.211889266967773,1.250407099723816,-349.2304137362339,0.002023696899414,0.310546875
elephant,126216,segm,1,5.332951545715332,1.2954230308532717,-335.09965139653923,0.0018062591552734,0.30029296875
elephant,126216,segm,2,5.3646321296691895,1.322563648223877,-318.1209225421949,0.07177734375,0.354736328125
elephant,166664,bbox,0,6.117424488067627,1.290538311004639,-237.0616955087769,0.155029296875,0.461181640625
elephant,166664,bbox,1,6.013454437255859,1.2622607946395874,-283.0672412840613,0.13037109375,0.39208984375
elephant,166664,bbox,2,6.43596887588501,1.267805576324463,-310.5604501016767,0.18310546875,0.439208984375
elephant,166664,segm,0,6.139299392700195,1.2427072525024414,-288.4398354697189,0.216064453125,0.4482421875
elephant,166664,segm,1,6.11298418045044,1.283112645149231,-294.3741056089193,0.1514892578125,0.399658203125
elephant,166664,segm,2,6.131130695343018,1.2108434438705444,-218.41626033472195,0.18603515625,0.453125
elephant,286994,bbox,0,5.53029203414917,1.3225005865097046,-384.5939859041264,0.156005859375,0.42236328125
elephant,286994,bbox,1,5.641750812530518,1.3752381801605225,-399.4572976156469,0.132568359375,0.432373046875
elephant,286994,bbox,2,5.564543724060059,1.3707083463668823,-318.5942754433649,0.1546630859375,0.43310546875
elephant,286994,segm,0,5.354879379272461,1.3342489004135132,-350.03673293241536,0.1572265625,0.410888671875
elephant,286994,segm,1,5.4149699211120605,1.3945043087005615,-301.1630346986521,0.1416015625,0.41162109375
elephant,286994,segm,2,5.582933902740479,1.4168765544891355,-375.00031243545664,0.1539306640625,0.4150390625
elephant,465180,bbox,0,5.962802410125732,1.3446885347366333,-559.0868200226087,0.1295166015625,0.375732421875
elephant,465180,bbox,1,6.087595939636231,1.3853797912597656,-543.3580043857835,0.04693603515625,0.3642578125
elephant,465180,bbox,2,6.096530437469482,1.3417261838912964,-418.2872649688327,0.0625,0.384765625
elephant,465180,segm,0,6.160272598266602,1.3038957118988037,-591.785262170969,0.100341796875,0.375244140625
elephant,465180,segm,1,6.251005172729492,1.281354904174805,-636.9456952958672,0.071044921875,0.3349609375
elephant,465180,segm,2,6.275028705596924,1.3176735639572144,-330.70111238323693,0.0819091796875,0.368896484375
elephant,286503,bbox,0,5.908292293548584,1.6144872903823853,-924.021180936641,0.049072265625,0.294189453125
elephant,286503,bbox,1,6.001115322113037,1.316980481147766,-385.32940035934826,0.25537109375,0.427490234375
elephant,286503,bbox,2,5.914620399475098,1.3723738193511963,-252.9692987272581,0.2548828125,0.42041015625
elephant,286503,segm,0,5.908292293548584,1.6144872903823853,-924.021180936641,0.049072265625,0.294189453125
elephant,286503,segm,1,5.55948543548584,1.3466800451278689,-397.6816651003062,0.18505859375,0.416259765625
elephant,286503,segm,2,5.621557235717773,1.329060673713684,-245.541949940924,0.270263671875,0.418701171875
elephant,445248,bbox,0,5.908292293548584,1.6144872903823853,-924.021180936641,0.049072265625,0.294189453125
elephant,445248,bbox,1,5.908292293548584,1.6144872903823853,-924.021180936641,0.049072265625,0.294189453125
elephant,445248,bbox,2,5.908292293548584,1.6144872903823853,-924.021180936641,0.049072265625,0.294189453125
elephant,445248,segm,0,5.908292293548584,1.6144872903823853,-924.021180936641,0.049072265625,0.294189453125
elephant,445248,segm,1,5.908292293548584,1.6144872903823853,-924.021180936641,0.049072265625,0.294189453125
elephant,445248,segm,2,5.908292293548584,1.6144872903823853,-924.021180936641,0.049072265625,0.294189453125
elephant,368961,bbox,0,5.601551055908203,1.3778640031814575,-327.6212284454914,0.089111328125,0.38427734375
elephant,368961,bbox,1,5.908292293548584,1.6144872903823853,-924.021180936641,0.049072265625,0.294189453125
elephant,368961,bbox,2,5.908292293548584,1.6144872903823853,-924.021180936641,0.049072265625,0.294189453125
elephant,368961,segm,0,5.395223140716553,1.426548957824707,-398.8337890003513,0.1256103515625,0.4052734375
elephant,368961,segm,1,5.495710849761963,1.4142636060714722,-412.8136613406641,0.1348876953125,0.4091796875
elephant,368961,segm,2,5.429116725921631,1.3860477209091189,-269.8277327100677,0.1893310546875,0.40087890625
elephant,107851,bbox,0,5.120964050292969,1.430922508239746,-541.7970075741428,0.27490234375,0.408203125
elephant,107851,bbox,1,5.129565715789795,1.442289113998413,-357.4679810681464,0.2322998046875,0.40576171875
elephant,107851,bbox,2,5.334294319152832,1.4365204572677612,-454.1844834099506,0.230712890625,0.37548828125
elephant,107851,segm,0,5.035345554351807,1.4233180284500122,-391.7579800223675,0.074462890625,0.343017578125
elephant,107851,segm,1,5.149095058441162,1.4339991807937622,-313.71129015649626,0.0135574340820312,0.287353515625
elephant,107851,segm,2,5.174938201904297,1.3882817029953003,-353.7066014612988,0.05865478515625,0.349609375
elephant,24919,bbox,0,6.301393032073975,1.3181543350219729,-395.9399123898122,0.103271484375,0.384765625
elephant,24919,bbox,1,6.024542808532715,1.367357611656189,-355.8417570858421,0.1036376953125,0.40966796875
elephant,24919,bbox,2,6.200276851654053,1.3239428997039795,-262.51830286783024,0.07989501953125,0.3984375
elephant,24919,segm,0,5.837904930114746,1.297656774520874,-438.3512383608968,0.12548828125,0.388916015625
elephant,24919,segm,1,5.8398518562316895,1.348707914352417,-447.6107566673222,0.0970458984375,0.406005859375
elephant,24919,segm,2,5.889846324920654,1.3320293426513672,-331.64996805073133,0.12432861328125,0.405517578125
elephant,119641,bbox,0,5.009945392608643,1.4258085489273071,-413.6718119779816,0.1790771484375,0.37109375
elephant,119641,bbox,1,5.265866756439209,1.3848161697387695,-339.8703592532602,0.20556640625,0.41943359375
elephant,119641,bbox,2,5.021815776824951,1.4068149328231812,-463.0996407183411,0.2044677734375,0.400634765625
elephant,119641,segm,0,5.043735980987549,1.3648589849472046,-368.7290711463161,0.11474609375,0.37744140625
elephant,119641,segm,1,5.262005805969238,1.35204017162323,-280.2528482846524,0.1605224609375,0.420654296875
elephant,119641,segm,2,5.207361698150635,1.3544727563858032,-397.50864809760446,0.2254638671875,0.42333984375
elephant,53624,bbox,0,6.08258581161499,1.2797510623931885,-310.7002069513392,0.13427734375,0.3994140625
elephant,53624,bbox,1,6.10313081741333,1.3202406167984009,-340.5662076381377,0.18701171875,0.404296875
elephant,53624,bbox,2,5.8335700035095215,1.3253096342086792,-278.3319282430109,0.16162109375,0.42138671875
elephant,53624,segm,0,5.831361770629883,1.3512403964996338,-212.4201929685396,0.08685302734375,0.394287109375
elephant,53624,segm,1,5.90825080871582,1.3368897438049316,-276.0140236154771,0.141357421875,0.4169921875
elephant,53624,segm,2,5.826056957244873,1.3549312353134155,-267.3698250252005,0.1531982421875,0.421142578125
elephant,565624,bbox,0,6.480386257171631,1.226361632347107,-244.1690009799281,0.252197265625,0.415283203125
elephant,565624,bbox,1,5.908292293548584,1.6144872903823853,-924.021180936641,0.049072265625,0.294189453125
elephant,565624,bbox,2,6.672997951507568,1.2228800058364868,-218.8560527498921,0.2142333984375,0.401123046875
elephant,565624,segm,0,6.231165409088135,1.2755858898162842,-264.650172711112,0.2481689453125,0.417724609375
elephant,565624,segm,1,6.366298198699951,1.2913554906845093,-217.86582149749367,0.2529296875,0.416748046875
elephant,565624,segm,2,6.168933391571045,1.3194200992584229,-232.31708389452797,0.2529296875,0.41259765625
elephant,48504,bbox,0,6.193519592285156,1.2949035167694092,-262.80804816851446,0.1748046875,0.40185546875
elephant,48504,bbox,1,6.084522724151611,1.4428573846817017,-294.3413202038928,0.224853515625,0.39794921875
elephant,48504,bbox,2,5.908292293548584,1.6144872903823853,-924.021180936641,0.049072265625,0.294189453125
elephant,48504,segm,0,6.382807731628418,1.31386399269104,-317.0668740735739,0.1363525390625,0.367919921875
elephant,48504,segm,1,6.349833011627197,1.3906455039978027,-309.5374366651031,0.19677734375,0.376953125
elephant,48504,segm,2,5.908292293548584,1.6144872903823853,-924.021180936641,0.049072265625,0.294189453125
elephant,21903,bbox,0,5.603615760803223,1.3766427040100098,-268.39023121585296,0.287353515625,0.443603515625
elephant,21903,bbox,1,5.220016956329346,1.3844664096832275,-466.0575308407661,0.2015380859375,0.42578125
elephant,21903,bbox,2,5.663450241088867,1.409406065940857,-258.9338264644614,0.2144775390625,0.44775390625
elephant,21903,segm,0,5.496646881103516,1.3341872692108154,-248.37508393911955,0.215087890625,0.437255859375
elephant,21903,segm,1,5.23488712310791,1.3014572858810425,-297.1959918121729,0.2271728515625,0.436279296875
elephant,21903,segm,2,5.372471809387207,1.343787431716919,-268.910409158932,0.2393798828125,0.426025390625
elephant,80274,bbox,0,5.929670333862305,1.3680163621902466,-320.5233151193029,0.1278076171875,0.385498046875
elephant,80274,bbox,1,6.528213977813721,1.3282359838485718,-261.8123828739785,0.115234375,0.38232421875
elephant,80274,bbox,2,6.20325231552124,1.3680232763290403,-306.99324480664745,0.1123046875,0.3916015625
elephant,80274,segm,0,6.1194748878479,1.3299610614776611,-254.856277737093,0.12249755859375,0.4150390625
elephant,80274,segm,1,6.267251491546631,1.3033188581466677,-264.9344993094228,0.1124267578125,0.413330078125
elephant,80274,segm,2,6.251968860626221,1.3226882219314575,-349.4162398176177,0.1063232421875,0.400634765625
elephant,564133,bbox,0,5.275527477264404,1.4558109045028689,-341.6763361271867,0.09906005859375,0.3759765625
elephant,564133,bbox,1,5.13499116897583,1.4039548635482788,-362.7646152046427,0.1300048828125,0.38720703125
elephant,564133,bbox,2,5.029143810272217,1.495421290397644,-352.53389075000314,0.1004638671875,0.38916015625
elephant,564133,segm,0,5.490142822265625,1.4486161470413208,-396.918972139054,0.0946044921875,0.372802734375
elephant,564133,segm,1,5.149312496185303,1.431284785270691,-313.9512326492186,0.10528564453125,0.38330078125
elephant,564133,segm,2,5.115219593048096,1.5019038915634155,-334.0849022819025,0.215087890625,0.407470703125
elephant,293300,bbox,0,6.444293022155762,1.202510118484497,-411.97571808085786,0.157470703125,0.365234375
elephant,293300,bbox,1,6.691053867340088,1.1397210359573364,-457.42508057116993,0.0673828125,0.35498046875
elephant,293300,bbox,2,6.4727783203125,1.1915031671524048,-317.6057662863,0.1207275390625,0.356201171875
elephant,293300,segm,0,6.37217903137207,1.2217671871185305,-376.5460435221635,0.126708984375,0.375
elephant,293300,segm,1,6.010245800018311,1.267957329750061,-361.5684709463624,0.1435546875,0.389404296875
elephant,293300,segm,2,6.171462059020996,1.2073420286178589,-374.73776626282256,0.139892578125,0.375732421875
elephant,314294,bbox,0,5.779001712799072,1.3754403591156006,-392.1051447078676,0.309814453125,0.414306640625
elephant,314294,bbox,1,5.729187488555908,1.3699586391448977,-330.75201517896653,0.363037109375,0.419677734375
elephant,314294,bbox,2,5.469148635864258,1.398593187332153,-358.5389102391837,0.3291015625,0.434814453125
elephant,314294,segm,0,5.514433860778809,1.2850176095962524,-301.13118180414267,0.315673828125,0.427734375
elephant,314294,segm,1,5.529860496520996,1.3098762035369873,-337.9832899078665,0.34326171875,0.45654296875
elephant,314294,segm,2,5.143581867218018,1.308652400970459,-222.02521278371964,0.309814453125,0.43896484375
elephant,178618,bbox,0,5.353963851928711,1.4666088819503784,-438.0182476618493,0.30126953125,0.41259765625
elephant,178618,bbox,1,4.891041278839111,1.4896425008773804,-428.3512884367833,0.31982421875,0.404541015625
elephant,178618,bbox,2,5.090313911437988,1.4436029195785522,-376.476016161788,0.26806640625,0.391357421875
elephant,178618,segm,0,5.345791816711426,1.4671268463134766,-334.2661498221262,0.349609375,0.41162109375
elephant,178618,segm,1,5.315241813659668,1.469283938407898,-309.36776477125886,0.295654296875,0.4130859375
elephant,178618,segm,2,5.203171730041504,1.4818793535232544,-542.5961278989639,0.2802734375,0.4169921875
elephant,105923,bbox,0,5.908292293548584,1.6144872903823853,-924.021180936641,0.049072265625,0.294189453125
elephant,105923,bbox,1,5.908292293548584,1.6144872903823853,-924.021180936641,0.049072265625,0.294189453125
elephant,105923,bbox,2,6.265776634216309,1.3405094146728516,-313.7192442892624,0.39453125,0.388671875
elephant,105923,segm,0,5.908292293548584,1.6144872903823853,-924.021180936641,0.049072265625,0.294189453125
elephant,105923,segm,1,5.908292293548584,1.6144872903823853,-924.021180936641,0.049072265625,0.294189453125
elephant,105923,segm,2,6.267121315002441,1.283363938331604,-328.9254065356424,0.2122802734375,0.406005859375
elephant,97230,bbox,0,6.0551300048828125,1.342135667800903,-308.60262168004056,0.091064453125,0.3681640625
elephant,97230,bbox,1,6.307059288024902,1.258508563041687,-367.9225303292235,0.28125,0.426513671875
elephant,97230,bbox,2,6.132980346679688,1.3327949047088623,-340.03455710400453,0.253662109375,0.432373046875
elephant,97230,segm,0,6.245864391326904,1.291934847831726,-356.59229004738063,0.2802734375,0.421142578125
elephant,97230,segm,1,6.2530059814453125,1.2740508317947388,-387.87181143383054,0.15380859375,0.42578125
elephant,97230,segm,2,6.059406757354736,1.2727723121643066,-415.13425202853614,0.10186767578125,0.41162109375
hair drier,350002,bbox,0,4.548106670379639,1.4410239458084106,-311.1070315915849,0.1702880859375,0.3232421875
hair drier,350002,bbox,1,4.873169422149658,1.500551462173462,-413.3966552242989,0.71826171875,0.341064453125
hair drier,350002,bbox,2,4.815445899963379,1.4952995777130127,-313.0207570941193,0.343505859375,0.331298828125
hair drier,350002,segm,0,4.735418796539307,1.4838522672653198,-496.1860749114562,0.724609375,0.400390625
hair drier,350002,segm,1,4.980943202972412,1.4292258024215698,-424.22988475901457,0.37255859375,0.3125
hair drier,350002,segm,2,4.9724555015563965,1.534243941307068,-292.1084845443001,0.257568359375,0.326904296875
hair drier,569976,bbox,0,5.908292293548584,1.6144872903823853,-924.021180936641,0.151611328125,0.275146484375
hair drier,569976,bbox,1,5.6025214195251465,1.4675796031951904,-294.68824030460746,0.246337890625,0.32958984375
hair drier,569976,bbox,2,5.921075820922852,1.4838476181030271,-432.5146538473882,0.11798095703125,0.304443359375
hair drier,569976,segm,0,5.523787021636963,1.5359761714935305,-459.4992105838239,0.82080078125,0.376220703125
hair drier,569976,segm,1,5.6022796630859375,1.5087404251098633,-484.45733365644446,0.352783203125,0.3076171875
hair drier,569976,segm,2,5.679440975189209,1.502086162567139,-644.5308771995446,0.5556640625,0.3779296875
kite,357888,bbox,0,5.341303825378418,1.4383026361465454,-390.6552752979465,0.0015945434570312,0.191162109375
kite,357888,bbox,1,5.045350074768066,1.4904720783233645,-366.1801350443711,0.0005083084106445,0.1998291015625
kite,357888,bbox,2,5.065473556518555,1.4665160179138184,-378.76143159754906,0.0065498352050781,0.24609375
kite,357888,segm,0,5.1603312492370605,1.4517804384231567,-471.8686216167944,0.0005431175231933,0.2001953125
kite,357888,segm,1,5.046602725982666,1.4686663150787354,-475.87849342834215,0.0382080078125,0.252197265625
kite,357888,segm,2,5.063067436218262,1.484516978263855,-549.3306521309032,0.012969970703125,0.26416015625
kite,130586,bbox,0,4.318374156951904,1.2033215761184692,-161.14810654630784,0.365234375,0.36865234375
kite,130586,bbox,1,3.806941270828247,1.0666818618774414,-442.02631604697103,0.485595703125,0.396484375
kite,130586,bbox,2,4.239407062530518,1.159355878829956,-366.27235128506913,0.2266845703125,0.363525390625
kite,130586,segm,0,4.040414810180664,1.1602561473846436,-453.2675460401797,0.58203125,0.395751953125
kite,130586,segm,1,3.862637996673584,1.1645264625549316,-317.32729961463724,0.509765625,0.397216796875
kite,130586,segm,2,3.916623115539551,1.1234781742095947,-477.8565776757496,0.4658203125,0.400390625
kite,459809,bbox,0,4.684579849243164,1.6504439115524292,-600.7171469158645,0.10400390625,0.274169921875
kite,459809,bbox,1,5.022890567779541,1.5931217670440674,-777.9660607734368,0.256591796875,0.344970703125
kite,459809,bbox,2,5.445244312286377,1.4926986694335938,-280.02428168190227,0.170166015625,0.324951171875
kite,459809,segm,0,4.337436199188232,1.6240838766098022,-672.93285322973,0.1917724609375,0.253662109375
kite,459809,segm,1,4.5647735595703125,1.627238392829895,-709.7868467215262,0.08380126953125,0.2447509765625
kite,459809,segm,2,4.396857738494873,1.6355465650558472,-704.7137944630263,0.130859375,0.248291015625
kite,17959,bbox,0,5.392373561859131,1.5247329473495483,-644.5010433937084,0.443603515625,0.345947265625
kite,17959,bbox,1,5.908292293548584,1.6144872903823853,-924.021180936641,0.158935546875,0.251953125
kite,17959,bbox,2,5.417813777923584,1.6015965938568115,-536.8825220839553,0.5185546875,0.374267578125
kite,17959,segm,0,5.46533203125,1.5331501960754397,-609.4802548802334,0.476806640625,0.36474609375
kite,17959,segm,1,5.400786876678467,1.5775316953659058,-686.0514241944123,0.49951171875,0.365234375
kite,17959,segm,2,5.429818630218506,1.5785082578659058,-562.0316185832246,0.5107421875,0.378173828125
kite,181303,bbox,0,5.435988903045654,1.4320826530456543,-541.6734559449467,0.21923828125,0.375732421875
kite,181303,bbox,1,4.750887870788574,1.3516480922698977,-461.54866788559775,0.12481689453125,0.335693359375
kite,181303,bbox,2,5.430899620056152,1.4071499109268188,-298.1154411856719,0.250244140625,0.30712890625
kite,181303,segm,0,4.850661277770996,1.4145891666412354,-485.4175052808705,0.042724609375,0.27490234375
kite,181303,segm,1,5.00511646270752,1.4188390970230105,-557.9092505068907,0.1273193359375,0.304931640625
kite,181303,segm,2,5.285178184509277,1.4749139547348022,-510.9090424255537,0.224853515625,0.313232421875
kite,236599,bbox,0,3.946971654891968,1.3129595518112185,-548.2398686120891,0.08062744140625,0.30615234375
kite,236599,bbox,1,3.6484203338623047,1.2211192846298218,-513.6705689010423,0.1365966796875,0.297607421875
kite,236599,bbox,2,3.960897445678711,1.3157646656036377,-769.3473796758653,0.08953857421875,0.30859375
kite,236599,segm,0,3.903369665145874,1.26691997051239,-478.38614911090735,0.1937255859375,0.299072265625
kite,236599,segm,1,3.7079825401306152,1.2010880708694458,-607.1570993950668,0.06549072265625,0.25341796875
kite,236599,segm,2,3.912463665008545,1.3021162748336792,-587.7734058095625,0.06671142578125,0.302978515625
kite,7784,bbox,0,5.933518409729004,1.5646255016326904,-379.6716192648946,0.623046875,0.40185546875
kite,7784,bbox,1,5.632376670837402,1.560899019241333,-511.204582847447,0.52880859375,0.395751953125
kite,7784,bbox,2,6.162396430969238,1.4921257495880127,-232.51856997691516,0.62158203125,0.38671875
kite,7784,segm,0,5.7738871574401855,1.5060049295425415,-267.4873193018848,0.54638671875,0.389892578125
kite,7784,segm,1,5.726666450500488,1.5652674436569214,-267.79406751587453,0.55029296875,0.391845703125
kite,7784,segm,2,5.7270026206970215,1.50343918800354,-239.38721214033416,0.537109375,0.388916015625
kite,47740,bbox,0,5.351044654846191,1.4529149532318115,-654.9820577668183,0.0435791015625,0.2451171875
kite,47740,bbox,1,5.475632190704346,1.4104220867156982,-554.0769010512527,0.15087890625,0.267333984375
kite,47740,bbox,2,5.289849758148193,1.3899128437042236,-480.938352652935,0.03387451171875,0.26416015625
kite,47740,segm,0,5.282908439636231,1.4186334609985352,-912.606108546494,0.263427734375,0.3193359375
kite,47740,segm,1,5.297247886657715,1.4440593719482422,-770.0513490482226,0.32958984375,0.32666015625
kite,47740,segm,2,5.296945095062256,1.4745712280273438,-807.3000764193043,0.287353515625,0.32275390625
kite,576654,bbox,0,6.112508296966553,1.4996919631958008,-224.9159782993185,0.43603515625,0.428955078125
kite,576654,bbox,1,5.881845951080322,1.533084273338318,-224.70724651458963,0.3603515625,0.415771484375
kite,576654,bbox,2,5.870575428009033,1.572772979736328,-597.515730141338,0.59521484375,0.375244140625
kite,576654,segm,0,5.809380531311035,1.529327154159546,-284.0254513264665,0.38818359375,0.370849609375
kite,576654,segm,1,5.8987956047058105,1.4460150003433228,-214.19809345268024,0.358642578125,0.388427734375
kite,576654,segm,2,5.384929180145264,1.5043413639068604,-279.4252652873902,0.49609375,0.3671875
kite,494759,bbox,0,3.95178484916687,1.4310919046401978,-440.5519451686541,0.21142578125,0.319580078125
kite,494759,bbox,1,3.785179376602173,1.3562999963760376,-323.9272885036853,0.3271484375,0.392578125
kite,494759,bbox,2,3.8824775218963614,1.4311809539794922,-389.04044576101614,0.227783203125,0.3798828125
kite,494759,segm,0,3.6709840297698975,1.3437403440475464,-672.0677723629592,0.24072265625,0.3935546875
kite,494759,segm,1,3.7469112873077393,1.375126600265503,-410.3203548029701,0.56494140625,0.404052734375
kite,494759,segm,2,3.712784767150879,1.3596341609954834,-639.588473319418,0.48583984375,0.395751953125
kite,289960,bbox,0,4.756829738616943,1.4966821670532229,-492.3097672343156,0.56982421875,0.406005859375
kite,289960,bbox,1,4.611903190612793,1.4588366746902466,-744.7876631158729,0.486328125,0.399658203125
kite,289960,bbox,2,4.608879089355469,1.5125833749771118,-377.7638091981562,0.45703125,0.40283203125
kite,289960,segm,0,4.189608573913574,1.4675719738006592,-646.9372646293104,0.64453125,0.396240234375
kite,289960,segm,1,4.118769645690918,1.4602211713790894,-460.0309074361346,0.381103515625,0.335205078125
kite,289960,segm,2,4.127436637878418,1.5033541917800903,-554.9994567683761,0.447021484375,0.32470703125
kite,288430,bbox,0,5.052427768707275,1.422760844230652,-491.1340228975084,0.35986328125,0.361083984375
kite,288430,bbox,1,5.059926986694336,1.4321036338806152,-438.1248871403011,0.2376708984375,0.353759765625
kite,288430,bbox,2,5.136491775512695,1.427433729171753,-343.08413726585513,0.479248046875,0.380126953125
kite,288430,segm,0,4.749206066131592,1.4143283367156982,-437.899828106129,0.36474609375,0.365966796875
kite,288430,segm,1,4.560647010803223,1.451160907745361,-495.8316629026826,0.467529296875,0.399169921875
kite,288430,segm,2,4.867267608642578,1.428670883178711,-450.5168253412721,0.339599609375,0.33935546875
kite,199395,bbox,0,3.9336133003234863,1.4953254461288452,-450.43524081667465,0.4580078125,0.34912109375
kite,199395,bbox,1,4.201139450073242,1.5142630338668823,-588.1089441183817,0.433349609375,0.38330078125
kite,199395,bbox,2,4.041460990905762,1.5190467834472656,-381.1665966774451,0.59130859375,0.398193359375
kite,199395,segm,0,4.098912239074707,1.5596731901168823,-305.7324167576994,0.3125,0.380859375
kite,199395,segm,1,4.234953880310059,1.545814037322998,-394.8848102402296,0.5322265625,0.41064453125
kite,199395,segm,2,3.9015963077545166,1.5101064443588257,-387.8805449322542,0.5771484375,0.41455078125
kite,514797,bbox,0,5.30310583114624,1.5720456838607788,-694.4819479105613,0.2474365234375,0.27978515625
kite,514797,bbox,1,5.021605491638184,1.5606919527053833,-416.18631692186,0.1456298828125,0.281982421875
kite,514797,bbox,2,5.2394537925720215,1.552188754081726,-446.8313465358274,0.26806640625,0.322021484375
kite,514797,segm,0,5.489491939544678,1.4869149923324585,-333.49408732358506,0.481201171875,0.40087890625
kite,514797,segm,1,5.265220642089844,1.5379269123077393,-476.3527966714887,0.460205078125,0.37744140625
kite,514797,segm,2,5.437821388244629,1.5059036016464231,-426.7351972027984,0.45849609375,0.378662109375
kite,471789,bbox,0,4.501686096191406,1.5604233741760254,-430.2821012089835,0.0972900390625,0.353759765625
kite,471789,bbox,1,4.406261920928955,1.560763239860535,-709.1716019190892,0.485107421875,0.32568359375
kite,471789,bbox,2,4.244800567626953,1.5536673069000244,-683.448108808434,0.603515625,0.365478515625
kite,471789,segm,0,4.158167839050293,1.5070074796676636,-523.7982398439392,0.6552734375,0.37939453125
kite,471789,segm,1,4.137840270996094,1.4933021068572998,-509.28897137369154,0.7216796875,0.37158203125
kite,471789,segm,2,4.2237725257873535,1.5849988460540771,-592.6972447021383,0.6201171875,0.342041015625
kite,235778,bbox,0,4.439582824707031,1.568169355392456,-280.35300805920724,0.0153656005859375,0.259033203125
kite,235778,bbox,1,4.488007068634033,1.5541540384292605,-417.0249543874913,0.0131988525390625,0.24169921875
kite,235778,bbox,2,4.553518772125244,1.5365018844604492,-276.24997783449817,0.25048828125,0.338623046875
kite,235778,segm,0,4.468955039978027,1.515285611152649,-364.9165038287679,0.09588623046875,0.27685546875
kite,235778,segm,1,4.711552143096924,1.51165771484375,-400.4982271350229,0.0246734619140625,0.272705078125
kite,235778,segm,2,4.481511116027832,1.527504801750183,-306.8488128347167,0.265869140625,0.298828125
kite,256775,bbox,0,4.598950386047363,1.459124207496643,-285.2073990356798,0.35498046875,0.3740234375
kite,256775,bbox,1,4.480782508850098,1.4333484172821045,-386.9804694323834,0.228515625,0.318603515625
kite,256775,bbox,2,4.602265357971191,1.508826732635498,-295.7958999395087,0.14892578125,0.284423828125
kite,256775,segm,0,4.502443313598633,1.446229100227356,-191.02957802332728,0.34228515625,0.39404296875
kite,256775,segm,1,4.381954193115234,1.452109694480896,-570.4464092521027,0.3466796875,0.353759765625
kite,256775,segm,2,4.426627159118652,1.4593453407287598,-357.4874850601884,0.404296875,0.392822265625
kite,294695,bbox,0,5.234692573547363,1.4978703260421753,-495.1270541795152,0.498779296875,0.4150390625
kite,294695,bbox,1,5.513617992401123,1.4711320400238037,-409.7052600716268,0.393798828125,0.380615234375
kite,294695,bbox,2,5.58030366897583,1.5168911218643188,-351.8219969435429,0.348876953125,0.384521484375
kite,294695,segm,0,5.310503005981445,1.522236943244934,-484.7082795744609,0.3291015625,0.39697265625
kite,294695,segm,1,5.4534430503845215,1.5333609580993652,-389.24030472941786,0.3720703125,0.395751953125
kite,294695,segm,2,5.572876453399658,1.495758056640625,-364.0635232184618,0.12548828125,0.38330078125
kite,154425,bbox,0,5.396297454833984,1.436613917350769,-285.1813334663529,0.0169830322265625,0.258056640625
kite,154425,bbox,1,5.908292293548584,1.6144872903823853,-924.021180936641,0.158935546875,0.251953125
kite,154425,bbox,2,5.908292293548584,1.6144872903823853,-924.021180936641,0.158935546875,0.251953125
kite,154425,segm,0,5.908292293548584,1.6144872903823853,-924.021180936641,0.158935546875,0.251953125
kite,154425,segm,1,5.908292293548584,1.6144872903823853,-924.021180936641,0.158935546875,0.251953125
kite,154425,segm,2,4.830473899841309,1.425220251083374,-328.7971788374648,0.2161865234375,0.35595703125
kite,407868,bbox,0,4.427318572998047,1.3405143022537231,-906.5282792079748,0.42333984375,0.36474609375
kite,407868,bbox,1,4.237208366394043,1.2562105655670166,-772.6734864085156,0.44970703125,0.3681640625
kite,407868,bbox,2,4.154091358184815,1.262747049331665,-405.19085283197046,0.49072265625,0.400390625
kite,407868,segm,0,4.367156028747559,1.3141916990280151,-589.3739343631355,0.0677490234375,0.304931640625
kite,407868,segm,1,4.35191011428833,1.2553019523620603,-1119.2678121200092,0.31201171875,0.347412109375
kite,407868,segm,2,4.27612829208374,1.3804466724395752,-472.5535687736901,0.1273193359375,0.30078125
kite,570688,bbox,0,3.704310178756714,1.361253023147583,-755.3861619781469,0.340087890625,0.313232421875
kite,570688,bbox,1,3.6711387634277344,1.378629446029663,-761.6974158166086,0.472900390625,0.298095703125
kite,570688,bbox,2,3.8408610820770255,1.5155446529388428,-752.4516747798921,0.10491943359375,0.272216796875
kite,570688,segm,0,3.666747570037842,1.3515018224716189,-826.623424166642,0.2442626953125,0.27978515625
kite,570688,segm,1,3.645055055618286,1.317249774932861,-776.7626496074427,0.501953125,0.34326171875
kite,570688,segm,2,3.6080617904663086,1.321245193481445,-858.9375765201426,0.376708984375,0.318603515625
kite,426836,bbox,0,4.129888534545898,1.5560685396194458,-630.8264203415297,0.25830078125,0.28662109375
kite,426836,bbox,1,4.032807350158691,1.5330384969711304,-563.2986702571407,0.12042236328125,0.2489013671875
kite,426836,bbox,2,4.131141185760498,1.5479745864868164,-669.558341957214,0.2279052734375,0.317626953125
kite,426836,segm,0,3.9232587814331055,1.4838584661483765,-615.9968876951143,0.5205078125,0.2919921875
kite,426836,segm,1,3.764040231704712,1.4215434789657593,-601.9418667893092,0.172607421875,0.294921875
kite,426836,segm,2,4.027553558349609,1.4467822313308716,-631.0996969705029,0.373779296875,0.2763671875
kite,549738,bbox,0,5.768040180206299,1.494210958480835,-422.9798920745704,0.56591796875,0.371337890625
kite,549738,bbox,1,5.908292293548584,1.6144872903823853,-924.021180936641,0.158935546875,0.251953125
kite,549738,bbox,2,5.830933570861816,1.4618910551071167,-469.78593255514807,0.420654296875,0.385009765625
kite,549738,segm,0,5.921244621276856,1.4402227401733398,-431.0759421963824,0.451904296875,0.357177734375
kite,549738,segm,1,5.537528991699219,1.4830867052078247,-1050.24142935974,0.50634765625,0.375244140625
kite,549738,segm,2,5.734546184539795,1.4902169704437256,-799.0554183036493,0.378173828125,0.353759765625
kite,433515,bbox,0,4.821449279785156,1.5982632637023926,-516.4720668060368,0.498779296875,0.369384765625
kite,433515,bbox,1,4.596527099609375,1.6410207748413086,-442.7829408180767,0.64111328125,0.377685546875
kite,433515,bbox,2,4.671279430389404,1.5149952173233032,-479.55427775864337,0.58642578125,0.388671875
kite,433515,segm,0,4.535184383392334,1.5528502464294434,-319.7619771829432,0.31689453125,0.369384765625
kite,433515,segm,1,4.716763973236084,1.5923913717269895,-418.026808737083,0.60546875,0.3818359375
kite,433515,segm,2,4.6439056396484375,1.5842864513397217,-412.86046735226137,0.2454833984375,0.34765625
kite,357238,bbox,0,4.273337364196777,1.5199133157730105,-387.2560520685497,0.63330078125,0.3857421875
kite,357238,bbox,1,4.181153297424316,1.4886844158172607,-249.68462542346512,0.64111328125,0.417236328125
kite,357238,bbox,2,4.359444618225098,1.512655258178711,-247.09235167989365,0.324462890625,0.408203125
kite,357238,segm,0,4.238433361053467,1.5921363830566406,-520.2761915134251,0.479736328125,0.364990234375
kite,357238,segm,1,4.3470306396484375,1.5515029430389404,-334.33269135314504,0.55029296875,0.428466796875
kite,357238,segm,2,4.157703876495361,1.534140706062317,-416.58109496631073,0.023345947265625,0.283447265625
kite,570756,bbox,0,5.686267852783203,1.486893653869629,-712.4901511221078,0.058624267578125,0.26123046875
kite,570756,bbox,1,5.735167026519775,1.4613388776779177,-798.8916814334789,0.0115737915039062,0.254150390625
kite,570756,bbox,2,5.616992950439453,1.5409502983093262,-888.5674088549526,0.013275146484375,0.2296142578125
kite,570756,segm,0,5.754374980926514,1.5086137056350708,-860.497230828493,0.0567626953125,0.259033203125
kite,570756,segm,1,5.619850158691406,1.462040662765503,-891.7830131311744,0.0189056396484375,0.2322998046875
kite,570756,segm,2,5.615472316741943,1.4818071126937866,-694.1138090939226,0.0154876708984375,0.230712890625
kite,577959,bbox,0,4.522609710693359,1.4656493663787842,-430.7815813593286,0.318115234375,0.380859375
kite,577959,bbox,1,4.417787551879883,1.4960157871246338,-561.7395768700967,0.09747314453125,0.32470703125
kite,577959,bbox,2,4.4678497314453125,1.425102710723877,-215.58423670534785,0.44482421875,0.385986328125
kite,577959,segm,0,4.4402031898498535,1.5240747928619385,-602.1213842622014,0.57958984375,0.375244140625
kite,577959,segm,1,4.408023834228516,1.5332869291305542,-471.08648628254286,0.50244140625,0.39990234375
kite,577959,segm,2,4.4571852684021,1.5261225700378418,-501.9672418388823,0.46484375,0.375
kite,468965,bbox,0,4.892927169799805,1.4768834114074707,-496.306231810248,0.039154052734375,0.267822265625
kite,468965,bbox,1,4.361111164093018,1.4407906532287598,-265.1338974087962,0.1778564453125,0.31591796875
kite,468965,bbox,2,4.404423236846924,1.5062003135681152,-341.5363053018639,0.192626953125,0.344482421875
kite,468965,segm,0,5.067149639129639,1.440585374832153,-502.3879603471232,0.0310821533203125,0.279296875
kite,468965,segm,1,4.710155010223389,1.4562137126922607,-566.51148341321,0.0217742919921875,0.266357421875
kite,468965,segm,2,4.588531017303467,1.4122158288955688,-497.0655928365327,0.0040245056152343,0.30029296875
kite,186345,bbox,0,4.464674949645996,1.5632290840148926,-304.8213028416453,0.036834716796875,0.25244140625
kite,186345,bbox,1,4.972412109375,1.5698429346084597,-644.9891582684713,0.028839111328125,0.2391357421875
kite,186345,bbox,2,4.0550384521484375,1.5559489727020264,-623.655861026456,0.0040245056152343,0.2445068359375
kite,186345,segm,0,4.386997222900391,1.5144184827804563,-347.2702608143418,0.06097412109375,0.205322265625
kite,186345,segm,1,4.340689659118652,1.523318886756897,-494.3391818437683,0.0173797607421875,0.1842041015625
kite,186345,segm,2,4.284492492675781,1.555253267288208,-414.085186005213,0.0177154541015625,0.207763671875
kite,39914,bbox,0,5.595658779144287,1.3685894012451172,-237.57494422656825,0.24169921875,0.34326171875
kite,39914,bbox,1,5.530341148376465,1.3773515224456787,-269.4530688601187,0.11578369140625,0.28857421875
kite,39914,bbox,2,5.259017467498779,1.412179946899414,-517.1847586704057,0.37744140625,0.3671875
kite,39914,segm,0,5.489601135253906,1.3424537181854248,-366.7888189771929,0.19287109375,0.332763671875
kite,39914,segm,1,5.272226810455322,1.3595551252365112,-467.59012183965297,0.29638671875,0.329345703125
kite,39914,segm,2,5.505436897277832,1.359398603439331,-455.4197580412258,0.3310546875,0.357666015625
kite,263679,bbox,0,5.745273113250732,1.2932754755020142,-291.97133505862394,0.34423828125,0.373291015625
kite,263679,bbox,1,5.820750236511231,1.3284294605255127,-454.6505837263912,0.1143798828125,0.3251953125
kite,263679,bbox,2,5.926105499267578,1.3152018785476685,-212.76745949610535,0.475830078125,0.412841796875
kite,263679,segm,0,5.839372158050537,1.3462562561035156,-478.2522085993646,0.232177734375,0.377197265625
kite,263679,segm,1,5.716473579406738,1.3761588335037231,-456.1253450872032,0.224853515625,0.39306640625
kite,263679,segm,2,5.724276065826416,1.375443935394287,-570.8832602336397,0.28173828125,0.396484375
scissors,5001,bbox,0,5.529355525970459,1.4714806079864502,-286.781417790683,0.053253173828125,0.3349609375
scissors,5001,bbox,1,5.851266860961914,1.4287188053131104,-385.9078593127974,0.0086135864257812,0.23193359375
scissors,5001,bbox,2,5.908292293548584,1.6144872903823853,-924.021180936641,0.1439208984375,0.257080078125
scissors,5001,segm,0,5.582630157470703,1.4390735626220703,-314.40071724667155,0.0022125244140625,0.306640625
scissors,5001,segm,1,5.540687561035156,1.4639055728912354,-300.2006351784255,0.0079345703125,0.253173828125
scissors,5001,segm,2,5.517088890075684,1.4967910051345823,-463.4751337404473,0.0056076049804687,0.27392578125
scissors,368294,bbox,0,4.644901275634766,1.4830986261367798,-438.5908747593956,0.37646484375,0.363525390625
scissors,368294,bbox,1,4.822864055633545,1.4720605611801147,-387.56326319063805,0.403076171875,0.378662109375
scissors,368294,bbox,2,4.907879829406738,1.4999974966049194,-580.6029142473694,0.304931640625,0.355712890625
scissors,368294,segm,0,4.736848831176758,1.5206949710845947,-533.0205318818489,0.253662109375,0.32861328125
scissors,368294,segm,1,4.749216556549072,1.4916595220565796,-422.52268007202406,0.254638671875,0.34912109375
scissors,368294,segm,2,4.80039644241333,1.4846922159194946,-414.64555777342025,0.1373291015625,0.3125
scissors,251824,bbox,0,5.080859661102295,1.537156343460083,-417.9202765921318,0.355712890625,0.298095703125
scissors,251824,bbox,1,5.37730073928833,1.495166301727295,-218.3581434649853,0.53173828125,0.4248046875
scissors,251824,bbox,2,5.232459545135498,1.4856795072555542,-378.2746530823847,0.546875,0.40087890625
scissors,251824,segm,0,5.162144660949707,1.4765856266021729,-372.23768082958486,0.447509765625,0.319580078125
scissors,251824,segm,1,5.363729000091553,1.454501390457153,-444.1284114536777,0.1629638671875,0.2442626953125
scissors,251824,segm,2,5.332679748535156,1.4970308542251587,-351.34236990370005,0.22265625,0.265625
scissors,550322,bbox,0,5.908292293548584,1.6144872903823853,-924.021180936641,0.1439208984375,0.257080078125
scissors,550322,bbox,1,5.908292293548584,1.6144872903823853,-924.021180936641,0.1439208984375,0.257080078125
scissors,550322,bbox,2,5.908292293548584,1.6144872903823853,-924.021180936641,0.1439208984375,0.257080078125
scissors,550322,segm,0,5.908292293548584,1.6144872903823853,-924.021180936641,0.1439208984375,0.257080078125
scissors,550322,segm,1,6.051638603210449,1.422085881233215,-289.9680621537491,0.54150390625,0.376220703125
scissors,550322,segm,2,5.908292293548584,1.6144872903823853,-924.021180936641,0.1439208984375,0.257080078125
scissors,99024,bbox,0,4.780958652496338,1.530616044998169,-439.981676804937,0.46044921875,0.345947265625
scissors,99024,bbox,1,4.850203514099121,1.4645978212356567,-644.6139678461659,0.6162109375,0.44580078125
scissors,99024,bbox,2,5.055302619934082,1.4075367450714111,-713.6945632069542,0.2325439453125,0.27001953125
scissors,99024,segm,0,4.828569412231445,1.4814568758010864,-528.9275430863206,0.3662109375,0.299072265625
scissors,99024,segm,1,4.716361999511719,1.5235049724578855,-506.969086866156,0.67333984375,0.457275390625
scissors,99024,segm,2,4.587519645690918,1.464376449584961,-362.29191153308784,0.3291015625,0.355712890625
scissors,154213,bbox,0,5.270969867706299,1.4546951055526731,-288.548534112412,0.52001953125,0.387939453125
scissors,154213,bbox,1,5.055143356323242,1.4607234001159668,-265.46024460115376,0.61767578125,0.509765625
scissors,154213,bbox,2,5.231544494628906,1.3835465908050537,-326.9940592223743,0.57177734375,0.486572265625
scissors,154213,segm,0,5.161047458648682,1.4649282693862915,-227.17918927687975,0.5498046875,0.4775390625
scissors,154213,segm,1,5.024911403656006,1.5319851636886597,-394.5235511276305,0.53857421875,0.45751953125
scissors,154213,segm,2,5.152024269104004,1.4913023710250854,-256.6161183211409,0.56591796875,0.49658203125
scissors,324715,bbox,0,4.934511661529541,1.5528093576431274,-431.7706350695794,0.5751953125,0.416748046875
scissors,324715,bbox,1,5.361912250518799,1.5124377012252808,-621.6946876146881,0.53955078125,0.3740234375
scissors,324715,bbox,2,4.730903625488281,1.4942712783813477,-559.7760985827001,0.366455078125,0.374755859375
scissors,324715,segm,0,4.981272220611572,1.506339192390442,-488.63696048179736,0.57958984375,0.455810546875
scissors,324715,segm,1,5.229312896728516,1.497291922569275,-459.9860946108947,0.60888671875,0.439697265625
scissors,324715,segm,2,5.014193534851074,1.4813352823257446,-453.9248512243844,0.5341796875,0.44091796875
scissors,500716,bbox,0,5.908292293548584,1.6144872903823853,-924.021180936641,0.1439208984375,0.257080078125
scissors,500716,bbox,1,5.908292293548584,1.6144872903823853,-924.021180936641,0.1439208984375,0.257080078125
scissors,500716,bbox,2,5.908292293548584,1.6144872903823853,-924.021180936641,0.1439208984375,0.257080078125
scissors,500716,segm,0,5.908292293548584,1.6144872903823853,-924.021180936641,0.1439208984375,0.257080078125
scissors,500716,segm,1,5.908292293548584,1.6144872903823853,-924.021180936641,0.1439208984375,0.257080078125
scissors,500716,segm,2,5.908292293548584,1.6144872903823853,-924.021180936641,0.1439208984375,0.257080078125
scissors,255483,bbox,0,4.359409332275391,1.477531909942627,-454.9921226823276,0.227294921875,0.26611328125
scissors,255483,bbox,1,4.201488971710205,1.3872395753860474,-413.2257605852567,0.25439453125,0.2861328125
scissors,255483,bbox,2,4.341482162475586,1.4924136400222778,-534.8713142854012,0.287109375,0.287841796875
scissors,255483,segm,0,4.164820671081543,1.4083431959152222,-489.5902518532739,0.378662109375,0.26416015625
scissors,255483,segm,1,4.16181230545044,1.4145138263702393,-513.7763064144106,0.451904296875,0.28271484375
scissors,255483,segm,2,4.119650363922119,1.424834132194519,-458.93797692258295,0.2178955078125,0.23681640625
sheep,338304,bbox,0,4.272237300872803,1.4392684698104858,-331.95335797080475,0.09130859375,0.32861328125
sheep,338304,bbox,1,4.337212085723877,1.4033888578414917,-414.3317886399236,0.282470703125,0.400634765625
sheep,338304,bbox,2,4.385903358459473,1.4588005542755127,-278.9804234145772,0.303466796875,0.39453125
sheep,338304,segm,0,4.277465343475342,1.4636802673339844,-354.8252652324851,0.1986083984375,0.4052734375
sheep,338304,segm,1,4.278119087219238,1.437835454940796,-347.27939681124417,0.2958984375,0.42578125
sheep,338304,segm,2,4.190377235412598,1.5010430812835691,-401.4390690838573,0.313720703125,0.423828125
sheep,474881,bbox,0,4.766118049621582,1.3804006576538086,-302.46804127090263,0.2086181640625,0.376220703125
sheep,474881,bbox,1,4.8101677894592285,1.368215799331665,-205.0114740232775,0.11358642578125,0.3671875
sheep,474881,bbox,2,4.875657081604004,1.379314422607422,-314.19056714073804,0.188232421875,0.419189453125
sheep,474881,segm,0,4.833470344543457,1.3378198146820068,-267.4420831485995,0.1248779296875,0.333740234375
sheep,474881,segm,1,4.6008381843566895,1.3572120666503906,-280.8409562166887,0.2110595703125,0.368896484375
sheep,474881,segm,2,4.845946311950684,1.3348311185836792,-370.4202304989599,0.0897216796875,0.3427734375
sheep,269196,bbox,0,6.620614528656006,1.2903817892074585,-184.0498333919192,0.1368408203125,0.354736328125
sheep,269196,bbox,1,6.5442214012146,1.1478508710861206,-159.23512575524387,0.129638671875,0.371337890625
sheep,269196,bbox,2,6.913107872009277,1.1380302906036377,-66.07950930132459,0.11932373046875,0.3623046875
sheep,269196,segm,0,6.448959827423096,1.2747279405593872,-232.5722823268665,0.138916015625,0.381591796875
sheep,269196,segm,1,6.5790324211120605,1.3140275478363037,-100.05490167664924,0.1087646484375,0.373046875
sheep,269196,segm,2,6.765321731567383,1.166468381881714,-152.705823157969,0.121826171875,0.3759765625
sheep,230166,bbox,0,5.956562519073486,1.2900301218032837,-49.88314234897278,0.201416015625,0.39453125
sheep,230166,bbox,1,5.522538185119629,1.2977564334869385,-57.298434969538434,0.1866455078125,0.393310546875
sheep,230166,bbox,2,5.770717620849609,1.2323062419891355,-115.34860789347792,0.1695556640625,0.38427734375
sheep,230166,segm,0,5.76970911026001,1.2971913814544678,-242.0292918194184,0.160888671875,0.388916015625
sheep,230166,segm,1,5.561047077178955,1.3187353610992432,-288.9727829967246,0.1766357421875,0.401611328125
sheep,230166,segm,2,5.463695526123047,1.303483486175537,-201.2047877055585,0.14990234375,0.38232421875
sheep,535578,bbox,0,4.32841682434082,1.369914412498474,-112.28289142442644,0.270751953125,0.40576171875
sheep,535578,bbox,1,4.525252342224121,1.3528121709823608,-82.39098095221355,0.2391357421875,0.38037109375
sheep,535578,bbox,2,4.59796667098999,1.3102065324783323,-78.60456390417629,0.257568359375,0.409423828125
sheep,535578,segm,0,4.416445255279541,1.3691492080688477,-88.84871831290774,0.2314453125,0.381591796875
sheep,535578,segm,1,4.427944183349609,1.3747506141662598,-125.98981891518793,0.258056640625,0.404052734375
sheep,535578,segm,2,4.999970436096191,1.3516443967819214,-120.44027383910678,0.26025390625,0.404541015625
sheep,44699,bbox,0,4.326897144317627,1.4052754640579224,-236.33993483623465,0.1539306640625,0.364501953125
sheep,44699,bbox,1,4.5526628494262695,1.4580351114273071,-234.99313510532795,0.249755859375,0.38525390625
sheep,44699,bbox,2,4.730503082275391,1.5089794397354126,-289.67074778795154,0.24755859375,0.38330078125
sheep,44699,segm,0,4.9499945640563965,1.4589587450027466,-240.25880210337,0.1978759765625,0.369384765625
sheep,44699,segm,1,5.033299922943115,1.5166423320770264,-199.59466765764765,0.1949462890625,0.3720703125
sheep,44699,segm,2,4.715520858764648,1.5160373449325562,-284.9303201830743,0.1783447265625,0.356201171875
sheep,263966,bbox,0,5.750826835632324,1.4053878784179688,-438.1602737097478,0.07708740234375,0.310791015625
sheep,263966,bbox,1,5.559783935546875,1.4333821535110474,-426.4703724863744,0.031402587890625,0.265869140625
sheep,263966,bbox,2,5.596572399139404,1.4152365922927856,-487.1823725638001,0.0377197265625,0.253173828125
sheep,263966,segm,0,5.641341686248779,1.441248655319214,-610.5728854710669,0.0170745849609375,0.28271484375
sheep,263966,segm,1,5.80325984954834,1.427797794342041,-657.713320724873,0.008514404296875,0.282470703125
sheep,263966,segm,2,5.8517746925354,1.3724820613861084,-642.443391584588,0.06317138671875,0.345458984375
sheep,290592,bbox,0,5.2036333084106445,1.463351488113403,-202.91592402657037,0.2218017578125,0.43359375
sheep,290592,bbox,1,5.185398101806641,1.4480985403060913,-349.030317456848,0.222412109375,0.420654296875
sheep,290592,bbox,2,5.442474842071533,1.4007625579833984,-245.3135015482479,0.2093505859375,0.43310546875
sheep,290592,segm,0,5.012783527374268,1.345278263092041,-238.7793220159602,0.214111328125,0.439453125
sheep,290592,segm,1,5.064384937286377,1.3702906370162964,-110.78307545892628,0.20458984375,0.435302734375
sheep,290592,segm,2,5.23204231262207,1.375314712524414,-162.58117830021683,0.197998046875,0.439453125
sheep,225184,bbox,0,4.764538764953613,1.50310218334198,-489.8192738611101,0.0170135498046875,0.254638671875
sheep,225184,bbox,1,4.208430767059326,1.3895968198776243,-278.7472852639439,0.134765625,0.380126953125
sheep,225184,bbox,2,4.428520679473877,1.477715253829956,-269.5746735088594,0.042694091796875,0.3291015625
sheep,225184,segm,0,4.833790302276611,1.5063161849975586,-482.1067609028237,0.01495361328125,0.2646484375
sheep,225184,segm,1,4.561652183532715,1.477335810661316,-279.0559555053328,0.040985107421875,0.29833984375
sheep,225184,segm,2,4.693088054656982,1.4992880821228027,-309.8867691059168,0.1534423828125,0.353759765625
sheep,181666,bbox,0,5.3929548263549805,1.4495302438735962,-300.5181580087814,0.0090866088867187,0.2568359375
sheep,181666,bbox,1,5.1259589195251465,1.4957809448242188,-370.24676860581167,0.1063232421875,0.322998046875
sheep,181666,bbox,2,5.376110076904297,1.4547173976898191,-265.528731337578,0.0736083984375,0.3349609375
sheep,181666,segm,0,5.307693004608154,1.4623626470565796,-365.7508564485884,0.032440185546875,0.299072265625
sheep,181666,segm,1,5.265191078186035,1.5016531944274902,-311.72162235421047,0.01806640625,0.27099609375
sheep,181666,segm,2,5.31230354309082,1.451436996459961,-275.7064951495704,0.08245849609375,0.349365234375
sheep,552612,bbox,0,4.875500679016113,1.4591385126113892,-267.2617616437103,0.1807861328125,0.351318359375
sheep,552612,bbox,1,4.76056432723999,1.4890978336334229,-287.5553622096566,0.10125732421875,0.316650390625
sheep,552612,bbox,2,4.799552440643311,1.5721534490585327,-276.04355162966044,0.06048583984375,0.2890625
sheep,552612,segm,0,4.873936176300049,1.4847497940063477,-230.21140132525443,0.192626953125,0.338134765625
sheep,552612,segm,1,5.118267059326172,1.482774257659912,-222.42321128777544,0.1177978515625,0.28125
sheep,552612,segm,2,4.782190322875977,1.5487781763076782,-226.8128966054116,0.1068115234375,0.316650390625
sheep,156071,bbox,0,4.372138500213623,1.407321214675903,-272.8937273316269,0.1942138671875,0.391357421875
sheep,156071,bbox,1,4.081622123718262,1.3507070541381836,-429.3997415454576,0.171142578125,0.384033203125
sheep,156071,bbox,2,4.286818504333496,1.423884630203247,-303.2586163167616,0.1533203125,0.36865234375
sheep,156071,segm,0,4.493512153625488,1.4622576236724854,-321.1811441232014,0.084716796875,0.363525390625
sheep,156071,segm,1,4.466826438903809,1.4794389009475708,-379.3744684656442,0.1334228515625,0.370361328125
sheep,156071,segm,2,4.345365047454834,1.404616117477417,-267.4427414098064,0.137939453125,0.37841796875
sheep,288685,bbox,0,5.843629837036133,1.2995165586471558,-36.3890892769973,0.1376953125,0.429443359375
sheep,288685,bbox,1,5.782073974609375,1.309737205505371,19.28456784355923,0.0946044921875,0.40478515625
sheep,288685,bbox,2,5.6104230880737305,1.306131362915039,-78.43450411472939,0.157470703125,0.438720703125
sheep,288685,segm,0,5.723936080932617,1.3287328481674194,-21.3445119557159,0.11419677734375,0.40966796875
sheep,288685,segm,1,5.79402494430542,1.2975854873657229,-54.88925238406726,0.0985107421875,0.418212890625
sheep,288685,segm,2,5.689531326293945,1.3118290901184082,-43.577263356717125,0.087158203125,0.412109375
sheep,340272,bbox,0,3.892716646194458,1.2392112016677856,-361.2552369242976,0.2015380859375,0.380126953125
sheep,340272,bbox,1,4.091915130615234,1.2746920585632324,-173.09992632953947,0.253662109375,0.36572265625
sheep,340272,bbox,2,3.9133825302124015,1.2577821016311646,-265.4132859828191,0.19091796875,0.3388671875
sheep,340272,segm,0,3.955644845962525,1.260007381439209,-311.217846137886,0.1951904296875,0.36181640625
sheep,340272,segm,1,4.2902679443359375,1.3254841566085815,-327.98960321900086,0.18505859375,0.348876953125
sheep,340272,segm,2,3.97044038772583,1.2952221632003784,-276.60586150724384,0.293701171875,0.389892578125
sheep,198960,bbox,0,6.06304407119751,1.242516040802002,-257.18350986477776,0.1693115234375,0.392333984375
sheep,198960,bbox,1,6.101124286651611,1.271745681762695,-231.2841068921933,0.1759033203125,0.391845703125
sheep,198960,bbox,2,6.011693954467773,1.2481225728988647,-174.90836959110462,0.1761474609375,0.38427734375
sheep,198960,segm,0,5.93806791305542,1.2077170610427856,-216.61529765694956,0.1328125,0.385009765625
sheep,198960,segm,1,5.939173698425293,1.2052080631256104,-172.5241374545081,0.1529541015625,0.39453125
sheep,198960,segm,2,5.99909782409668,1.2385931015014648,-199.08401204501763,0.1514892578125,0.39990234375
sheep,410428,bbox,0,6.15407133102417,1.2351539134979248,-239.80364453953857,0.2027587890625,0.405517578125
sheep,410428,bbox,1,5.990211486816406,1.197050929069519,-121.032127743744,0.150634765625,0.384521484375
sheep,410428,bbox,2,6.102582931518555,1.2270607948303225,-228.60762646835477,0.2161865234375,0.393798828125
sheep,410428,segm,0,6.15062141418457,1.2786871194839478,-291.2627601908096,0.2342529296875,0.444091796875
sheep,410428,segm,1,5.862983226776123,1.2399710416793823,-165.1456056929208,0.2020263671875,0.408203125
sheep,410428,segm,2,5.9805006980896,1.23760187625885,-106.8626522404122,0.2027587890625,0.403564453125
sheep,22589,bbox,0,5.41260290145874,1.241352915763855,7.0490892139709,0.2169189453125,0.385009765625
sheep,22589,bbox,1,4.925493717193604,1.3163799047470093,-76.46366272200247,0.1268310546875,0.3779296875
sheep,22589,bbox,2,5.700698375701904,1.2161048650741575,-70.1046538356536,0.1868896484375,0.3876953125
sheep,22589,segm,0,5.435682773590088,1.2444722652435305,-66.07520817664634,0.171142578125,0.37353515625
sheep,22589,segm,1,5.1371378898620605,1.2766270637512207,-263.0757964636937,0.1378173828125,0.37158203125
sheep,22589,segm,2,5.090285778045654,1.2751328945159912,-116.5549397256884,0.1673583984375,0.384521484375
sheep,389566,bbox,0,5.044692516326904,1.5002306699752808,-606.1156352097505,0.283935546875,0.417236328125
sheep,389566,bbox,1,5.191354274749756,1.4819732904434204,-599.7881216291801,0.272216796875,0.413330078125
sheep,389566,bbox,2,5.133905410766602,1.4758538007736206,-527.7948400190185,0.2685546875,0.395751953125
sheep,389566,segm,0,5.1152849197387695,1.4493099451065063,-551.0017375886885,0.2498779296875,0.43798828125
sheep,389566,segm,1,5.283481121063232,1.4544382095336914,-471.5043501939026,0.2493896484375,0.432861328125
sheep,389566,segm,2,5.182631969451904,1.4660037755966189,-571.6819956491454,0.2320556640625,0.43505859375
sheep,154947,bbox,0,5.358410358428955,1.4437159299850464,-33.93088476493607,0.159912109375,0.37890625
sheep,154947,bbox,1,5.365081310272217,1.4013828039169312,-359.4375782854372,0.138671875,0.386962890625
sheep,154947,bbox,2,5.115999698638916,1.442196249961853,-143.29384376763474,0.1549072265625,0.37060546875
sheep,154947,segm,0,5.280933856964111,1.3056834936141968,-76.35186365824164,0.1893310546875,0.3671875
sheep,154947,segm,1,4.992659091949463,1.3354172706604004,-233.85143782969035,0.1712646484375,0.385986328125
sheep,154947,segm,2,5.0947089195251465,1.3951565027236938,-92.092683287324,0.18798828125,0.366455078125
sheep,375763,bbox,0,4.7614054679870605,1.4310975074768066,-247.0573850357454,0.26123046875,0.4169921875
sheep,375763,bbox,1,4.834964275360107,1.3632996082305908,-256.2458464914819,0.25732421875,0.426025390625
sheep,375763,bbox,2,4.674850940704346,1.3792767524719238,-397.4765863756659,0.2476806640625,0.438232421875
sheep,375763,segm,0,4.736949920654297,1.467003345489502,-244.67678164969905,0.247314453125,0.401123046875
sheep,375763,segm,1,4.782397747039795,1.394282341003418,-290.1906112491056,0.264892578125,0.404296875
sheep,375763,segm,2,4.760580062866211,1.4306256771087646,-146.4226143213648,0.26513671875,0.419921875
sheep,158548,bbox,0,4.0402421951293945,1.3725231885910034,-325.37126230069,0.2288818359375,0.390625
sheep,158548,bbox,1,3.77544617652893,1.2563310861587524,-183.9123146956888,0.28515625,0.400390625
sheep,158548,bbox,2,3.8809118270874015,1.3624051809310913,-219.0757442548957,0.2301025390625,0.384033203125
sheep,158548,segm,0,3.8880319595336914,1.4072555303573608,-346.0573967085236,0.1973876953125,0.363037109375
sheep,158548,segm,1,3.87382698059082,1.3655868768692017,-332.07320131577603,0.28857421875,0.385009765625
sheep,158548,segm,2,3.991486072540283,1.395885348320007,-85.12359514200624,0.23876953125,0.392333984375
sheep,46804,bbox,0,6.079596042633057,1.2233924865722656,-180.422639620096,0.177734375,0.40087890625
sheep,46804,bbox,1,5.857216835021973,1.2444027662277222,-48.40786473432853,0.1988525390625,0.39013671875
sheep,46804,bbox,2,5.7766947746276855,1.2959188222885132,-63.21801750981375,0.199951171875,0.393310546875
sheep,46804,segm,0,6.068535804748535,1.2716082334518433,-122.98788335706055,0.197021484375,0.395751953125
sheep,46804,segm,1,5.758153438568115,1.2918373346328735,-80.56597863404703,0.1768798828125,0.39404296875
sheep,46804,segm,2,5.745116233825684,1.3527055978775024,-43.9668684664034,0.1810302734375,0.404541015625
sheep,406997,bbox,0,5.184420108795166,1.353629231452942,-194.20684059719065,0.1209716796875,0.365966796875
sheep,406997,bbox,1,5.2728271484375,1.351620316505432,-225.35319155556869,0.1806640625,0.41162109375
sheep,406997,bbox,2,5.373734951019287,1.460880994796753,-42.243413867594185,0.1435546875,0.39794921875
sheep,406997,segm,0,5.317040920257568,1.3273166418075562,-150.31588447390322,0.11993408203125,0.3798828125
sheep,406997,segm,1,5.286314964294434,1.3254237174987793,-114.60663089480202,0.132568359375,0.4072265625
sheep,406997,segm,2,5.495174884796143,1.3254938125610352,-151.3875287632211,0.1676025390625,0.395751953125
sheep,238039,bbox,0,4.59229040145874,1.436691164970398,78.6891157929025,0.0016517639160156,0.27978515625
sheep,238039,bbox,1,5.161098957061768,1.4924745559692385,-242.18971318338396,0.0687255859375,0.32861328125
sheep,238039,bbox,2,5.005560398101807,1.500478744506836,-290.2216616538535,0.0068244934082031,0.280517578125
sheep,238039,segm,0,4.888618469238281,1.4254010915756226,-90.64808108747842,0.1947021484375,0.36962890625
sheep,238039,segm,1,5.035070419311523,1.4170857667922974,-319.0692952632054,0.0885009765625,0.3427734375
sheep,238039,segm,2,4.963125705718994,1.4265179634094238,-264.07150122379545,0.017181396484375,0.320556640625
sheep,461405,bbox,0,4.494640350341797,1.3682692050933838,-28.777182737662528,0.1829833984375,0.424560546875
sheep,461405,bbox,1,4.576366901397705,1.4436852931976318,-247.66092340359856,0.272705078125,0.394775390625
sheep,461405,bbox,2,4.849388599395752,1.444204330444336,-308.9737842268992,0.1668701171875,0.36962890625
sheep,461405,segm,0,4.496502876281738,1.3941773176193235,-162.75689176513674,0.24755859375,0.388916015625
sheep,461405,segm,1,4.752932548522949,1.4123996496200562,-455.5962939386716,0.0755615234375,0.302978515625
sheep,461405,segm,2,4.86560583114624,1.4695719480514526,-413.570249752074,0.271484375,0.3916015625
sheep,176606,bbox,0,5.822465896606445,1.2750519514083862,-305.86036445088234,0.0056953430175781,0.328125
sheep,176606,bbox,1,5.908292293548584,1.6144872903823853,-924.021180936641,0.0245208740234375,0.2301025390625
sheep,176606,bbox,2,5.693997859954834,1.3547065258026123,-195.87538305848008,0.043609619140625,0.334716796875
sheep,176606,segm,0,5.820183753967285,1.2652692794799805,-247.137692874852,0.05133056640625,0.33154296875
sheep,176606,segm,1,5.851908683776856,1.283499836921692,-119.47255598423249,0.058013916015625,0.335693359375
sheep,176606,segm,2,5.774725914001465,1.2594382762908936,-160.41624965459545,0.037445068359375,0.32763671875
sheep,5992,bbox,0,6.292886257171631,1.1744221448898315,-212.79612141408344,0.26220703125,0.451171875
sheep,5992,bbox,1,6.57792854309082,1.1893165111541748,-159.3890560087966,0.25732421875,0.43994140625
sheep,5992,bbox,2,6.428706645965576,1.1549657583236694,-168.0146789813532,0.2486572265625,0.44140625
sheep,5992,segm,0,6.243854999542236,1.237001657485962,-212.0426720850154,0.244873046875,0.438232421875
sheep,5992,segm,1,5.908292293548584,1.6144872903823853,-924.021180936641,0.0245208740234375,0.2301025390625
sheep,5992,segm,2,6.440877437591553,1.1649430990219116,-172.66511329154477,0.28173828125,0.4296875
sheep,534394,bbox,0,5.234097003936768,1.3932785987854004,-273.16042024220974,0.264892578125,0.42578125
sheep,534394,bbox,1,5.227399826049805,1.4859507083892822,-260.1168641892832,0.2271728515625,0.40087890625
sheep,534394,bbox,2,5.077724456787109,1.397979974746704,-312.0978245698557,0.2296142578125,0.417236328125
sheep,534394,segm,0,5.164498805999756,1.4619120359420776,-337.7027821212198,0.1829833984375,0.380859375
sheep,534394,segm,1,5.083251953125,1.4374730587005615,-265.39485878126754,0.2178955078125,0.39697265625
sheep,534394,segm,2,5.028998374938965,1.3926966190338137,-312.1527179716554,0.2127685546875,0.4033203125
skis,51712,bbox,0,3.655482769012451,1.3182001113891602,-648.5381329122715,0.252197265625,0.373779296875
skis,51712,bbox,1,3.739834070205689,1.3865288496017456,-500.6132852289261,0.13916015625,0.369384765625
skis,51712,bbox,2,3.834228515625,1.433543086051941,-609.6074524444862,0.1973876953125,0.381591796875
skis,51712,segm,0,3.636836528778076,1.3306159973144531,-572.8441255483999,0.136474609375,0.36328125
skis,51712,segm,1,3.696375846862793,1.381225347518921,-627.8214555735487,0.107177734375,0.34375
skis,51712,segm,2,3.632513284683228,1.364329814910889,-694.410084709491,0.1927490234375,0.368896484375
skis,473121,bbox,0,5.910354137420654,1.605156660079956,-851.5062019829488,0.11199951171875,0.2298583984375
skis,473121,bbox,1,4.924471378326416,1.5465909242630005,-657.823802424341,0.06658935546875,0.2493896484375
skis,473121,bbox,2,4.301943302154541,1.4683493375778198,-501.52176587814256,0.1834716796875,0.282958984375
skis,473121,segm,0,4.758971214294434,1.5423063039779663,-846.255421783223,0.0999755859375,0.262939453125
skis,473121,segm,1,4.448119640350342,1.4853618144989014,-708.0919268888388,0.181884765625,0.272216796875
skis,473121,segm,2,4.344437122344971,1.5332708358764648,-882.8419722302144,0.09112548828125,0.2362060546875
skis,96825,bbox,0,5.575835704803467,1.6183427572250366,-620.7386844958146,0.495361328125,0.331787109375
skis,96825,bbox,1,5.770668983459473,1.6252459287643433,-555.0775680482893,0.2286376953125,0.26123046875
skis,96825,bbox,2,5.645980358123779,1.6241337060928345,-613.9493885884021,0.49609375,0.2958984375
skis,96825,segm,0,5.712095260620117,1.616370677947998,-600.904646041218,0.244384765625,0.276611328125
skis,96825,segm,1,5.798318862915039,1.607949137687683,-562.1600400647462,0.1640625,0.25537109375
skis,96825,segm,2,5.630991458892822,1.586101531982422,-509.9757966900895,0.283203125,0.284423828125
skis,451144,bbox,0,4.490215301513672,1.4086774587631226,-501.67182681704185,0.111328125,0.300048828125
skis,451144,bbox,1,4.369332313537598,1.4080228805541992,-442.42603629564,0.1591796875,0.3369140625
skis,451144,bbox,2,4.436762809753418,1.43282151222229,-495.4889219446407,0.451171875,0.349609375
skis,451144,segm,0,4.686902523040772,1.455666422843933,-554.8071438292618,0.5,0.3544921875
skis,451144,segm,1,4.720570087432861,1.4598069190979004,-584.453295102825,0.50341796875,0.35986328125
skis,451144,segm,2,4.7366623878479,1.4633663892745972,-489.9973316021526,0.54638671875,0.365478515625
skis,406611,bbox,0,5.169458389282227,1.594202756881714,-540.1900395651473,0.49169921875,0.28857421875
skis,406611,bbox,1,5.596850872039795,1.56282639503479,-575.5679495836823,0.6298828125,0.318359375
skis,406611,bbox,2,4.915621757507324,1.533497333526611,-657.9434624162923,0.65185546875,0.36572265625
skis,406611,segm,0,4.95812463760376,1.5250051021575928,-481.1020282269551,0.51611328125,0.369140625
skis,406611,segm,1,5.311897277832031,1.510175108909607,-508.03707981758953,0.309814453125,0.283935546875
skis,406611,segm,2,5.032261371612549,1.499267578125,-566.2986790183868,0.468505859375,0.323974609375
skis,83540,bbox,0,6.30797004699707,1.478690266609192,-412.9276642298187,0.1614990234375,0.239013671875
skis,83540,bbox,1,6.352948188781738,1.4998608827590942,-502.2803782948786,0.216064453125,0.266357421875
skis,83540,bbox,2,6.334485054016113,1.439107894897461,-760.6422303763304,0.429443359375,0.284912109375
skis,83540,segm,0,6.228472232818604,1.4948540925979614,-459.9899560556928,0.1351318359375,0.222900390625
skis,83540,segm,1,6.0917510986328125,1.494032859802246,-453.7827132293555,0.08428955078125,0.2178955078125
skis,83540,segm,2,6.203010082244873,1.5025179386138916,-393.57582735624464,0.1590576171875,0.2423095703125
skis,252507,bbox,0,5.167362213134766,1.5440804958343506,-418.05533469683496,0.62841796875,0.372314453125
skis,252507,bbox,1,5.3967790603637695,1.546634078025818,-714.4610037369212,0.69482421875,0.397705078125
skis,252507,bbox,2,5.140021324157715,1.6244750022888184,-582.4801781306264,0.74853515625,0.391845703125
skis,252507,segm,0,5.295671463012695,1.5836347341537476,-435.35692036965247,0.458740234375,0.349365234375
skis,252507,segm,1,5.063404560089111,1.5772229433059692,-365.3014968470759,0.3818359375,0.31982421875
skis,252507,segm,2,5.112279415130615,1.5938538312911987,-396.9687571901904,0.486083984375,0.3466796875
skis,374369,bbox,0,5.114485740661621,1.5641543865203855,-536.3818589023031,0.52197265625,0.415771484375
skis,374369,bbox,1,5.293221950531006,1.5409033298492432,-225.33814480157216,0.548828125,0.423583984375
skis,374369,bbox,2,5.343217849731445,1.54267418384552,-499.8212188792595,0.394287109375,0.3876953125
skis,374369,segm,0,5.126889228820801,1.5291941165924072,-433.40320606995215,0.385986328125,0.391845703125
skis,374369,segm,1,5.323587417602539,1.5236914157867432,-615.7305855425625,0.381591796875,0.402587890625
skis,374369,segm,2,5.216654777526856,1.4962968826293943,-693.3563010674275,0.394775390625,0.414306640625
skis,329827,bbox,0,3.854506492614746,1.458816647529602,-451.7017480742829,0.322509765625,0.37109375
skis,329827,bbox,1,3.7730908393859854,1.4820523262023926,-394.08799896078654,0.302490234375,0.360107421875
skis,329827,bbox,2,3.8148388862609854,1.4737663269042969,-550.6925764278819,0.1368408203125,0.349853515625
skis,329827,segm,0,3.839361906051636,1.5077881813049316,-614.1095953453537,0.203369140625,0.33837890625
skis,329827,segm,1,3.8703229427337646,1.5140814781188965,-508.69869324765295,0.21728515625,0.366455078125
skis,329827,segm,2,3.802626132965088,1.5157440900802612,-605.4708759682212,0.1341552734375,0.349365234375
skis,424551,bbox,0,5.126522064208984,1.5137388706207275,-597.3627833950345,0.269287109375,0.406005859375
skis,424551,bbox,1,5.220248222351074,1.5290424823760986,-704.7839843424686,0.3076171875,0.40576171875
skis,424551,bbox,2,5.341792583465576,1.5024586915969849,-367.0701350853383,0.3115234375,0.404052734375
skis,424551,segm,0,5.322970867156982,1.5091599225997925,-250.27528705929944,0.285400390625,0.3857421875
skis,424551,segm,1,5.41241979598999,1.4524152278900146,-245.60501562652777,0.291748046875,0.392578125
skis,424551,segm,2,5.389451503753662,1.4999306201934814,-248.3848262197807,0.251953125,0.3935546875
skis,347265,bbox,0,4.4867048263549805,1.6249984502792358,-359.8264945873275,0.61376953125,0.376220703125
skis,347265,bbox,1,4.275907039642334,1.5699726343154907,-500.9319571749461,0.369384765625,0.358154296875
skis,347265,bbox,2,4.504968643188477,1.6400874853134155,-576.495181343616,0.583984375,0.38720703125
skis,347265,segm,0,4.385381698608398,1.476806402206421,-591.459612540637,0.389404296875,0.359375
skis,347265,segm,1,4.122973918914795,1.4822214841842651,-584.6475556426535,0.58154296875,0.402587890625
skis,347265,segm,2,4.354537963867188,1.4965699911117554,-519.4997567975995,0.66455078125,0.41552734375
skis,451714,bbox,0,4.946024894714356,1.4812594652175903,-355.6735707211326,0.3720703125,0.37109375
skis,451714,bbox,1,4.795440673828125,1.451367735862732,-423.2020387028549,0.4072265625,0.360107421875
skis,451714,bbox,2,4.75324296951294,1.5039061307907104,-391.6376750162285,0.67529296875,0.439697265625
skis,451714,segm,0,4.868074417114258,1.5277304649353027,-340.46738372363666,0.60107421875,0.4013671875
skis,451714,segm,1,5.079710006713867,1.5214577913284302,-367.6619273930549,0.623046875,0.40673828125
skis,451714,segm,2,4.735398292541504,1.5205203294754028,-434.6957218819919,0.533203125,0.396728515625
skis,118921,bbox,0,4.574721336364746,1.5364513397216797,-276.45644415540755,0.6875,0.435302734375
skis,118921,bbox,1,4.55269193649292,1.5456463098526,-542.0349526067905,0.7041015625,0.435302734375
skis,118921,bbox,2,4.382018566131592,1.4723033905029297,-453.2357443465121,0.7421875,0.452392578125
skis,118921,segm,0,4.176359176635742,1.482391595840454,-273.5558105668056,0.513671875,0.423095703125
skis,118921,segm,1,4.259319305419922,1.510085105895996,-228.7169104069021,0.65185546875,0.43896484375
skis,118921,segm,2,4.487046718597412,1.538627862930298,-266.00371814672644,0.56591796875,0.427978515625
skis,136334,bbox,0,5.346748352050781,1.5799133777618408,-641.3942738384885,0.1865234375,0.2568359375
skis,136334,bbox,1,5.147491931915283,1.543303370475769,-877.56809756443,0.3486328125,0.29150390625
skis,136334,bbox,2,5.324096202850342,1.553546905517578,-829.5275673147298,0.2047119140625,0.2587890625
skis,136334,segm,0,5.256645202636719,1.5817896127700806,-541.0398514249023,0.2109375,0.2744140625
skis,136334,segm,1,5.3218770027160645,1.5683674812316897,-519.3584980078313,0.19677734375,0.24609375
skis,136334,segm,2,5.335667610168457,1.552033305168152,-577.576809928998,0.224853515625,0.2191162109375
skis,445602,bbox,0,6.117419719696045,1.572437763214111,-772.9694185884841,0.012359619140625,0.20361328125
skis,445602,bbox,1,6.070415496826172,1.5842909812927246,-708.1654703606773,0.2481689453125,0.280029296875
skis,445602,bbox,2,6.180723190307617,1.574901819229126,-469.8030782505141,0.0711669921875,0.2294921875
skis,445602,segm,0,6.098296642303467,1.6318036317825315,-538.6413851208063,0.012359619140625,0.2373046875
skis,445602,segm,1,6.095546722412109,1.6123000383377075,-541.0358383738949,0.032806396484375,0.254150390625
skis,445602,segm,2,6.186990261077881,1.6093631982803345,-717.2758683379457,0.0076942443847656,0.234619140625
skis,266409,bbox,0,4.8141069412231445,1.649045705795288,-494.5013524308474,0.2626953125,0.287841796875
skis,266409,bbox,1,4.835518836975098,1.6761726140975952,-649.3087354647805,0.325927734375,0.328369140625
skis,266409,bbox,2,5.018063545227051,1.5830484628677368,-545.6550072703212,0.19189453125,0.29443359375
skis,266409,segm,0,4.888575077056885,1.6904717683792114,-599.691245560125,0.371826171875,0.30322265625
skis,266409,segm,1,5.119147777557373,1.7610515356063845,-500.9601677655535,0.30322265625,0.299072265625
skis,266409,segm,2,5.102490425109863,1.7370669841766355,-436.37234342398006,0.270263671875,0.3037109375
skis,466602,bbox,0,4.879971981048584,1.5579144954681396,-704.7147722696914,0.4775390625,0.374267578125
skis,466602,bbox,1,4.819539546966553,1.5923347473144531,-695.6045419580598,0.5751953125,0.395263671875
skis,466602,bbox,2,5.2918314933776855,1.579397678375244,-699.1323514121536,0.66943359375,0.423095703125
skis,466602,segm,0,4.992646217346191,1.595723032951355,-735.8567543772756,0.62255859375,0.4052734375
skis,466602,segm,1,5.0774030685424805,1.5792502164840698,-713.0325582916107,0.65283203125,0.41552734375
skis,466602,segm,2,4.995999336242676,1.5954036712646484,-651.6328716912944,0.66015625,0.41162109375
skis,186042,bbox,0,5.752343654632568,1.5113348960876465,-573.5039161582977,0.171630859375,0.275146484375
skis,186042,bbox,1,5.963089466094971,1.5075160264968872,-775.627052491051,0.12646484375,0.28515625
skis,186042,bbox,2,5.918259620666504,1.6043199300765991,-469.15746271067337,0.057769775390625,0.28662109375
skis,186042,segm,0,5.657549858093262,1.578125,-461.7838180260021,0.3583984375,0.33349609375
skis,186042,segm,1,5.632364749908447,1.5726641416549685,-430.9245817987271,0.159912109375,0.308349609375
skis,186042,segm,2,5.426975250244141,1.6086236238479614,-567.3440378944749,0.2193603515625,0.318603515625
skis,544444,bbox,0,4.513065338134766,1.5073058605194092,-443.7920293787251,0.2705078125,0.283447265625
skis,544444,bbox,1,4.144550800323486,1.5061049461364746,-432.4166662383127,0.296630859375,0.26806640625
skis,544444,bbox,2,4.3669962882995605,1.6040128469467163,-748.8137272760637,0.185791015625,0.27685546875
skis,544444,segm,0,3.851121664047241,1.4712234735488892,-441.00796653795805,0.2529296875,0.277587890625
skis,544444,segm,1,3.841721534729004,1.4604592323303225,-418.83603049803423,0.312255859375,0.3134765625
skis,544444,segm,2,3.7424395084381104,1.472907543182373,-516.8228047824628,0.1751708984375,0.27001953125
skis,297698,bbox,0,6.098604202270508,1.385714411735535,-395.1283058095498,0.26513671875,0.368896484375
skis,297698,bbox,1,5.774233341217041,1.5132960081100464,-503.2956427117724,0.411865234375,0.363525390625
skis,297698,bbox,2,6.033805847167969,1.386766791343689,-629.5920614460797,0.19140625,0.303466796875
skis,297698,segm,0,6.027905464172363,1.360438585281372,-719.7926530137743,0.53857421875,0.41455078125
skis,297698,segm,1,6.084133148193359,1.3984729051589966,-607.9458081627913,0.58349609375,0.4228515625
skis,297698,segm,2,5.98566198348999,1.3843684196472168,-662.012867928709,0.52978515625,0.41552734375
skis,86755,bbox,0,5.025898456573486,1.6331003904342651,-880.0080435897439,0.72265625,0.373046875
skis,86755,bbox,1,5.148265838623047,1.6361230611801147,-867.8744935192922,0.5537109375,0.34228515625
skis,86755,bbox,2,5.08609676361084,1.6412901878356934,-711.7690726697697,0.6884765625,0.34228515625
skis,86755,segm,0,4.902712345123291,1.6252177953720093,-555.6352662671984,0.6640625,0.36962890625
skis,86755,segm,1,4.999519348144531,1.6233302354812622,-708.247919652068,0.53857421875,0.404052734375
skis,86755,segm,2,4.8712592124938965,1.6474839448928833,-576.948366169715,0.56591796875,0.400634765625
skis,176901,bbox,0,4.902266025543213,1.4460513591766355,-291.00348525784784,0.50244140625,0.39013671875
skis,176901,bbox,1,5.336125373840332,1.476239800453186,-391.3630098594344,0.56201171875,0.400390625
skis,176901,bbox,2,5.3018083572387695,1.4185079336166382,-240.2217715038946,0.312255859375,0.370849609375
skis,176901,segm,0,5.301328182220459,1.4230482578277588,-416.5457730017374,0.468505859375,0.3876953125
skis,176901,segm,1,5.290225982666016,1.4215116500854492,-351.51978485797554,0.4345703125,0.384765625
skis,176901,segm,2,5.397487640380859,1.4081625938415527,-294.9093900110022,0.464599609375,0.38623046875
skis,197388,bbox,0,4.6526618003845215,1.5905883312225342,-752.6956391946646,0.63232421875,0.40380859375
skis,197388,bbox,1,4.520913124084473,1.5189355611801147,-1049.8487796038594,0.5361328125,0.3671875
skis,197388,bbox,2,4.852794647216797,1.5787016153335571,-938.845055839926,0.64599609375,0.388671875
skis,197388,segm,0,4.646410465240479,1.5349273681640625,-690.2915847836925,0.54296875,0.380615234375
skis,197388,segm,1,4.481635093688965,1.5512131452560425,-746.8754272907713,0.51611328125,0.398193359375
skis,197388,segm,2,4.588198184967041,1.6060781478881836,-696.7837965107346,0.5380859375,0.365478515625
skis,464144,bbox,0,4.393821239471436,1.5245943069458008,-360.0234895018757,0.44384765625,0.4326171875
skis,464144,bbox,1,4.502645015716553,1.4983320236206057,-280.5765775686716,0.65771484375,0.446044921875
skis,464144,bbox,2,4.517877101898193,1.4689751863479614,-443.54440630679983,0.498291015625,0.43603515625
skis,464144,segm,0,4.392883777618408,1.46619975566864,-339.41322864182644,0.490478515625,0.413818359375
skis,464144,segm,1,4.545391082763672,1.4778798818588257,-314.2854690896652,0.48876953125,0.415771484375
skis,464144,segm,2,4.289432525634766,1.440229058265686,-223.61281698044036,0.466552734375,0.421875
skis,377113,bbox,0,5.2022223472595215,1.5175758600234983,-356.1144984389514,0.1070556640625,0.243408203125
skis,377113,bbox,1,5.908292293548584,1.6144872903823853,-924.021180936641,0.1019287109375,0.2626953125
skis,377113,bbox,2,4.969790935516357,1.5745896100997925,-724.1198154074818,0.05987548828125,0.18505859375
skis,377113,segm,0,5.908292293548584,1.6144872903823853,-924.021180936641,0.1019287109375,0.2626953125
skis,377113,segm,1,5.908292293548584,1.6144872903823853,-924.021180936641,0.1019287109375,0.2626953125
skis,377113,segm,2,5.908292293548584,1.6144872903823853,-924.021180936641,0.1019287109375,0.2626953125
skis,80671,bbox,0,4.891937732696533,1.55769681930542,-593.6680472929702,0.451171875,0.350341796875
skis,80671,bbox,1,4.650238990783691,1.5183297395706177,-793.0316731456576,0.51416015625,0.3916015625
skis,80671,bbox,2,4.2954511642456055,1.4337314367294312,-608.115982930721,0.418212890625,0.34765625
skis,80671,segm,0,4.753726482391357,1.5074158906936646,-662.4000066428976,0.6103515625,0.3701171875
skis,80671,segm,1,4.672443389892578,1.4573049545288086,-723.5205950231646,0.587890625,0.35986328125
skis,80671,segm,2,4.6703691482543945,1.4808273315429688,-675.0913530720104,0.56591796875,0.364990234375
skis,561958,bbox,0,4.701247215270996,1.5012648105621338,-472.6644153582297,0.09185791015625,0.2919921875
skis,561958,bbox,1,4.715640068054199,1.5973732471466064,-581.728866901402,0.1436767578125,0.277587890625
skis,561958,bbox,2,4.696522235870361,1.503187656402588,-548.7083436823041,0.130615234375,0.27490234375
skis,561958,segm,0,4.923665046691895,1.445101022720337,-559.2300845479283,0.1627197265625,0.28076171875
skis,561958,segm,1,4.931794166564941,1.4992338418960571,-400.744886864808,0.1214599609375,0.297119140625
skis,561958,segm,2,5.002335548400879,1.5236130952835083,-543.1125812931368,0.1285400390625,0.29638671875
skis,30504,bbox,0,5.908292293548584,1.6144872903823853,-924.021180936641,0.1019287109375,0.2626953125
skis,30504,bbox,1,5.415141582489014,1.4512940645217896,-340.8203547059693,0.72607421875,0.433349609375
skis,30504,bbox,2,5.908292293548584,1.6144872903823853,-924.021180936641,0.1019287109375,0.2626953125
skis,30504,segm,0,5.908292293548584,1.6144872903823853,-924.021180936641,0.1019287109375,0.2626953125
skis,30504,segm,1,5.395505428314209,1.4735859632492063,-473.7798021624985,0.7685546875,0.45361328125
skis,30504,segm,2,5.908292293548584,1.6144872903823853,-924.021180936641,0.1019287109375,0.2626953125
skis,376112,bbox,0,5.344831943511963,1.4795823097229004,-470.2609630835241,0.587890625,0.44921875
skis,376112,bbox,1,5.330907821655273,1.5294029712677002,-481.3835267575632,0.541015625,0.450439453125
skis,376112,bbox,2,5.212706089019775,1.4583009481430054,-497.7307276811641,0.53173828125,0.447998046875
skis,376112,segm,0,4.866150379180908,1.4719014167785645,-236.74605727337843,0.410888671875,0.403564453125
skis,376112,segm,1,4.932250022888184,1.4876102209091189,-217.60904238379337,0.41015625,0.413330078125
skis,376112,segm,2,4.999823570251465,1.496140956878662,-241.53695532681283,0.395751953125,0.414794921875
skis,43314,bbox,0,5.908292293548584,1.6144872903823853,-924.021180936641,0.1019287109375,0.2626953125
skis,43314,bbox,1,5.936427116394043,1.4493811130523682,-420.9571930540917,0.250244140625,0.31787109375
skis,43314,bbox,2,5.908292293548584,1.6144872903823853,-924.021180936641,0.1019287109375,0.2626953125
skis,43314,segm,0,6.151927471160889,1.412342190742493,-353.4280573872611,0.3525390625,0.363525390625
skis,43314,segm,1,6.192865371704102,1.4121863842010498,-476.548463073626,0.357421875,0.367919921875
skis,43314,segm,2,6.198635101318359,1.3790189027786257,-331.0807435203633,0.313720703125,0.3720703125
skis,469828,bbox,0,3.535987377166748,1.2001417875289917,-703.5757417285686,0.12548828125,0.2435302734375
skis,469828,bbox,1,3.663576602935791,1.2774673700332642,-421.20089837280966,0.1004638671875,0.226806640625
skis,469828,bbox,2,3.605848550796509,1.2543889284133911,-399.29531442730286,0.20263671875,0.2481689453125
skis,469828,segm,0,3.5662214756011963,1.2673920392990112,-634.7846805748204,0.254150390625,0.31201171875
skis,469828,segm,1,3.5231430530548096,1.2162513732910156,-503.3799984306977,0.0290069580078125,0.23876953125
skis,469828,segm,2,3.529293775558472,1.193150758743286,-445.3498081497203,0.1602783203125,0.2841796875
skis,573258,bbox,0,4.837833881378174,1.449449062347412,-528.7185090758553,0.12359619140625,0.294677734375
skis,573258,bbox,1,4.971131324768066,1.5417437553405762,-553.8599402890172,0.036376953125,0.29345703125
skis,573258,bbox,2,5.02642822265625,1.4774175882339478,-363.0231399432303,0.0119171142578125,0.2484130859375
skis,573258,segm,0,4.964351654052734,1.5381510257720947,-607.9973318398047,0.143310546875,0.291015625
skis,573258,segm,1,4.900265693664551,1.5121219158172607,-658.5910918939499,0.0195465087890625,0.283447265625
skis,573258,segm,2,4.8771653175354,1.484441161155701,-537.6887323248034,0.056243896484375,0.292724609375
skis,33104,bbox,0,5.714076995849609,1.6608375310897827,-459.9015004578682,0.02862548828125,0.2137451171875
skis,33104,bbox,1,5.593898296356201,1.65751850605011,-447.8236125796048,0.0139541625976562,0.166748046875
skis,33104,bbox,2,5.646277904510498,1.6154950857162476,-394.9275716374543,0.06793212890625,0.2255859375
skis,33104,segm,0,5.523555755615234,1.5977548360824585,-467.9111785439459,0.0390625,0.199951171875
skis,33104,segm,1,5.487472057342529,1.6721298694610596,-584.1311800526005,0.05059814453125,0.2156982421875
skis,33104,segm,2,5.470595836639404,1.5907496213912964,-446.7930090450986,0.0214080810546875,0.22705078125
skis,314709,bbox,0,4.1113481521606445,1.5631974935531616,-261.7058273229991,0.44775390625,0.382080078125
skis,314709,bbox,1,4.027107238769531,1.5227142572402954,-439.6176208609559,0.28466796875,0.357177734375
skis,314709,bbox,2,3.8690414428710938,1.4758914709091189,-507.9559785277438,0.2235107421875,0.331298828125
skis,314709,segm,0,3.811889886856079,1.4126930236816406,-441.44941072586016,0.322509765625,0.367919921875
skis,314709,segm,1,3.820225477218628,1.4651427268981934,-422.04062528195846,0.3828125,0.384765625
skis,314709,segm,2,3.730567216873169,1.414949893951416,-411.2603222227544,0.3486328125,0.38037109375
skis,196442,bbox,0,4.097326278686523,1.451277732849121,-270.3148497886864,0.052703857421875,0.313720703125
skis,196442,bbox,1,4.186110019683838,1.3965988159179688,-337.79087422347743,0.5224609375,0.394775390625
skis,196442,bbox,2,3.855659008026123,1.3324686288833618,-470.9387109897393,0.2509765625,0.31103515625
skis,196442,segm,0,3.806138277053833,1.423905611038208,-529.6927215823837,0.4765625,0.383544921875
skis,196442,segm,1,3.867430448532105,1.409546971321106,-472.2835155637331,0.51123046875,0.390625
skis,196442,segm,2,3.675679922103882,1.344317078590393,-500.20623098877695,0.31689453125,0.38720703125
skis,401250,bbox,0,5.908292293548584,1.6144872903823853,-924.021180936641,0.1019287109375,0.2626953125
skis,401250,bbox,1,6.028916835784912,1.4537639617919922,-557.0571865151437,0.0052413940429687,0.284912109375
skis,401250,bbox,2,6.016870975494385,1.4957809448242188,-336.5467019315563,0.383544921875,0.3701171875
skis,401250,segm,0,5.682690143585205,1.5641027688980105,-549.760335147399,0.411865234375,0.38232421875
skis,401250,segm,1,5.749871253967285,1.570873737335205,-601.7171570801579,0.465576171875,0.38134765625
skis,401250,segm,2,5.676397800445557,1.5793662071228027,-605.5305498864643,0.486328125,0.388916015625
skis,53626,bbox,0,4.424118518829346,1.443886637687683,-561.9659923156737,0.62158203125,0.341796875
skis,53626,bbox,1,4.321742534637451,1.4124703407287598,-708.9949088469125,0.51806640625,0.321533203125
skis,53626,bbox,2,4.486700057983398,1.5763518810272217,-483.52208762209466,0.1954345703125,0.25439453125
skis,53626,segm,0,4.107808589935303,1.3909945487976074,-439.90490874146985,0.1510009765625,0.31689453125
skis,53626,segm,1,4.152324199676514,1.4571222066879272,-450.1244072939521,0.1822509765625,0.272705078125
skis,53626,segm,2,4.015383243560791,1.380945920944214,-684.07122194866,0.128173828125,0.310302734375
skis,342397,bbox,0,4.696307182312012,1.5303725004196167,-451.66721123392017,0.468017578125,0.3427734375
skis,342397,bbox,1,4.699728012084961,1.4934548139572144,-382.3700633367257,0.426025390625,0.37548828125
skis,342397,bbox,2,4.677433490753174,1.5025354623794556,-432.3051458953373,0.59423828125,0.3740234375
skis,342397,segm,0,4.418933868408203,1.5802968740463257,-588.8454087758553,0.50048828125,0.365234375
skis,342397,segm,1,4.380010604858398,1.5883798599243164,-452.9688620361826,0.50048828125,0.380615234375
skis,342397,segm,2,4.433338642120361,1.53239107131958,-489.01895327150896,0.60107421875,0.37890625
skis,541055,bbox,0,4.710929393768311,1.6627240180969238,-550.1203992081487,0.14404296875,0.224609375
skis,541055,bbox,1,4.399177551269531,1.4866955280303955,-894.3981229444987,0.59912109375,0.322509765625
skis,541055,bbox,2,4.253714561462402,1.4212745428085327,-579.416759971326,0.56640625,0.327880859375
skis,541055,segm,0,4.501925468444824,1.5150530338287354,-658.4206268650028,0.564453125,0.32275390625
skis,541055,segm,1,4.530191898345947,1.5558379888534546,-693.7652542206124,0.386962890625,0.25732421875
skis,541055,segm,2,4.418800354003906,1.4902349710464478,-400.1260304121706,0.400634765625,0.27490234375
skis,312720,bbox,0,5.0563178062438965,1.5463883876800537,-502.9800119454831,0.436767578125,0.35986328125
skis,312720,bbox,1,4.6303534507751465,1.5489121675491333,-405.88598570005934,0.486572265625,0.386474609375
skis,312720,bbox,2,4.991128444671631,1.585779070854187,-694.8429515463483,0.66796875,0.404052734375
skis,312720,segm,0,4.760613918304443,1.5575621128082275,-692.6559826798843,0.58740234375,0.36328125
skis,312720,segm,1,5.0114593505859375,1.55584716796875,-759.6368610069039,0.4970703125,0.36572265625
skis,312720,segm,2,4.822377681732178,1.5457819700241089,-754.4709127972201,0.642578125,0.36279296875
skis,5529,bbox,0,5.168034076690674,1.545185089111328,-490.3416757654611,0.05645751953125,0.2186279296875
skis,5529,bbox,1,4.875971794128418,1.5565835237503052,-302.73632985385694,0.019073486328125,0.1915283203125
skis,5529,bbox,2,5.2476654052734375,1.5188981294631958,-740.1930882290676,0.033843994140625,0.2435302734375
skis,5529,segm,0,4.7784833908081055,1.4644455909729004,-509.7043602030244,0.0247344970703125,0.237548828125
skis,5529,segm,1,4.637768268585205,1.4679386615753174,-477.68637730630553,0.041839599609375,0.224609375
skis,5529,segm,2,4.888538837432861,1.5276756286621094,-464.5391679856325,0.034393310546875,0.22216796875
skis,470952,bbox,0,5.908292293548584,1.6144872903823853,-924.021180936641,0.1019287109375,0.2626953125
skis,470952,bbox,1,5.527084827423096,1.462587833404541,-243.7411222037874,0.392333984375,0.390625
skis,470952,bbox,2,5.706554412841797,1.410555720329285,-359.795364978389,0.6083984375,0.419189453125
skis,470952,segm,0,5.533679962158203,1.458706021308899,-139.3259307253499,0.552734375,0.40673828125
skis,470952,segm,1,5.518786430358887,1.4471439123153689,-177.07675729163847,0.57568359375,0.425048828125
skis,470952,segm,2,5.570337772369385,1.4772697687149048,-251.3444434416651,0.6328125,0.431396484375
skis,2473,bbox,0,4.419168472290039,1.6134387254714966,-645.2674603896053,0.379638671875,0.365966796875
skis,2473,bbox,1,4.480297088623047,1.5692977905273438,-736.1221267595704,0.42919921875,0.363525390625
skis,2473,bbox,2,4.724902153015137,1.5738180875778198,-633.0922598942889,0.0075912475585937,0.2529296875
skis,2473,segm,0,4.252134323120117,1.5234776735305786,-784.0632129566507,0.56591796875,0.378173828125
skis,2473,segm,1,4.231192111968994,1.5671212673187256,-648.8456690433013,0.116455078125,0.299072265625
skis,2473,segm,2,4.356429576873779,1.5704292058944702,-549.3717726436289,0.375732421875,0.3671875
skis,99242,bbox,0,4.200708866119385,1.5004063844680786,-645.7802999709511,0.477294921875,0.35205078125
skis,99242,bbox,1,4.104928493499756,1.5534921884536743,-627.4209058618239,0.53515625,0.357177734375
skis,99242,bbox,2,4.113668918609619,1.4701591730117798,-537.3802595746733,0.67724609375,0.373291015625
skis,99242,segm,0,4.089602470397949,1.5025815963745115,-602.0123297375981,0.7392578125,0.43701171875
skis,99242,segm,1,4.022300720214844,1.4460697174072266,-618.6910119744866,0.64990234375,0.410888671875
skis,99242,segm,2,3.958494663238525,1.408077597618103,-535.6154824319246,0.740234375,0.421875
snowboard,343937,bbox,0,5.509308338165283,1.4625155925750732,-463.38591052390393,0.0787353515625,0.294677734375
snowboard,343937,bbox,1,5.304504871368408,1.493408441543579,-728.6186031304924,0.51171875,0.355712890625
snowboard,343937,bbox,2,5.214116096496582,1.4395380020141602,-459.42013004695855,0.64501953125,0.3779296875
snowboard,343937,segm,0,5.256015777587891,1.4482029676437378,-628.0464839135439,0.1339111328125,0.3076171875
snowboard,343937,segm,1,5.082642555236816,1.5021536350250244,-510.27971906186895,0.517578125,0.346435546875
snowboard,343937,segm,2,5.3563971519470215,1.4575470685958862,-509.1182473676188,0.437744140625,0.33740234375
snowboard,97679,bbox,0,5.36744499206543,1.4345521926879885,-475.03390962712456,0.61083984375,0.352294921875
snowboard,97679,bbox,1,5.551697731018066,1.5098130702972412,-402.0736077032061,0.5712890625,0.359619140625
snowboard,97679,bbox,2,4.710597038269043,1.551116943359375,-388.26933913182665,0.10760498046875,0.291259765625
snowboard,97679,segm,0,5.581600189208984,1.4811309576034546,-659.0425369323334,0.740234375,0.35693359375
snowboard,97679,segm,1,5.557533264160156,1.502866506576538,-603.5237031973088,0.135498046875,0.314697265625
snowboard,97679,segm,2,5.106442451477051,1.5111746788024902,-386.1358248042973,0.12469482421875,0.28564453125
snowboard,217872,bbox,0,5.13011360168457,1.5242648124694824,-729.2346266350069,0.71875,0.4404296875
snowboard,217872,bbox,1,5.019806861877441,1.5148497819900513,-662.9901294743145,0.64892578125,0.446044921875
snowboard,217872,bbox,2,5.3309326171875,1.5170177221298218,-632.4840097789861,0.51025390625,0.341796875
snowboard,217872,segm,0,5.426263809204102,1.4507380723953247,-581.9323046298305,0.7490234375,0.459228515625
snowboard,217872,segm,1,5.333643436431885,1.398122787475586,-576.3755397024588,0.71533203125,0.4462890625
snowboard,217872,segm,2,5.376486301422119,1.46975576877594,-776.3077433403823,0.7451171875,0.458984375
snowboard,563349,bbox,0,4.531361103057861,1.4924592971801758,-453.2049633320587,0.64892578125,0.35693359375
snowboard,563349,bbox,1,5.311335563659668,1.5341922044754028,-455.3711458887615,0.6787109375,0.35302734375
snowboard,563349,bbox,2,4.889092922210693,1.4677293300628662,-634.5895430315159,0.76904296875,0.386474609375
snowboard,563349,segm,0,4.665262699127197,1.47055983543396,-640.0586785220589,0.5009765625,0.36767578125
snowboard,563349,segm,1,5.081052780151367,1.544634461402893,-505.0153156148263,0.83544921875,0.390380859375
snowboard,563349,segm,2,4.80739688873291,1.4587794542312622,-588.4187177939257,0.630859375,0.34423828125
snowboard,44195,bbox,0,5.482685565948486,1.4263949394226074,-312.5019438861664,0.5986328125,0.432861328125
snowboard,44195,bbox,1,5.5926432609558105,1.4587675333023071,-378.5845519325967,0.466064453125,0.402099609375
snowboard,44195,bbox,2,5.267643928527832,1.4724023342132568,-599.8394059725647,0.72802734375,0.43505859375
snowboard,44195,segm,0,5.473382472991943,1.414698600769043,-642.54305028924,0.66064453125,0.432861328125
snowboard,44195,segm,1,5.468246936798096,1.444849729537964,-500.7479308392535,0.6474609375,0.427001953125
snowboard,44195,segm,2,5.426035404205322,1.4437103271484375,-500.01636735977854,0.61083984375,0.422607421875
snowboard,492968,bbox,0,4.293309688568115,1.363395094871521,-768.9880480100146,0.336181640625,0.36279296875
snowboard,492968,bbox,1,4.039626598358154,1.3404265642166138,-827.8138858431098,0.1400146484375,0.365478515625
snowboard,492968,bbox,2,3.785400629043579,1.3363217115402222,-724.3030933047239,0.1895751953125,0.37158203125
snowboard,492968,segm,0,4.227046966552734,1.3683639764785769,-560.9374416161797,0.1617431640625,0.3544921875
snowboard,492968,segm,1,4.160845756530762,1.3185985088348389,-521.5633843326664,0.0208587646484375,0.31298828125
snowboard,492968,segm,2,4.166860580444336,1.3572125434875488,-475.9308925701412,0.3271484375,0.368408203125
snowboard,400044,bbox,0,4.226364612579346,1.433296799659729,-567.2434123085936,0.53125,0.35205078125
snowboard,400044,bbox,1,4.376456737518311,1.4196399450302124,-544.5694805863156,0.475341796875,0.439453125
snowboard,400044,bbox,2,4.097289085388184,1.395837426185608,-456.3932240232732,0.28271484375,0.400390625
snowboard,400044,segm,0,4.60068416595459,1.454411864280701,-526.2715967946408,0.2340087890625,0.35400390625
snowboard,400044,segm,1,4.499567031860352,1.4470207691192627,-462.7073080287034,0.206298828125,0.35107421875
snowboard,400044,segm,2,4.380692005157471,1.4388201236724854,-556.9094097666948,0.2119140625,0.352783203125
snowboard,425906,bbox,0,5.316874027252197,1.4548969268798828,-632.5079534446802,0.458984375,0.3642578125
snowboard,425906,bbox,1,5.19916296005249,1.4498172998428345,-502.81950149739214,0.19091796875,0.301025390625
snowboard,425906,bbox,2,4.9782233238220215,1.433146357536316,-344.33462045605575,0.202880859375,0.336181640625
snowboard,425906,segm,0,4.968974590301514,1.483823537826538,-544.3283904769021,0.736328125,0.40234375
snowboard,425906,segm,1,5.105270862579346,1.4877443313598633,-451.3475822608616,0.76806640625,0.40869140625
snowboard,425906,segm,2,4.941744804382324,1.4879320859909058,-545.6627244505262,0.78369140625,0.41748046875
snowboard,95155,bbox,0,4.9289093017578125,1.4937077760696411,-554.9649116078326,0.57275390625,0.408447265625
snowboard,95155,bbox,1,4.804999351501465,1.536578893661499,-448.5362667325151,0.429931640625,0.380615234375
snowboard,95155,bbox,2,4.780277252197266,1.527184247970581,-519.5609654468203,0.529296875,0.36767578125
snowboard,95155,segm,0,5.02425479888916,1.5199460983276367,-574.0950553850589,0.39013671875,0.371337890625
snowboard,95155,segm,1,4.976110458374023,1.4996552467346191,-625.9186824057842,0.2578125,0.342041015625
snowboard,95155,segm,2,5.029563903808594,1.5135767459869385,-494.8123996827144,0.353759765625,0.399169921875
snowboard,36539,bbox,0,5.773074626922607,1.4814716577529907,-515.9467950156525,0.164306640625,0.2568359375
snowboard,36539,bbox,1,5.793743133544922,1.471190333366394,-614.4287375333656,0.1453857421875,0.24658203125
snowboard,36539,bbox,2,5.908292293548584,1.6144872903823853,-924.021180936641,0.10980224609375,0.268798828125
snowboard,36539,segm,0,5.753275871276856,1.4506845474243164,-527.133166485829,0.30908203125,0.279541015625
snowboard,36539,segm,1,5.818027973175049,1.4577091932296753,-543.4271241786564,0.12353515625,0.255859375
snowboard,36539,segm,2,5.573302745819092,1.4917865991592407,-745.5834738388235,0.303955078125,0.30078125
snowboard,23359,bbox,0,5.331323623657227,1.5772627592086792,-651.3557849973413,0.0239105224609375,0.3349609375
snowboard,23359,bbox,1,4.845372200012207,1.5619653463363647,-449.8785376991427,0.0027141571044921,0.30810546875
snowboard,23359,bbox,2,5.016599178314209,1.4899276494979858,-364.2603423396649,0.02294921875,0.31005859375
snowboard,23359,segm,0,5.318243980407715,1.5474810600280762,-519.5331441406875,0.0157470703125,0.26171875
snowboard,23359,segm,1,5.721349239349365,1.5040041208267212,-504.2066427138052,0.037933349609375,0.293212890625
snowboard,23359,segm,2,5.537955284118652,1.4796816110610962,-547.6189150186242,0.09149169921875,0.3076171875
snowboard,350405,bbox,0,3.9492456912994394,1.272562861442566,-633.7160889426023,0.470947265625,0.405029296875
snowboard,350405,bbox,1,3.8525478839874263,1.3236589431762695,-348.57619263516744,0.53125,0.458984375
snowboard,350405,bbox,2,3.8960256576538086,1.2793645858764648,-383.7289544729165,0.4150390625,0.427978515625
snowboard,350405,segm,0,4.091687679290772,1.2972559928894043,-442.0028540042422,0.389892578125,0.3779296875
snowboard,350405,segm,1,4.096709728240967,1.3189069032669067,-556.2570008842272,0.32275390625,0.377197265625
snowboard,350405,segm,2,4.172472953796387,1.32793390750885,-433.3304779548512,0.1666259765625,0.34375
snowboard,125257,bbox,0,5.697969913482666,1.5661224126815796,-781.0325413291184,0.019989013671875,0.2340087890625
snowboard,125257,bbox,1,5.510839939117432,1.5889892578125,-1062.518805952769,0.0198822021484375,0.251708984375
snowboard,125257,bbox,2,5.392527103424072,1.5300936698913574,-604.1690234302469,0.01837158203125,0.2705078125
snowboard,125257,segm,0,5.601874828338623,1.5634112358093262,-848.5828664745923,0.0153656005859375,0.218505859375
snowboard,125257,segm,1,5.580348968505859,1.5655075311660769,-1529.3204683927106,0.0084762573242187,0.2098388671875
snowboard,125257,segm,2,5.429846286773682,1.6059178113937378,-595.0752695337319,0.035247802734375,0.220703125
snowboard,387916,bbox,0,4.69574785232544,1.4733458757400513,-557.3334755542292,0.1859130859375,0.29833984375
snowboard,387916,bbox,1,4.7296905517578125,1.5053387880325315,-556.1028550310275,0.326171875,0.310302734375
snowboard,387916,bbox,2,4.350107192993164,1.4852097034454346,-423.2771724238232,0.2939453125,0.364990234375
snowboard,387916,segm,0,4.465240955352783,1.419224977493286,-335.21358870818926,0.42919921875,0.36279296875
snowboard,387916,segm,1,4.30333137512207,1.4400843381881714,-491.7313197514618,0.7587890625,0.41650390625
snowboard,387916,segm,2,4.644708633422852,1.4234404563903809,-609.5032371599309,0.7314453125,0.40869140625
snowboard,341719,bbox,0,4.68190860748291,1.5370337963104248,-541.2928428064072,0.6484375,0.4091796875
snowboard,341719,bbox,1,4.771774768829346,1.5421580076217651,-441.87779433288256,0.337158203125,0.3427734375
snowboard,341719,bbox,2,4.895110607147217,1.502511501312256,-582.9026866476443,0.369873046875,0.33935546875
snowboard,341719,segm,0,4.612982749938965,1.552451252937317,-448.1445886625611,0.60009765625,0.378173828125
snowboard,341719,segm,1,4.701714992523193,1.5603176355361938,-386.4099558625735,0.481201171875,0.33447265625
snowboard,341719,segm,2,4.718583106994629,1.488006353378296,-374.3925520902194,0.250732421875,0.327880859375
snowboard,94944,bbox,0,5.984841823577881,1.3143742084503174,-376.9397863933848,0.64306640625,0.39892578125
snowboard,94944,bbox,1,5.522567272186279,1.4329768419265747,-434.4469404349136,0.681640625,0.425537109375
snowboard,94944,bbox,2,5.704642295837402,1.3758924007415771,-583.24994532392,0.67431640625,0.40771484375
snowboard,94944,segm,0,5.815160274505615,1.3863190412521362,-578.4780202169322,0.69970703125,0.398681640625
snowboard,94944,segm,1,5.729564666748047,1.4307769536972046,-430.7943577757408,0.5654296875,0.381591796875
snowboard,94944,segm,2,5.768715858459473,1.43253493309021,-375.2085323262036,0.51220703125,0.340087890625
snowboard,407650,bbox,0,5.360207557678223,1.4580482244491575,-891.9956757463879,0.037811279296875,0.2763671875
snowboard,407650,bbox,1,5.2108073234558105,1.4528733491897583,-690.2855866149334,0.053955078125,0.322265625
snowboard,407650,bbox,2,4.981276512145996,1.4669498205184937,-517.6679771286817,0.32470703125,0.367431640625
snowboard,407650,segm,0,5.126401901245117,1.539291262626648,-708.5198365638616,0.1705322265625,0.340087890625
snowboard,407650,segm,1,5.151876449584961,1.5274258852005005,-541.7547599926252,0.286865234375,0.356201171875
snowboard,407650,segm,2,5.018956184387207,1.4567712545394895,-712.7942037127632,0.31787109375,0.327880859375
snowboard,447465,bbox,0,5.342301845550537,1.417743444442749,-483.52702314535054,0.28662109375,0.345947265625
snowboard,447465,bbox,1,5.622973918914795,1.4260964393615725,-411.8028122074518,0.2783203125,0.338623046875
snowboard,447465,bbox,2,5.364991664886475,1.389594554901123,-547.9403322337457,0.11724853515625,0.3427734375
snowboard,447465,segm,0,5.393338680267334,1.4027633666992188,-418.6754013986442,0.0095596313476562,0.31689453125
snowboard,447465,segm,1,5.331186294555664,1.374598264694214,-407.3761926937091,0.009613037109375,0.304443359375
snowboard,447465,segm,2,5.3480634689331055,1.399671196937561,-470.5366796677242,0.0088119506835937,0.326171875
snowboard,74860,bbox,0,5.04345703125,1.5134153366088867,-623.8472924006924,0.51416015625,0.35302734375
snowboard,74860,bbox,1,5.323758602142334,1.6097723245620728,-481.8471314088615,0.67626953125,0.42529296875
snowboard,74860,bbox,2,5.581083297729492,1.5586886405944824,-473.0795405492336,0.619140625,0.437255859375
snowboard,74860,segm,0,5.413506984710693,1.4825661182403564,-492.090590341983,0.49169921875,0.37158203125
snowboard,74860,segm,1,5.043883323669434,1.611158013343811,-497.0591103430843,0.5244140625,0.357421875
snowboard,74860,segm,2,5.597089767456055,1.5085952281951904,-481.8347162423656,0.7041015625,0.37744140625
snowboard,89078,bbox,0,5.581213474273682,1.565030217170715,-497.4918797431049,0.278564453125,0.256591796875
snowboard,89078,bbox,1,5.590760707855225,1.5941394567489624,-650.2832532522202,0.27978515625,0.284912109375
snowboard,89078,bbox,2,5.3389387130737305,1.6216703653335571,-657.8404553754763,0.22900390625,0.260986328125
snowboard,89078,segm,0,5.498707294464111,1.5156441926956177,-625.0113377485345,0.2239990234375,0.2744140625
snowboard,89078,segm,1,5.297795295715332,1.5393297672271729,-639.9486696690078,0.131591796875,0.2432861328125
snowboard,89078,segm,2,5.230323314666748,1.524970293045044,-405.9963347813682,0.181640625,0.274658203125
sports ball,438862,bbox,0,4.384541988372803,1.368624210357666,-978.2645179293976,0.324951171875,0.3671875
sports ball,438862,bbox,1,4.200440406799316,1.3887999057769775,-515.8014355525966,0.1170654296875,0.357177734375
sports ball,438862,bbox,2,4.309255123138428,1.404592514038086,-677.5190535453521,0.279296875,0.389892578125
sports ball,438862,segm,0,4.234476089477539,1.4268854856491089,-581.9034175397069,0.1409912109375,0.3525390625
sports ball,438862,segm,1,4.080087184906006,1.3948068618774414,-452.6636022224589,0.1617431640625,0.374267578125
sports ball,438862,segm,2,4.309844017028809,1.3757015466690063,-524.336445395222,0.181640625,0.370849609375
sports ball,179285,bbox,0,4.550395011901856,1.4147621393203735,-582.6666775421079,0.200439453125,0.385498046875
sports ball,179285,bbox,1,4.936682224273682,1.4853872060775757,-205.82566130238408,0.59326171875,0.35791015625
sports ball,179285,bbox,2,5.125375270843506,1.4913558959960938,-201.41897776488915,0.398193359375,0.3603515625
sports ball,179285,segm,0,4.693833351135254,1.4203232526779177,-730.2503759512799,0.251953125,0.373046875
sports ball,179285,segm,1,4.989472389221191,1.4686119556427002,-159.80367215468684,0.59619140625,0.3427734375
sports ball,179285,segm,2,5.467048168182373,1.4746397733688354,-188.2683872656193,0.33056640625,0.336181640625
sports ball,257624,bbox,0,4.282245635986328,1.3444185256958008,-867.9442920768236,0.52490234375,0.406005859375
sports ball,257624,bbox,1,4.311931610107422,1.3880763053894043,-665.383717111471,0.552734375,0.405517578125
sports ball,257624,bbox,2,5.908292293548584,1.6144872903823853,-924.021180936641,0.25341796875,0.27392578125
sports ball,257624,segm,0,4.284017086029053,1.3391400575637815,-533.2476123780798,0.5859375,0.413818359375
sports ball,257624,segm,1,4.3715338706970215,1.408409833908081,-722.2198634950953,0.58544921875,0.415771484375
sports ball,257624,segm,2,4.314318656921387,1.3754743337631226,-1036.7983202284302,0.61181640625,0.391845703125
sports ball,225405,bbox,0,3.685278654098511,1.2296360731124878,-467.0791957525316,0.5341796875,0.42236328125
sports ball,225405,bbox,1,3.7296738624572754,1.2864495515823364,-345.8077947379195,0.1666259765625,0.40966796875
sports ball,225405,bbox,2,3.720622539520264,1.295707106590271,-481.5326605280848,0.206298828125,0.37646484375
sports ball,225405,segm,0,3.695961236953736,1.287578821182251,-456.936447594228,0.115234375,0.34423828125
sports ball,225405,segm,1,3.77501916885376,1.2829562425613403,-373.651745798069,0.168212890625,0.384033203125
sports ball,225405,segm,2,5.908292293548584,1.6144872903823853,-924.021180936641,0.25341796875,0.27392578125
sports ball,60102,bbox,0,4.817154407501221,1.5245521068572998,-796.1796776291492,0.1494140625,0.393310546875
sports ball,60102,bbox,1,4.290673732757568,1.351180911064148,-309.2824530652747,0.127197265625,0.364990234375
sports ball,60102,bbox,2,4.2786054611206055,1.3522205352783203,-395.0089441948824,0.65625,0.466064453125
sports ball,60102,segm,0,4.384316921234131,1.4648479223251345,-392.438304498668,0.5556640625,0.404296875
sports ball,60102,segm,1,4.28781795501709,1.3593790531158447,-474.9695717194932,0.0217132568359375,0.338623046875
sports ball,60102,segm,2,4.333456516265869,1.3961330652236938,-311.3711861480506,0.72509765625,0.464599609375
sports ball,308476,bbox,0,4.229403972625732,1.432803511619568,-294.28106360707835,0.0061683654785156,0.2301025390625
sports ball,308476,bbox,1,5.043293952941895,1.4576137065887451,-403.2835152404997,0.08245849609375,0.337890625
sports ball,308476,bbox,2,4.964558124542236,1.4909154176712036,-338.6999772062084,0.03436279296875,0.150634765625
sports ball,308476,segm,0,4.347661972045898,1.392160177230835,-340.88510499092297,0.045379638671875,0.33642578125
sports ball,308476,segm,1,4.811150550842285,1.4856929779052734,-396.2563677194672,0.07281494140625,0.359130859375
sports ball,308476,segm,2,4.886163234710693,1.5269948244094849,-348.22803560446323,0.0477294921875,0.299072265625
sports ball,410880,bbox,0,5.211740493774414,1.5680508613586426,-743.683920617814,0.0015163421630859,0.1787109375
sports ball,410880,bbox,1,4.424566268920898,1.6345093250274658,-736.7179218775186,0.1622314453125,0.269775390625
sports ball,410880,bbox,2,4.582357883453369,1.5680558681488037,-700.8553181713919,0.1402587890625,0.303466796875
sports ball,410880,segm,0,4.559861660003662,1.5658985376358032,-480.1402540392787,0.1295166015625,0.270751953125
sports ball,410880,segm,1,4.49885368347168,1.611462116241455,-538.3144215097268,0.03485107421875,0.2093505859375
sports ball,410880,segm,2,4.517329692840576,1.5975630283355713,-605.5295095331817,0.2802734375,0.284423828125
sports ball,407298,bbox,0,4.115028381347656,1.4672707319259644,-363.02996439337954,0.0859375,0.2890625
sports ball,407298,bbox,1,4.365355968475342,1.4749330282211304,-512.3825549480975,0.0019416809082031,0.2430419921875
sports ball,407298,bbox,2,4.612525463104248,1.5790321826934814,-459.1502376404578,0.0021991729736328,0.214111328125
sports ball,407298,segm,0,4.027315139770508,1.4332754611968994,-428.05496947478105,0.0391845703125,0.234130859375
sports ball,407298,segm,1,4.1587443351745605,1.4408814907073977,-335.9105505189775,0.10614013671875,0.285400390625
sports ball,407298,segm,2,4.222260475158691,1.4152605533599854,-452.4244653957171,0.056488037109375,0.3046875
sports ball,347930,bbox,0,5.038441181182861,1.6133685111999512,-622.2042561489386,0.023223876953125,0.190673828125
sports ball,347930,bbox,1,4.753118991851807,1.6364476680755615,-474.2912911637434,0.018524169921875,0.200439453125
sports ball,347930,bbox,2,5.0261664390563965,1.5741453170776367,-746.0961528120672,0.17041015625,0.36376953125
sports ball,347930,segm,0,5.061639785766602,1.612766146659851,-507.0182656410807,0.0200042724609375,0.2166748046875
sports ball,347930,segm,1,5.02202844619751,1.602258563041687,-422.8170035227509,0.03533935546875,0.229248046875
sports ball,347930,segm,2,5.29953670501709,1.5474822521209717,-796.3669638557586,0.1634521484375,0.338623046875
sports ball,190236,bbox,0,4.615813732147217,1.522241234779358,-462.99050200170177,0.1273193359375,0.27734375
sports ball,190236,bbox,1,5.908292293548584,1.6144872903823853,-924.021180936641,0.25341796875,0.27392578125
sports ball,190236,bbox,2,4.261063098907471,1.4109883308410645,-419.5067255632844,0.135009765625,0.302978515625
sports ball,190236,segm,0,5.082334041595459,1.515231966972351,-400.2456873287815,0.08038330078125,0.2427978515625
sports ball,190236,segm,1,5.908292293548584,1.6144872903823853,-924.021180936641,0.25341796875,0.27392578125
sports ball,190236,segm,2,3.989403963088989,1.3367921113967896,-420.2794652267712,0.310546875,0.31298828125
sports ball,12062,bbox,0,4.661513805389404,1.6147427558898926,-393.3072314337235,0.0011138916015625,0.15283203125
sports ball,12062,bbox,1,4.61313009262085,1.545685052871704,-337.029564212231,0.0033378601074218,0.1768798828125
sports ball,12062,bbox,2,4.556924343109131,1.5418447256088257,-776.4971690816378,0.0027732849121093,0.177978515625
sports ball,12062,segm,0,4.491937160491943,1.5974247455596924,-721.7797248962079,0.0050697326660156,0.1859130859375
sports ball,12062,segm,1,4.370978355407715,1.4747602939605713,-508.7579328733632,0.007476806640625,0.1907958984375
sports ball,12062,segm,2,4.653506755828857,1.5916627645492554,-577.7904550263729,0.0041275024414062,0.1666259765625
sports ball,42296,bbox,0,4.416043281555176,1.3067913055419922,-415.2939171236308,0.255126953125,0.41455078125
sports ball,42296,bbox,1,4.97967004776001,1.3466564416885376,-520.9356996034235,0.0753173828125,0.375732421875
sports ball,42296,bbox,2,4.922878265380859,1.37421452999115,-478.9525721209708,0.1517333984375,0.39990234375
sports ball,42296,segm,0,4.687108039855957,1.3281291723251345,-252.20001246751164,0.427490234375,0.4130859375
sports ball,42296,segm,1,5.05183744430542,1.4288281202316284,-569.3039974126154,0.2418212890625,0.397705078125
sports ball,42296,segm,2,4.914230346679688,1.3660107851028442,-535.1873051682609,0.1656494140625,0.39892578125
sports ball,463690,bbox,0,5.316555976867676,1.5444166660308838,-818.6795987036967,0.0009756088256835,0.1826171875
sports ball,463690,bbox,1,4.982892990112305,1.5344294309616089,-715.0430773993528,0.8466796875,0.382568359375
sports ball,463690,bbox,2,5.324921131134033,1.5541934967041016,-448.5319761086876,0.0063896179199218,0.1480712890625
sports ball,463690,segm,0,4.877138614654541,1.4874156713485718,-622.6019718738494,0.0908203125,0.301025390625
sports ball,463690,segm,1,5.062385559082031,1.4825705289840698,-422.3615705288637,0.7763671875,0.411376953125
sports ball,463690,segm,2,4.827576637268066,1.5210570096969604,-448.34720105470205,0.16943359375,0.288818359375
sports ball,457559,bbox,0,3.7480506896972656,1.2696495056152344,-816.936805692261,0.10357666015625,0.3828125
sports ball,457559,bbox,1,3.995457410812378,1.325990915298462,-792.7104836314011,0.1669921875,0.40966796875
sports ball,457559,bbox,2,3.932861566543579,1.2662863731384275,-593.4641112991424,0.373046875,0.433837890625
sports ball,457559,segm,0,3.829054594039917,1.2840814590454102,-526.2709779467141,0.067626953125,0.33056640625
sports ball,457559,segm,1,3.9838707447052,1.293446063995361,-675.498237452719,0.1588134765625,0.40087890625
sports ball,457559,segm,2,3.929567813873291,1.2982794046401978,-315.3111326608373,0.363525390625,0.417724609375
sports ball,371552,bbox,0,4.114838600158691,1.418124079704285,-232.0182343084084,0.5693359375,0.449462890625
sports ball,371552,bbox,1,3.8542227745056152,1.3564187288284302,-768.6466606322576,0.44140625,0.425048828125
sports ball,371552,bbox,2,4.0776686668396,1.43142831325531,-733.4025848478982,0.334716796875,0.43603515625
sports ball,371552,segm,0,3.9404819011688232,1.4148935079574585,-335.1362099979574,0.258056640625,0.417236328125
sports ball,371552,segm,1,3.819639205932617,1.3399323225021362,-601.4731754882355,0.2301025390625,0.4169921875
sports ball,371552,segm,2,3.9412550926208496,1.3693442344665527,-734.2307690650703,0.28759765625,0.44970703125
sports ball,398203,bbox,0,4.150067329406738,1.395602464675903,-466.1582064226004,0.2340087890625,0.394287109375
sports ball,398203,bbox,1,3.996902704238892,1.413187026977539,-362.7757240585465,0.1632080078125,0.392333984375
sports ball,398203,bbox,2,3.937433481216431,1.2997105121612549,-360.3756850454681,0.6455078125,0.443115234375
sports ball,398203,segm,0,4.024868011474609,1.3877068758010864,-270.187944156241,0.275634765625,0.397705078125
sports ball,398203,segm,1,4.015401363372803,1.3789018392562866,-346.9221555385716,0.1689453125,0.376220703125
sports ball,398203,segm,2,3.98020339012146,1.321187138557434,-325.181963632343,0.52783203125,0.447021484375
sports ball,398742,bbox,0,5.147428035736084,1.5905357599258425,-698.5833232157634,0.4921875,0.397705078125
sports ball,398742,bbox,1,4.844586372375488,1.513312816619873,-514.8806495038007,0.748046875,0.438232421875
sports ball,398742,bbox,2,4.952737331390381,1.5261962413787842,-454.21511411212737,0.73388671875,0.435302734375
sports ball,398742,segm,0,4.877212047576904,1.5795156955718994,-479.9439196639187,0.479736328125,0.389404296875
sports ball,398742,segm,1,4.971704483032227,1.4930542707443235,-456.0910941156985,0.7138671875,0.415771484375
sports ball,398742,segm,2,5.136782169342041,1.4971661567687988,-451.47627969452833,0.7509765625,0.442626953125
sports ball,22935,bbox,0,4.334639549255371,1.415604829788208,-314.79116474599937,0.47265625,0.384765625
sports ball,22935,bbox,1,4.265076637268066,1.382906198501587,-467.1857713174732,0.72509765625,0.441650390625
sports ball,22935,bbox,2,4.241288661956787,1.3636726140975952,-202.17518998735972,0.57421875,0.43212890625
sports ball,22935,segm,0,4.384612083435059,1.4678683280944824,-441.3769375733432,0.4599609375,0.3916015625
sports ball,22935,segm,1,5.908292293548584,1.6144872903823853,-924.021180936641,0.25341796875,0.27392578125
sports ball,22935,segm,2,4.054351329803467,1.349597692489624,-556.1595106326145,0.59130859375,0.42138671875
sports ball,328601,bbox,0,3.954871892929077,1.3612079620361328,-511.0719490022202,0.1356201171875,0.304443359375
sports ball,328601,bbox,1,3.993159294128418,1.4317525625228882,-460.2916508411864,0.1507568359375,0.32568359375
sports ball,328601,bbox,2,3.939797401428223,1.3524811267852783,-276.40159674266715,0.0703125,0.313232421875
sports ball,328601,segm,0,4.040794372558594,1.3931398391723633,-468.90167700521033,0.1441650390625,0.316162109375
sports ball,328601,segm,1,4.153872013092041,1.468078851699829,-425.70254166130746,0.08709716796875,0.301513671875
sports ball,328601,segm,2,3.9429779052734375,1.383413314819336,-359.9200719617672,0.053192138671875,0.29345703125
sports ball,162732,bbox,0,3.9504103660583496,1.2219713926315308,-678.9409527601135,0.51513671875,0.399658203125
sports ball,162732,bbox,1,3.934590339660645,1.225437879562378,-565.0786663319681,0.275634765625,0.371337890625
sports ball,162732,bbox,2,4.014328479766846,1.2870283126831057,-279.91789145486854,0.58447265625,0.427978515625
sports ball,162732,segm,0,4.190630435943604,1.3121365308761597,-719.7335568098408,0.4267578125,0.38671875
sports ball,162732,segm,1,4.200130462646484,1.2971835136413574,-581.6411491156082,0.302978515625,0.380126953125
sports ball,162732,segm,2,4.091775417327881,1.290126085281372,-521.4646361682289,0.41259765625,0.41748046875
sports ball,474028,bbox,0,4.468557357788086,1.5125073194503784,-599.7709400495581,0.4501953125,0.429443359375
sports ball,474028,bbox,1,4.4993815422058105,1.498019456863403,-386.947013784829,0.1783447265625,0.345947265625
sports ball,474028,bbox,2,4.757498741149902,1.439347743988037,-439.1587364237512,0.314453125,0.367431640625
sports ball,474028,segm,0,4.518913745880127,1.5231817960739136,-864.1752304866702,0.3369140625,0.41845703125
sports ball,474028,segm,1,4.575056552886963,1.5052225589752195,-607.8177986345081,0.2442626953125,0.327880859375
sports ball,474028,segm,2,4.863887786865234,1.426592230796814,-585.485565885413,0.193603515625,0.380859375
sports ball,238013,bbox,0,5.223501682281494,1.476038932800293,-496.9954491944825,0.08343505859375,0.275634765625
sports ball,238013,bbox,1,5.275362491607666,1.4995050430297852,-510.3956559065896,0.12139892578125,0.311767578125
sports ball,238013,bbox,2,5.114353656768799,1.5025699138641355,-567.6351230383632,0.057586669921875,0.297607421875
sports ball,238013,segm,0,5.646714687347412,1.7145142555236816,-649.7223688819872,0.032379150390625,0.30029296875
sports ball,238013,segm,1,4.980766773223877,1.623679518699646,-711.0044043933844,0.037109375,0.302978515625
sports ball,238013,segm,2,4.824830055236816,1.5266036987304688,-651.1737573232358,0.087890625,0.26220703125
stop sign,333697,bbox,0,5.61978006362915,1.3772237300872805,-397.3352694869645,0.1365966796875,0.34130859375
stop sign,333697,bbox,1,5.553648948669434,1.5181447267532349,-401.58885068305017,0.051788330078125,0.32861328125
stop sign,333697,bbox,2,5.7381367683410645,1.4163907766342163,-471.2074096488436,0.0271759033203125,0.29833984375
stop sign,333697,segm,0,5.490812301635742,1.4201927185058594,-483.25054650752986,0.323486328125,0.33984375
stop sign,333697,segm,1,5.337685108184815,1.5161542892456057,-414.0525151674976,0.152099609375,0.33837890625
stop sign,333697,segm,2,5.274717807769775,1.565962314605713,-410.4935329761775,0.470458984375,0.399658203125
stop sign,104198,bbox,0,5.3536481857299805,1.3448121547698977,-464.67361509815873,0.64453125,0.5107421875
stop sign,104198,bbox,1,5.293989658355713,1.261023998260498,-362.6527614813904,0.65625,0.494873046875
stop sign,104198,bbox,2,5.908292293548584,1.6144872903823853,-924.021180936641,0.154541015625,0.30517578125
stop sign,104198,segm,0,5.186714172363281,1.3557974100112915,-451.68511429721775,0.65087890625,0.51123046875
stop sign,104198,segm,1,5.032071113586426,1.305367350578308,-413.4408985384255,0.53076171875,0.45654296875
stop sign,104198,segm,2,5.16473388671875,1.371406316757202,-383.64182275507983,0.6376953125,0.5078125
stop sign,225946,bbox,0,5.041224479675293,1.5088276863098145,-391.6775549844545,0.292724609375,0.28955078125
stop sign,225946,bbox,1,5.323298454284668,1.4869688749313354,-498.8657088590962,0.0280303955078125,0.2978515625
stop sign,225946,bbox,2,4.9850053787231445,1.4301271438598633,-573.5145290835712,0.62109375,0.431396484375
stop sign,225946,segm,0,4.9517502784729,1.4247547388076782,-504.9810388878693,0.58251953125,0.38330078125
stop sign,225946,segm,1,5.135119438171387,1.4369741678237915,-688.4238621676732,0.220458984375,0.330078125
stop sign,225946,segm,2,5.055146217346191,1.4747936725616455,-486.9181158417316,0.69873046875,0.4462890625
stop sign,95899,bbox,0,5.217389106750488,1.5269733667373655,-623.6310408504135,0.64794921875,0.490966796875
stop sign,95899,bbox,1,5.908292293548584,1.6144872903823853,-924.021180936641,0.154541015625,0.30517578125
stop sign,95899,bbox,2,5.449990272521973,1.548067331314087,-518.943268435793,0.5458984375,0.4677734375
stop sign,95899,segm,0,5.170792102813721,1.4979201555252075,-545.3553182165892,0.576171875,0.458740234375
stop sign,95899,segm,1,5.123940467834473,1.6221762895584106,-488.6831550063032,0.53759765625,0.4453125
stop sign,95899,segm,2,5.374206066131592,1.5894083976745603,-519.2464456634639,0.5341796875,0.44970703125
stop sign,579893,bbox,0,5.467409610748291,1.412494659423828,-496.7183517863857,0.494873046875,0.44140625
stop sign,579893,bbox,1,5.2375569343566895,1.4111100435256958,-565.5738970173709,0.5068359375,0.4541015625
stop sign,579893,bbox,2,5.504166126251221,1.425034999847412,-539.4386638350525,0.513671875,0.444580078125
stop sign,579893,segm,0,5.512673377990723,1.4442243576049805,-488.9114357838457,0.54248046875,0.444091796875
stop sign,579893,segm,1,5.475300312042236,1.4627846479415894,-432.2614803243905,0.55517578125,0.448974609375
stop sign,579893,segm,2,5.617155075073242,1.4733567237854004,-740.1490220760663,0.52880859375,0.44873046875
stop sign,414133,bbox,0,3.974848985671997,1.4854464530944824,-525.0487579924411,0.0809326171875,0.374755859375
stop sign,414133,bbox,1,3.6924643516540527,1.3851542472839355,-306.7872756386992,0.1441650390625,0.31640625
stop sign,414133,bbox,2,5.908292293548584,1.6144872903823853,-924.021180936641,0.154541015625,0.30517578125
stop sign,414133,segm,0,4.234369277954102,1.52272629737854,-507.0756369691326,0.7216796875,0.491455078125
stop sign,414133,segm,1,4.542603969573975,1.506029725074768,-578.1730370943769,0.393798828125,0.38916015625
stop sign,414133,segm,2,5.908292293548584,1.6144872903823853,-924.021180936641,0.154541015625,0.30517578125
stop sign,100283,bbox,0,5.603932857513428,1.5915058851242063,-423.7390624856571,0.5830078125,0.424560546875
stop sign,100283,bbox,1,5.606344223022461,1.5596354007720947,-366.4254044102756,0.54296875,0.38134765625
stop sign,100283,bbox,2,5.908292293548584,1.6144872903823853,-924.021180936641,0.154541015625,0.30517578125
stop sign,100283,segm,0,5.508083820343018,1.5702446699142456,-832.6327181608626,0.6240234375,0.431640625
stop sign,100283,segm,1,4.984805583953857,1.5540496110916138,-732.9442699657534,0.57958984375,0.418212890625
stop sign,100283,segm,2,5.908292293548584,1.6144872903823853,-924.021180936641,0.154541015625,0.30517578125
stop sign,232646,bbox,0,4.287723541259766,1.5076557397842407,-423.6954294295396,0.6337890625,0.476806640625
stop sign,232646,bbox,1,4.565258979797363,1.57099711894989,-437.39865447320335,0.63720703125,0.4794921875
stop sign,232646,bbox,2,4.562061309814453,1.5201308727264404,-486.8580884596669,0.6630859375,0.484375
stop sign,232646,segm,0,4.530929088592529,1.4866398572921753,-477.8757339583199,0.65625,0.47900390625
stop sign,232646,segm,1,4.602720737457275,1.5038137435913086,-792.7520159387557,0.6650390625,0.423828125
stop sign,232646,segm,2,4.711565017700195,1.528512954711914,-518.0779286764782,0.66064453125,0.4931640625
stop sign,343496,bbox,0,4.688807487487793,1.534992218017578,-536.0618860363215,0.0638427734375,0.327392578125
stop sign,343496,bbox,1,4.724557876586914,1.5993064641952517,-442.6333200556073,0.4697265625,0.383056640625
stop sign,343496,bbox,2,4.675751686096191,1.6062134504318235,-574.6669389471356,0.02978515625,0.35107421875
stop sign,343496,segm,0,4.6094512939453125,1.4665158987045288,-640.6421793545344,0.587890625,0.3798828125
stop sign,343496,segm,1,4.337643623352051,1.4840705394744873,-613.3551457452509,0.63427734375,0.3740234375
stop sign,343496,segm,2,4.774031162261963,1.4987947940826416,-475.1121985439381,0.701171875,0.39990234375
stop sign,104782,bbox,0,4.29292631149292,1.5273000001907349,-436.77755130350215,0.56494140625,0.456298828125
stop sign,104782,bbox,1,4.744905471801758,1.5134916305541992,-345.0645470459372,0.54541015625,0.45068359375
stop sign,104782,bbox,2,4.4383320808410645,1.5082676410675049,-667.8599598485021,0.46728515625,0.402099609375
stop sign,104782,segm,0,4.518577098846436,1.5009710788726809,-837.348306509667,0.6201171875,0.487060546875
stop sign,104782,segm,1,4.369400024414063,1.5197441577911377,-742.021336877845,0.5859375,0.4619140625
stop sign,104782,segm,2,4.669092655181885,1.477805733680725,-729.3796700163175,0.59912109375,0.515625
stop sign,724,bbox,0,4.531731128692627,1.376496434211731,-441.69209299478393,0.673828125,0.50048828125
stop sign,724,bbox,1,4.667445182800293,1.4061405658721924,-321.46477772829394,0.64453125,0.5
stop sign,724,bbox,2,4.412802696228027,1.3745259046554563,-389.9445118538984,0.5810546875,0.419189453125
stop sign,724,segm,0,4.566318511962891,1.3641347885131836,-445.2868575585135,0.67529296875,0.497314453125
stop sign,724,segm,1,4.823414325714111,1.3654155731201172,-290.5428736199083,0.65380859375,0.499267578125
stop sign,724,segm,2,4.496078968048096,1.3542873859405518,-393.47051286379815,0.55615234375,0.4228515625
stop sign,369751,bbox,0,4.55192756652832,1.5028938055038452,-499.8473276358627,0.2529296875,0.3369140625
stop sign,369751,bbox,1,4.893795013427734,1.4754087924957275,-475.2808208853771,0.1361083984375,0.33544921875
stop sign,369751,bbox,2,4.918584823608398,1.4372568130493164,-653.8487309234447,0.118408203125,0.322509765625
stop sign,369751,segm,0,4.259814262390137,1.3962681293487549,-436.36126949961,0.51318359375,0.385498046875
stop sign,369751,segm,1,4.400176048278809,1.4043043851852417,-386.6653767407852,0.495849609375,0.374755859375
stop sign,369751,segm,2,4.56487512588501,1.43383526802063,-557.8805696680126,0.5654296875,0.40283203125
stop sign,213593,bbox,0,4.853567600250244,1.5931469202041626,-617.5665957911797,0.6826171875,0.46826171875
stop sign,213593,bbox,1,4.810886383056641,1.6089783906936646,-641.3145237447543,0.67529296875,0.45703125
stop sign,213593,bbox,2,5.162578582763672,1.5324727296829224,-554.0974120440615,0.673828125,0.464111328125
stop sign,213593,segm,0,5.084235668182373,1.565861463546753,-453.2427216955844,0.70361328125,0.459716796875
stop sign,213593,segm,1,4.998988628387451,1.595070719718933,-491.650977268188,0.69970703125,0.46533203125
stop sign,213593,segm,2,4.731271266937256,1.5046316385269165,-565.2780115913658,0.646484375,0.416015625
stop sign,193884,bbox,0,4.49010705947876,1.5646641254425049,-409.5783817172378,0.6640625,0.497314453125
stop sign,193884,bbox,1,4.4694437980651855,1.5823607444763184,-437.26787589451806,0.68212890625,0.48974609375
stop sign,193884,bbox,2,4.477481365203857,1.5831053256988523,-363.1552978291375,0.6748046875,0.5
stop sign,193884,segm,0,4.474975109100342,1.5583508014678955,-516.2373219014685,0.6865234375,0.49853515625
stop sign,193884,segm,1,4.350100517272949,1.5380008220672607,-377.59826088164687,0.68310546875,0.493408203125
stop sign,193884,segm,2,4.423141002655029,1.5729225873947144,-404.9788402210288,0.69580078125,0.48388671875
stop sign,239843,bbox,0,5.908292293548584,1.6144872903823853,-924.021180936641,0.154541015625,0.30517578125
stop sign,239843,bbox,1,4.734552383422852,1.50383722782135,-523.6663682717904,0.48388671875,0.50830078125
stop sign,239843,bbox,2,4.619517803192139,1.5201486349105835,-370.8169851167179,0.50048828125,0.49853515625
stop sign,239843,segm,0,4.475231170654297,1.564246654510498,-490.4285388168914,0.572265625,0.46728515625
stop sign,239843,segm,1,4.583475589752197,1.5677118301391602,-453.0935088660249,0.5908203125,0.45849609375
stop sign,239843,segm,2,4.583181858062744,1.5247591733932495,-462.7239095879504,0.55517578125,0.49609375
stop sign,91619,bbox,0,4.821150302886963,1.4927520751953125,-405.8941720984037,0.60400390625,0.448974609375
stop sign,91619,bbox,1,4.364384174346924,1.4137219190597534,-433.7126723807032,0.5888671875,0.402099609375
stop sign,91619,bbox,2,4.705927848815918,1.4295172691345217,-673.4623858124214,0.5791015625,0.412353515625
stop sign,91619,segm,0,4.852872848510742,1.512569785118103,-450.67826775434287,0.5869140625,0.3837890625
stop sign,91619,segm,1,4.720733165740967,1.5490385293960571,-627.2517091376669,0.57666015625,0.3681640625
stop sign,91619,segm,2,4.820837020874023,1.474088430404663,-456.29615611549343,0.59326171875,0.4267578125
stop sign,212072,bbox,0,5.128343105316162,1.5163332223892212,-461.4873637020355,0.658203125,0.484130859375
stop sign,212072,bbox,1,4.6612629890441895,1.4973955154418943,-413.2345412370244,0.56689453125,0.4326171875
stop sign,212072,bbox,2,5.224318027496338,1.453199028968811,-541.7297763191127,0.62353515625,0.484375
stop sign,212072,segm,0,5.15474271774292,1.5063233375549316,-417.6201415777766,0.63134765625,0.47412109375
stop sign,212072,segm,1,5.338319778442383,1.5704081058502195,-414.3521338502719,0.52197265625,0.43310546875
stop sign,212072,segm,2,5.427309036254883,1.5167405605316162,-327.38547412507046,0.6484375,0.4765625
stop sign,100723,bbox,0,4.840590476989746,1.517809510231018,-501.0893638616653,0.0004718303680419,0.32568359375
stop sign,100723,bbox,1,5.192885398864746,1.5289157629013062,-375.7861960902778,4.1961669921875e-05,0.285400390625
stop sign,100723,bbox,2,5.29246711730957,1.418643832206726,-343.86705561759845,0.00071382522583,0.275390625
stop sign,100723,segm,0,5.431722164154053,1.4803991317749023,-374.1219124920178,0.38232421875,0.419189453125
stop sign,100723,segm,1,5.395938873291016,1.4753522872924805,-451.2224402395959,0.0094528198242187,0.31884765625
stop sign,100723,segm,2,5.384745121002197,1.4568545818328855,-380.0441744727013,0.426513671875,0.404052734375
stop sign,11122,bbox,0,4.637448310852051,1.4407039880752563,-1084.1382040343492,0.270263671875,0.357666015625
stop sign,11122,bbox,1,4.644506931304932,1.459544658660889,-1520.9233844284904,0.1744384765625,0.345947265625
stop sign,11122,bbox,2,4.427725791931152,1.4580782651901243,-885.1413950608408,0.391357421875,0.43359375
stop sign,11122,segm,0,4.623664379119873,1.391139268875122,-737.0095936768171,0.42578125,0.396728515625
stop sign,11122,segm,1,4.696595668792725,1.441127061843872,-761.2510037778522,0.1700439453125,0.376953125
stop sign,11122,segm,2,4.627614498138428,1.4528639316558838,-695.6280698073763,0.41259765625,0.3798828125
stop sign,297343,bbox,0,4.854637145996094,1.605894923210144,-596.3482448252889,0.56005859375,0.44189453125
stop sign,297343,bbox,1,5.145120143890381,1.619608998298645,-341.86734833777587,0.070556640625,0.357666015625
stop sign,297343,bbox,2,5.080574989318848,1.6089259386062622,-469.9325584262592,0.0048484802246093,0.30712890625
stop sign,297343,segm,0,4.968983173370361,1.6116501092910769,-727.0603255581832,0.495849609375,0.4189453125
stop sign,297343,segm,1,5.331559181213379,1.6075812578201294,-459.68963680876,0.4296875,0.38330078125
stop sign,297343,segm,2,4.9649858474731445,1.5337886810302734,-376.18206614511575,0.01593017578125,0.31494140625
tennis racket,64523,bbox,0,5.9358229637146,1.3869833946228027,-324.4248267030375,0.60986328125,0.35009765625
tennis racket,64523,bbox,1,5.941296100616455,1.352388858795166,-498.9241000001584,0.8564453125,0.43603515625
tennis racket,64523,bbox,2,5.926461696624756,1.3581700325012207,-297.9846267427972,0.7568359375,0.43017578125
tennis racket,64523,segm,0,5.818418979644775,1.3971341848373413,-520.4679152281005,0.8310546875,0.44775390625
tennis racket,64523,segm,1,5.79398775100708,1.3609660863876345,-448.6209045420933,0.79248046875,0.41455078125
tennis racket,64523,segm,2,5.775212287902832,1.3944343328475952,-547.0401778163418,0.8515625,0.46630859375
tennis racket,39951,bbox,0,5.423753261566162,1.550424575805664,-1004.5744480208472,0.7177734375,0.446044921875
tennis racket,39951,bbox,1,5.062860488891602,1.4886558055877686,-1011.04896914738,0.75341796875,0.465576171875
tennis racket,39951,bbox,2,5.329495906829834,1.5179460048675537,-962.7258765945336,0.703125,0.452880859375
tennis racket,39951,segm,0,5.334043502807617,1.5058553218841553,-1072.7161452935811,0.71826171875,0.474853515625
tennis racket,39951,segm,1,5.20703649520874,1.5322213172912598,-987.1156398575276,0.7216796875,0.470947265625
tennis racket,39951,segm,2,5.221242904663086,1.514214038848877,-1365.322160754375,0.6796875,0.470703125
tennis racket,410650,bbox,0,4.506659507751465,1.539978265762329,-712.7594790699372,0.471923828125,0.267333984375
tennis racket,410650,bbox,1,4.385013580322266,1.5160473585128784,-457.05117725752575,0.0077247619628906,0.1947021484375
tennis racket,410650,bbox,2,5.908292293548584,1.6144872903823853,-924.021180936641,0.2159423828125,0.319091796875
tennis racket,410650,segm,0,4.397775173187256,1.4665387868881226,-422.9682730206682,0.0244903564453125,0.261474609375
tennis racket,410650,segm,1,4.356037139892578,1.478526949882507,-571.8189236570715,0.047088623046875,0.3056640625
tennis racket,410650,segm,2,4.42844820022583,1.4465855360031128,-558.8605284045789,0.00469970703125,0.242919921875
tennis racket,271402,bbox,0,5.768751621246338,1.5113250017166138,-636.0194471567518,0.69873046875,0.474853515625
tennis racket,271402,bbox,1,5.754026412963867,1.4425418376922607,-475.1624315447534,0.7314453125,0.453125
tennis racket,271402,bbox,2,5.95454740524292,1.4971684217453003,-958.0240468393712,0.599609375,0.447998046875
tennis racket,271402,segm,0,5.722377300262451,1.4617000818252563,-690.8149860785185,0.583984375,0.424072265625
tennis racket,271402,segm,1,5.8418498039245605,1.472326636314392,-1092.8950076354893,0.5966796875,0.429931640625
tennis racket,271402,segm,2,5.874022960662842,1.473607301712036,-742.651035858651,0.57666015625,0.415771484375
tennis racket,127530,bbox,0,4.82271671295166,1.5274492502212524,-1078.3040773695795,0.7021484375,0.447265625
tennis racket,127530,bbox,1,5.046182155609131,1.585474729537964,-1052.9018645108283,0.63916015625,0.439697265625
tennis racket,127530,bbox,2,4.952029228210449,1.4910426139831543,-520.7143776783514,0.6650390625,0.410888671875
tennis racket,127530,segm,0,5.106078624725342,1.5714361667633057,-558.5084119998714,0.57373046875,0.389404296875
tennis racket,127530,segm,1,5.006572246551514,1.5564299821853638,-573.379763166259,0.623046875,0.421875
tennis racket,127530,segm,2,5.0709333419799805,1.5153913497924805,-574.3772103069041,0.59716796875,0.408203125
tennis racket,449579,bbox,0,5.17529296875,1.5607221126556396,-286.14920359881603,0.84228515625,0.446533203125
tennis racket,449579,bbox,1,5.072192668914795,1.5568914413452148,-794.613334960075,0.8291015625,0.46435546875
tennis racket,449579,bbox,2,5.254127502441406,1.5220561027526855,-534.4370954113806,0.8369140625,0.443359375
tennis racket,449579,segm,0,5.344980239868164,1.5615525245666504,-340.8507407970046,0.83251953125,0.458740234375
tennis racket,449579,segm,1,5.11644983291626,1.5763506889343262,-550.7115619847243,0.83837890625,0.46435546875
tennis racket,449579,segm,2,5.093300342559815,1.588919758796692,-405.4066128616946,0.82373046875,0.45458984375
tennis racket,475191,bbox,0,5.149285316467285,1.7318477630615234,-528.6309840233571,0.1429443359375,0.232177734375
tennis racket,475191,bbox,1,5.328073024749756,1.6696910858154297,-621.5087842760981,0.263427734375,0.260498046875
tennis racket,475191,bbox,2,4.947468280792236,1.585789680480957,-369.0808523606684,0.283203125,0.2587890625
tennis racket,475191,segm,0,5.449249267578125,1.7460464239120483,-511.97524596680887,0.166259765625,0.260498046875
tennis racket,475191,segm,1,5.568449974060059,1.707384705543518,-409.6327049767588,0.182373046875,0.2296142578125
tennis racket,475191,segm,2,5.413639545440674,1.7069679498672483,-317.6599137721864,0.4130859375,0.278564453125
tennis racket,39480,bbox,0,4.846676349639893,1.5339514017105105,-251.9214234285441,0.75732421875,0.44580078125
tennis racket,39480,bbox,1,4.88654375076294,1.5383895635604858,-462.229854956741,0.7734375,0.4609375
tennis racket,39480,bbox,2,4.844823360443115,1.5198662281036377,-412.1846729518163,0.7734375,0.46435546875
tennis racket,39480,segm,0,4.833052635192871,1.5487024784088137,-933.456207151366,0.748046875,0.458740234375
tennis racket,39480,segm,1,5.099607467651367,1.5545377731323242,-581.5461153667025,0.77197265625,0.45458984375
tennis racket,39480,segm,2,4.805854797363281,1.520332098007202,-708.0636412663277,0.75830078125,0.458251953125
tennis racket,382009,bbox,0,5.330360889434815,1.5623890161514282,-746.1363627438477,0.76220703125,0.4560546875
tennis racket,382009,bbox,1,5.111574649810791,1.5326769351959229,-559.7773911892416,0.7646484375,0.471435546875
tennis racket,382009,bbox,2,5.30025577545166,1.588115930557251,-915.98598153402,0.76513671875,0.4833984375
tennis racket,382009,segm,0,5.261415958404541,1.530081033706665,-835.6297156309618,0.76806640625,0.49951171875
tennis racket,382009,segm,1,5.482818126678467,1.5659396648406982,-659.3450080251041,0.78955078125,0.50244140625
tennis racket,382009,segm,2,5.444334030151367,1.55905020236969,-835.4660045762887,0.77197265625,0.483642578125
tennis racket,78915,bbox,0,4.35670280456543,1.517501950263977,-1027.0937670453234,0.79638671875,0.43505859375
tennis racket,78915,bbox,1,4.447103023529053,1.4827560186386108,-771.4781066110822,0.82373046875,0.50146484375
tennis racket,78915,bbox,2,4.440579414367676,1.5472654104232788,-791.3057650451299,0.79736328125,0.450927734375
tennis racket,78915,segm,0,4.324315071105957,1.4927074909210205,-430.7706409773971,0.33251953125,0.294189453125
tennis racket,78915,segm,1,4.595531940460205,1.4553430080413818,-877.5872469880292,0.8203125,0.49169921875
tennis racket,78915,segm,2,4.534029483795166,1.5138907432556152,-623.0615928963343,0.8173828125,0.4443359375
tennis racket,151629,bbox,0,4.407951354980469,1.3758149147033691,-388.2843523020158,0.6240234375,0.41064453125
tennis racket,151629,bbox,1,4.745388031005859,1.4076412916183472,-347.67690135302746,0.58447265625,0.436767578125
tennis racket,151629,bbox,2,4.533281803131104,1.4188148975372314,-592.4153086391043,0.65380859375,0.405029296875
tennis racket,151629,segm,0,4.771958827972412,1.3410383462905884,-465.8776333927053,0.2105712890625,0.3271484375
tennis racket,151629,segm,1,4.638403415679932,1.3357115983963013,-501.49570601075993,0.39697265625,0.33251953125
tennis racket,151629,segm,2,4.593421459197998,1.352331042289734,-462.7654585405498,0.299072265625,0.3232421875
tennis racket,431693,bbox,0,4.94715690612793,1.4689671993255615,-741.6636764403961,0.76708984375,0.4443359375
tennis racket,431693,bbox,1,4.829422473907471,1.4833991527557373,-611.426952140092,0.74853515625,0.37548828125
tennis racket,431693,bbox,2,4.959015846252441,1.455770492553711,-523.7475849573057,0.81689453125,0.413330078125
tennis racket,431693,segm,0,4.683640480041504,1.5287487506866455,-476.22337062157385,0.67919921875,0.35791015625
tennis racket,431693,segm,1,5.005368709564209,1.5175297260284424,-578.2095911021029,0.40185546875,0.285888671875
tennis racket,431693,segm,2,4.811228752136231,1.489564061164856,-462.7971070585106,0.64453125,0.355224609375
tennis racket,351823,bbox,0,4.592052459716797,1.4737178087234497,-585.6745171532134,0.82470703125,0.388916015625
tennis racket,351823,bbox,1,4.528513908386231,1.4795985221862793,-464.04985636415,0.85009765625,0.435791015625
tennis racket,351823,bbox,2,4.205898284912109,1.365062236785889,-539.35741256201,0.86572265625,0.4423828125
tennis racket,351823,segm,0,4.643439292907715,1.4739100933074951,-520.2050842143749,0.7998046875,0.39453125
tennis racket,351823,segm,1,4.579648494720459,1.4885724782943726,-697.21869868063,0.85791015625,0.42529296875
tennis racket,351823,segm,2,4.3388543128967285,1.4239041805267334,-534.2429987634646,0.83837890625,0.385009765625
tennis racket,203864,bbox,0,4.970932483673096,1.4560219049453735,-540.45403333542,0.75048828125,0.44189453125
tennis racket,203864,bbox,1,4.833903789520264,1.5325536727905271,-573.7865694673769,0.7236328125,0.424072265625
tennis racket,203864,bbox,2,5.161050796508789,1.4783451557159424,-646.4732525077793,0.640625,0.420166015625
tennis racket,203864,segm,0,4.649435520172119,1.48506760597229,-701.1919953622228,0.72705078125,0.40185546875
tennis racket,203864,segm,1,4.639307022094727,1.5673885345458984,-345.8333283621914,0.7578125,0.427001953125
tennis racket,203864,segm,2,4.876802921295166,1.5174843072891235,-1132.000767813421,0.67822265625,0.4111328125
tennis racket,33368,bbox,0,4.247751235961914,1.4846333265304563,-817.3135530396767,0.79443359375,0.4921875
tennis racket,33368,bbox,1,4.364458084106445,1.4789036512374878,-698.9064619975798,0.7939453125,0.491943359375
tennis racket,33368,bbox,2,4.349434852600098,1.4751133918762207,-872.2412486244007,0.76611328125,0.489501953125
tennis racket,33368,segm,0,4.414612770080566,1.490542769432068,-809.2823022344937,0.77294921875,0.4755859375
tennis racket,33368,segm,1,4.443767547607422,1.5026535987854004,-682.7950547054597,0.78466796875,0.47998046875
tennis racket,33368,segm,2,4.523580074310303,1.502949833869934,-700.3588512856693,0.775390625,0.47705078125
tennis racket,438876,bbox,0,4.83098030090332,1.436327338218689,-863.3316047112235,0.66552734375,0.421142578125
tennis racket,438876,bbox,1,4.821807861328125,1.436295986175537,-500.7722122379082,0.41943359375,0.3798828125
tennis racket,438876,bbox,2,4.964213371276856,1.4439805746078491,-432.3752176058578,0.77490234375,0.40087890625
tennis racket,438876,segm,0,4.654367446899414,1.471327781677246,-501.74142618011047,0.693359375,0.400146484375
tennis racket,438876,segm,1,4.774061679840088,1.461002230644226,-557.5380440401796,0.814453125,0.43994140625
tennis racket,438876,segm,2,4.843691825866699,1.4594485759735107,-717.804754709643,0.7626953125,0.439453125
tennis racket,183391,bbox,0,5.908292293548584,1.6144872903823853,-924.021180936641,0.2159423828125,0.319091796875
tennis racket,183391,bbox,1,5.520144939422607,1.4571795463562012,-516.6356060395847,0.64697265625,0.39599609375
tennis racket,183391,bbox,2,5.2442545890808105,1.4984898567199707,-414.2721533198946,0.74853515625,0.411376953125
tennis racket,183391,segm,0,5.908292293548584,1.6144872903823853,-924.021180936641,0.2159423828125,0.319091796875
tennis racket,183391,segm,1,5.478791236877441,1.4726054668426514,-628.0035975444976,0.529296875,0.37646484375
tennis racket,183391,segm,2,5.325458526611328,1.4729881286621094,-456.15400894604863,0.57958984375,0.3935546875
tennis racket,79969,bbox,0,5.30547571182251,1.5139936208724976,-556.2238839813117,0.84326171875,0.42529296875
tennis racket,79969,bbox,1,5.148025035858154,1.5865906476974487,-462.658825371984,0.2012939453125,0.2890625
tennis racket,79969,bbox,2,5.157963275909424,1.536256194114685,-494.7599456361754,0.186279296875,0.2626953125
tennis racket,79969,segm,0,5.444039344787598,1.58708655834198,-438.37379248047273,0.388671875,0.25244140625
tennis racket,79969,segm,1,5.322728157043457,1.617283821105957,-512.330128242274,0.0728759765625,0.27197265625
tennis racket,79969,segm,2,5.384491443634033,1.5528308153152466,-462.5780286326569,0.2086181640625,0.245849609375
tennis racket,37988,bbox,0,4.666089057922363,1.424222469329834,-651.6786207055429,0.82080078125,0.48388671875
tennis racket,37988,bbox,1,4.783106803894043,1.4622544050216677,-522.3252787109377,0.8369140625,0.482177734375
tennis racket,37988,bbox,2,4.709952354431152,1.4617080688476562,-471.3961002688449,0.84619140625,0.483642578125
tennis racket,37988,segm,0,4.757772445678711,1.4851616621017456,-713.8230101062677,0.79248046875,0.494873046875
tennis racket,37988,segm,1,4.740734100341797,1.4973623752593994,-687.7430834233869,0.74853515625,0.444091796875
tennis racket,37988,segm,2,4.714037418365479,1.5132850408554075,-537.7322311129988,0.81494140625,0.4658203125
tennis racket,152686,bbox,0,4.68310022354126,1.583747625350952,-599.566549699289,0.75244140625,0.49951171875
tennis racket,152686,bbox,1,4.69611406326294,1.5146422386169434,-896.7414564250278,0.74267578125,0.50146484375
tennis racket,152686,bbox,2,4.625738143920898,1.503885269165039,-1067.8060844730514,0.76416015625,0.49169921875
tennis racket,152686,segm,0,4.370554447174072,1.4894461631774902,-454.39551364828,0.7412109375,0.47216796875
tennis racket,152686,segm,1,4.723325252532959,1.513692021369934,-625.4364695710922,0.7763671875,0.494384765625
tennis racket,152686,segm,2,4.491821765899658,1.4888620376586914,-653.0465640361858,0.7529296875,0.46875
tennis racket,406129,bbox,0,5.580266952514648,1.4387270212173462,-603.5463058635135,0.80810546875,0.449951171875
tennis racket,406129,bbox,1,5.556665420532227,1.3913280963897705,-894.4322472681222,0.8212890625,0.455810546875
tennis racket,406129,bbox,2,5.652880668640137,1.4663301706314087,-1309.401440620318,0.83642578125,0.49853515625
tennis racket,406129,segm,0,5.6069207191467285,1.492692947387695,-914.9225506544784,0.865234375,0.4794921875
tennis racket,406129,segm,1,5.715831756591797,1.462875485420227,-1097.537874154336,0.865234375,0.463623046875
tennis racket,406129,segm,2,5.69904088973999,1.467078447341919,-1311.712065937386,0.8642578125,0.47119140625
tennis racket,409211,bbox,0,5.740309715270996,1.4202429056167605,-816.6393190232159,0.73681640625,0.45947265625
tennis racket,409211,bbox,1,5.737056732177734,1.4108216762542725,-942.735437342352,0.7314453125,0.466796875
tennis racket,409211,bbox,2,5.740779876708984,1.4218825101852417,-550.653993355302,0.74072265625,0.439697265625
tennis racket,409211,segm,0,5.6368818283081055,1.4573562145233154,-576.2063955551914,0.7314453125,0.456787109375
tennis racket,409211,segm,1,5.416412353515625,1.3871034383773804,-818.0556783277909,0.73681640625,0.451171875
tennis racket,409211,segm,2,5.68800163269043,1.3865848779678345,-1332.6416681939593,0.740234375,0.463623046875
tennis racket,373382,bbox,0,5.35780668258667,1.4534248113632202,-695.3009932701409,0.77490234375,0.441650390625
tennis racket,373382,bbox,1,5.250618934631348,1.4670538902282717,-886.498559683055,0.7841796875,0.438232421875
tennis racket,373382,bbox,2,5.2713117599487305,1.4673036336898804,-776.7260782484991,0.7431640625,0.456787109375
tennis racket,373382,segm,0,5.409934043884277,1.4572962522506714,-788.1266628247961,0.83447265625,0.454345703125
tennis racket,373382,segm,1,5.381711959838867,1.4578834772109983,-768.6859129775501,0.78857421875,0.424072265625
tennis racket,373382,segm,2,5.260359287261963,1.474385380744934,-686.8692086809604,0.83544921875,0.4580078125
tennis racket,522889,bbox,0,5.155495643615723,1.6380138397216797,-1052.2277796351857,0.83203125,0.4990234375
tennis racket,522889,bbox,1,4.8188652992248535,1.6109579801559448,-1042.2830522989236,0.81201171875,0.49169921875
tennis racket,522889,bbox,2,5.076238632202148,1.5522010326385498,-763.4006464539964,0.80859375,0.49755859375
tennis racket,522889,segm,0,5.14650297164917,1.5907520055770874,-490.68225909444254,0.83447265625,0.48046875
tennis racket,522889,segm,1,5.157331466674805,1.5848884582519531,-632.7702400131575,0.82080078125,0.49755859375
tennis racket,522889,segm,2,4.981678485870361,1.591343641281128,-556.659526867362,0.8076171875,0.4931640625
tennis racket,182923,bbox,0,4.639443397521973,1.5692284107208252,-362.99908667742375,0.0108795166015625,0.226318359375
tennis racket,182923,bbox,1,4.69779634475708,1.599279522895813,-318.8668226919572,0.0887451171875,0.2220458984375
tennis racket,182923,bbox,2,4.625183582305908,1.538432478904724,-524.234913309554,0.0195465087890625,0.208984375
tennis racket,182923,segm,0,4.763415336608887,1.545578956604004,-395.04963351382094,0.0120773315429687,0.2247314453125
tennis racket,182923,segm,1,4.88602876663208,1.5260725021362305,-450.27407018961776,0.035308837890625,0.2196044921875
tennis racket,182923,segm,2,4.793779850006104,1.554789662361145,-363.94347502262167,0.0159912109375,0.20263671875
tennis racket,266892,bbox,0,4.520781517028809,1.4516432285308838,-425.2747606573089,0.2191162109375,0.283935546875
tennis racket,266892,bbox,1,4.418880939483643,1.4121036529541016,-680.9202511860412,0.78662109375,0.4404296875
tennis racket,266892,bbox,2,4.415288925170898,1.4513075351715088,-559.9656869968053,0.73779296875,0.364990234375
tennis racket,266892,segm,0,4.730048179626465,1.4012830257415771,-445.0489783151884,0.1065673828125,0.276123046875
tennis racket,266892,segm,1,4.475568771362305,1.406605839729309,-513.9739001498424,0.81640625,0.4130859375
tennis racket,266892,segm,2,4.409526824951172,1.380799412727356,-468.7678327094172,0.8115234375,0.408203125
tennis racket,55950,bbox,0,4.736857891082764,1.5348823070526123,-944.5292614128024,0.73779296875,0.46875
tennis racket,55950,bbox,1,4.587183475494385,1.5392367839813232,-793.7754636512518,0.58251953125,0.424560546875
tennis racket,55950,bbox,2,4.702700614929199,1.5089038610458374,-804.1805280188631,0.646484375,0.474365234375
tennis racket,55950,segm,0,4.817534923553467,1.5582369565963743,-1045.2160201726804,0.6953125,0.4501953125
tennis racket,55950,segm,1,4.928986549377441,1.518442153930664,-958.080070870659,0.71533203125,0.467041015625
tennis racket,55950,segm,2,4.943090915679932,1.5105538368225098,-778.1464085260488,0.732421875,0.469970703125
tennis racket,199310,bbox,0,5.201598167419434,1.378388524055481,-374.8374939659791,0.744140625,0.4267578125
tennis racket,199310,bbox,1,5.461481094360352,1.434287190437317,-491.7486335214783,0.806640625,0.466552734375
tennis racket,199310,bbox,2,5.434544563293457,1.350789189338684,-376.55557143745295,0.796875,0.421630859375
tennis racket,199310,segm,0,5.576523303985596,1.450287699699402,-382.8144112501907,0.82177734375,0.447021484375
tennis racket,199310,segm,1,5.794888019561768,1.391596794128418,-548.7319454266951,0.83447265625,0.45849609375
tennis racket,199310,segm,2,5.6933417320251465,1.3723832368850708,-440.4237351505769,0.83837890625,0.45947265625
tennis racket,80022,bbox,0,4.833207607269287,1.5094356536865234,-954.7678686518552,0.83642578125,0.433837890625
tennis racket,80022,bbox,1,4.665484428405762,1.513834834098816,-837.2072956672566,0.75732421875,0.397705078125
tennis racket,80022,bbox,2,4.913329601287842,1.5207866430282593,-1104.0662527349923,0.73095703125,0.426025390625
tennis racket,80022,segm,0,4.761845111846924,1.4940415620803833,-949.5837893892468,0.6943359375,0.4140625
tennis racket,80022,segm,1,4.738873481750488,1.5741891860961914,-871.4480472869247,0.72705078125,0.42919921875
tennis racket,80022,segm,2,4.987081050872803,1.524278163909912,-933.8487504718348,0.734375,0.425537109375
tennis racket,384670,bbox,0,4.732893466949463,1.5020848512649536,-669.5281446438089,0.82568359375,0.4189453125
tennis racket,384670,bbox,1,4.537179946899414,1.5122153759002686,-562.7681446687043,0.78466796875,0.375732421875
tennis racket,384670,bbox,2,4.511226177215576,1.4371190071105957,-602.3150911589046,0.84521484375,0.409423828125
tennis racket,384670,segm,0,4.754526138305664,1.5131850242614746,-467.43474233852567,0.70263671875,0.33935546875
tennis racket,384670,segm,1,4.688009738922119,1.4937183856964111,-649.5731494937154,0.6240234375,0.33935546875
tennis racket,384670,segm,2,4.55733060836792,1.4721556901931765,-602.2862849407593,0.80908203125,0.4375
tennis racket,485027,bbox,0,4.946441173553467,1.504539966583252,-668.0731427618352,0.7998046875,0.44677734375
tennis racket,485027,bbox,1,4.688544750213623,1.5501786470413208,-981.06667979578,0.62841796875,0.43310546875
tennis racket,485027,bbox,2,4.754945755004883,1.5244392156600952,-850.5140658400235,0.78857421875,0.474609375
tennis racket,485027,segm,0,4.847694396972656,1.505995273590088,-782.4603665527532,0.79150390625,0.47314453125
tennis racket,485027,segm,1,4.786570072174072,1.532230019569397,-1110.369570994156,0.66943359375,0.4404296875
tennis racket,485027,segm,2,4.925246715545654,1.5551884174346924,-455.16012601285433,0.8291015625,0.479248046875
tennis racket,112298,bbox,0,5.348988056182861,1.4699691534042358,-607.9308093187224,0.587890625,0.298583984375
tennis racket,112298,bbox,1,5.464931011199951,1.476198673248291,-976.357621288622,0.708984375,0.385009765625
tennis racket,112298,bbox,2,5.46781063079834,1.3651121854782104,-554.2237380308125,0.363037109375,0.334716796875
tennis racket,112298,segm,0,5.617517471313477,1.4471311569213867,-932.5608879579402,0.488037109375,0.365478515625
tennis racket,112298,segm,1,5.557718753814697,1.4366196393966677,-639.7038746187632,0.611328125,0.37353515625
tennis racket,112298,segm,2,5.775969982147217,1.4163146018981934,-614.542375971771,0.5244140625,0.370361328125
tennis racket,96427,bbox,0,4.954399585723877,1.5488581657409668,-452.15075270168336,0.7958984375,0.457763671875
tennis racket,96427,bbox,1,5.327981472015381,1.5124472379684448,-504.99545862337663,0.78076171875,0.408203125
tennis racket,96427,bbox,2,4.806872844696045,1.522640824317932,-529.603217425119,0.818359375,0.4521484375
tennis racket,96427,segm,0,4.968172073364258,1.544409990310669,-489.078144572482,0.80615234375,0.42138671875
tennis racket,96427,segm,1,5.140688419342041,1.543270468711853,-593.4788565059505,0.74609375,0.38720703125
tennis racket,96427,segm,2,5.016295909881592,1.536119818687439,-466.7151129803258,0.317138671875,0.336669921875
tennis racket,554156,bbox,0,5.775804042816162,1.5707300901412964,-452.5513229400544,0.853515625,0.478271484375
tennis racket,554156,bbox,1,5.82904863357544,1.4988714456558228,-646.8584740338149,0.83544921875,0.4580078125
tennis racket,554156,bbox,2,5.971967697143555,1.5535355806350708,-787.0408707039448,0.82275390625,0.473388671875
tennis racket,554156,segm,0,5.621679306030273,1.516431450843811,-577.231099189891,0.83447265625,0.455322265625
tennis racket,554156,segm,1,5.647840976715088,1.498324275016785,-517.9183269041687,0.84228515625,0.448974609375
tennis racket,554156,segm,2,5.846240997314453,1.492539882659912,-436.97387442507625,0.84423828125,0.46337890625
tennis racket,369323,bbox,0,5.908292293548584,1.6144872903823853,-924.021180936641,0.2159423828125,0.319091796875
tennis racket,369323,bbox,1,5.072971343994141,1.485094666481018,-785.9659553142249,0.82568359375,0.488037109375
tennis racket,369323,bbox,2,5.908292293548584,1.6144872903823853,-924.021180936641,0.2159423828125,0.319091796875
tennis racket,369323,segm,0,5.246328830718994,1.4833472967147827,-407.8540499906888,0.837890625,0.461181640625
tennis racket,369323,segm,1,4.993089199066162,1.477219820022583,-434.7255108034128,0.84765625,0.483154296875
tennis racket,369323,segm,2,5.908292293548584,1.6144872903823853,-924.021180936641,0.2159423828125,0.319091796875
tennis racket,90284,bbox,0,5.908292293548584,1.6144872903823853,-924.021180936641,0.2159423828125,0.319091796875
tennis racket,90284,bbox,1,5.19399356842041,1.566608190536499,-495.0623757827764,0.73193359375,0.42431640625
tennis racket,90284,bbox,2,5.096635341644287,1.5357331037521362,-520.1688125966521,0.7705078125,0.46435546875
tennis racket,90284,segm,0,5.528061866760254,1.523123264312744,-497.4186100124932,0.81689453125,0.459716796875
tennis racket,90284,segm,1,5.530868053436279,1.5438066720962524,-511.30927791667386,0.77587890625,0.462890625
tennis racket,90284,segm,2,5.494338512420654,1.520843267440796,-577.9287634558982,0.7412109375,0.4638671875
tennis racket,187055,bbox,0,4.892561912536621,1.5062364339828491,-259.3107606535352,0.0172119140625,0.25439453125
tennis racket,187055,bbox,1,6.298016548156738,1.524543046951294,-248.7593289502365,0.0011806488037109,0.2130126953125
tennis racket,187055,bbox,2,5.908292293548584,1.6144872903823853,-924.021180936641,0.2159423828125,0.319091796875
tennis racket,187055,segm,0,5.022550582885742,1.549367904663086,-852.5943846061689,0.7314453125,0.399658203125
tennis racket,187055,segm,1,5.3886237144470215,1.5301051139831543,-722.1254306573123,0.64013671875,0.3935546875
tennis racket,187055,segm,2,5.25073766708374,1.512363076210022,-417.2375810099495,0.68212890625,0.4150390625
tennis racket,341681,bbox,0,4.352640151977539,1.5602256059646606,-612.1620938824278,0.798828125,0.4296875
tennis racket,341681,bbox,1,4.523909568786621,1.5606508255004885,-733.4861368752845,0.853515625,0.4609375
tennis racket,341681,bbox,2,4.373386859893799,1.5594106912612915,-546.631625061503,0.84130859375,0.44970703125
tennis racket,341681,segm,0,4.305160045623779,1.548666000366211,-370.1062546180294,0.7998046875,0.4169921875
tennis racket,341681,segm,1,4.675704956054688,1.5722516775131226,-833.7378585020615,0.8369140625,0.46142578125
tennis racket,341681,segm,2,4.362588882446289,1.5657955408096311,-391.6282835461384,0.70263671875,0.34814453125
tennis racket,343218,bbox,0,5.162498950958252,1.5243998765945437,-1102.5052867058098,0.85498046875,0.450439453125
tennis racket,343218,bbox,1,5.136822700500488,1.5003316402435305,-772.251405743182,0.84912109375,0.467041015625
tennis racket,343218,bbox,2,5.232102394104004,1.511618733406067,-881.4296916116486,0.8193359375,0.4501953125
tennis racket,343218,segm,0,5.384820461273193,1.526008129119873,-597.737596139099,0.8203125,0.439208984375
tennis racket,343218,segm,1,5.501275062561035,1.493139624595642,-714.4941281747756,0.859375,0.4521484375
tennis racket,343218,segm,2,5.461182594299316,1.5493193864822388,-679.8701930364268,0.83935546875,0.4140625
tennis racket,403122,bbox,0,4.964207649230957,1.4928847551345823,-749.1048418536453,0.7509765625,0.4609375
tennis racket,403122,bbox,1,4.79484748840332,1.5149662494659424,-590.4056576997593,0.78369140625,0.456298828125
tennis racket,403122,bbox,2,4.784038066864014,1.4565082788467407,-600.9628326906287,0.767578125,0.45458984375
tennis racket,403122,segm,0,4.740845680236816,1.4721497297286987,-872.0211974263609,0.75439453125,0.433837890625
tennis racket,403122,segm,1,4.704383850097656,1.4656192064285278,-736.0766941367333,0.73876953125,0.40869140625
tennis racket,403122,segm,2,4.733419418334961,1.4179143905639648,-549.0019342013836,0.75048828125,0.4326171875
tennis racket,126137,bbox,0,4.198009967803955,1.4937623739242554,-485.2924226307575,0.7861328125,0.45849609375
tennis racket,126137,bbox,1,4.068147659301758,1.4968806505203247,-802.6798109649937,0.71826171875,0.448974609375
tennis racket,126137,bbox,2,3.954643726348877,1.4237942695617676,-446.6515568418386,0.740234375,0.411865234375
tennis racket,126137,segm,0,3.997621536254883,1.4521349668502808,-504.7763834555205,0.7607421875,0.45751953125
tennis racket,126137,segm,1,3.917630672454834,1.4725083112716677,-508.4064845837804,0.7314453125,0.437744140625
tennis racket,126137,segm,2,3.887252807617188,1.4408193826675415,-605.749546351884,0.76416015625,0.436279296875
tennis racket,361147,bbox,0,5.925183773040772,1.433550477027893,-350.81956578391487,0.68994140625,0.37744140625
tennis racket,361147,bbox,1,5.750075340270996,1.448264718055725,-464.11425616742713,0.578125,0.376220703125
tennis racket,361147,bbox,2,5.908292293548584,1.6144872903823853,-924.021180936641,0.2159423828125,0.319091796875
tennis racket,361147,segm,0,6.006711483001709,1.4540215730667114,-360.0050761340706,0.6650390625,0.412353515625
tennis racket,361147,segm,1,6.012454986572266,1.448184847831726,-493.053419302232,0.6396484375,0.408447265625
tennis racket,361147,segm,2,5.908292293548584,1.6144872903823853,-924.021180936641,0.2159423828125,0.319091796875
tennis racket,119995,bbox,0,4.0806565284729,1.525280237197876,-892.2589788698813,0.822265625,0.4853515625
tennis racket,119995,bbox,1,4.024133682250977,1.5352530479431152,-485.3090540923379,0.76904296875,0.475341796875
tennis racket,119995,bbox,2,5.908292293548584,1.6144872903823853,-924.021180936641,0.2159423828125,0.319091796875
tennis racket,119995,segm,0,4.135882377624512,1.541045069694519,-863.9335850759633,0.79833984375,0.485107421875
tennis racket,119995,segm,1,4.152493953704834,1.507634520530701,-991.0131305237372,0.8251953125,0.481689453125
tennis racket,119995,segm,2,3.97810435295105,1.4600813388824463,-512.4498348528999,0.8095703125,0.480712890625
tennis racket,429761,bbox,0,5.125910758972168,1.5102192163467407,-698.5960030393776,0.5732421875,0.359375
tennis racket,429761,bbox,1,5.164766788482666,1.4769442081451416,-446.78814543665385,0.59228515625,0.3271484375
tennis racket,429761,bbox,2,5.0725531578063965,1.4489085674285889,-667.5650318856437,0.335693359375,0.3408203125
tennis racket,429761,segm,0,5.0991058349609375,1.4928354024887085,-376.1488567571364,0.379638671875,0.35009765625
tennis racket,429761,segm,1,5.036226749420166,1.5218493938446045,-407.5560084539843,0.303466796875,0.319580078125
tennis racket,429761,segm,2,5.177266597747803,1.4639384746551514,-510.4603075417304,0.280517578125,0.3310546875
tennis racket,65736,bbox,0,4.990231037139893,1.5543416738510132,-597.8466343307439,0.7314453125,0.462890625
tennis racket,65736,bbox,1,5.46295690536499,1.6085697412490845,-600.1941400495705,0.775390625,0.458984375
tennis racket,65736,bbox,2,5.171422481536865,1.5848207473754885,-357.6753869501399,0.72998046875,0.47265625
tennis racket,65736,segm,0,5.146849632263184,1.4875718355178833,-628.537259226797,0.75537109375,0.445556640625
tennis racket,65736,segm,1,5.200208187103272,1.5165003538131714,-503.20438010107,0.6982421875,0.464111328125
tennis racket,65736,segm,2,5.028811454772949,1.5521597862243652,-461.7676896422527,0.77001953125,0.45849609375
tennis racket,64718,bbox,0,5.0664825439453125,1.5401561260223389,-1060.7880914373638,0.75439453125,0.437255859375
tennis racket,64718,bbox,1,3.9782423973083496,1.2898772954940796,-626.0241680503605,0.6904296875,0.408935546875
tennis racket,64718,bbox,2,4.3516035079956055,1.5325764417648315,-605.5527085345395,0.744140625,0.44970703125
tennis racket,64718,segm,0,4.117434501647949,1.3380204439163208,-351.0773866980089,0.260009765625,0.249755859375
tennis racket,64718,segm,1,4.153936862945557,1.3527770042419434,-429.1049436166086,0.1759033203125,0.2379150390625
tennis racket,64718,segm,2,3.971989631652832,1.2625367641448977,-381.9194781837996,0.29150390625,0.2471923828125
tennis racket,193743,bbox,0,5.908292293548584,1.6144872903823853,-924.021180936641,0.2159423828125,0.319091796875
tennis racket,193743,bbox,1,5.908292293548584,1.6144872903823853,-924.021180936641,0.2159423828125,0.319091796875
tennis racket,193743,bbox,2,6.080078601837158,1.5662449598312378,-820.1106557306935,0.0733642578125,0.2164306640625
tennis racket,193743,segm,0,5.908292293548584,1.6144872903823853,-924.021180936641,0.2159423828125,0.319091796875
tennis racket,193743,segm,1,5.908292293548584,1.6144872903823853,-924.021180936641,0.2159423828125,0.319091796875
tennis racket,193743,segm,2,5.9960222244262695,1.5861934423446655,-892.1436141000454,0.0731201171875,0.2177734375
zebra,31269,bbox,0,5.7172932624816895,1.262431025505066,-323.9103199323417,0.05316162109375,0.368408203125
zebra,31269,bbox,1,5.700833797454834,1.180145025253296,-230.8834778518228,0.09552001953125,0.401611328125
zebra,31269,bbox,2,5.8793253898620605,1.170820236206055,-287.6536304714666,0.05084228515625,0.388916015625
zebra,31269,segm,0,5.817117691040039,1.2792514562606812,-295.8501415940815,0.06536865234375,0.379638671875
zebra,31269,segm,1,5.792182922363281,1.2458726167678833,-206.2642262073434,0.0714111328125,0.379150390625
zebra,31269,segm,2,5.821803569793701,1.3078374862670898,-307.81894622857294,0.06298828125,0.385986328125
zebra,185409,bbox,0,5.780000686645508,1.2580888271331787,-312.4538153485285,0.051361083984375,0.3857421875
zebra,185409,bbox,1,5.718656539916992,1.354641079902649,-303.09902398774904,0.06842041015625,0.369873046875
zebra,185409,bbox,2,5.917500019073486,1.302743911743164,-288.5805628906586,0.07855224609375,0.37548828125
zebra,185409,segm,0,5.878432273864746,1.2593780755996704,-326.6110989178328,0.078369140625,0.37255859375
zebra,185409,segm,1,6.029728889465332,1.2923730611801147,-398.5471739898995,0.07958984375,0.370361328125
zebra,185409,segm,2,5.898792266845703,1.2563294172286987,-411.5480493313943,0.0885009765625,0.3720703125
zebra,159311,bbox,0,6.133059501647949,1.3780351877212524,-230.99792530576897,0.0753173828125,0.36279296875
zebra,159311,bbox,1,5.969766616821289,1.3371940851211548,-242.6134082049925,0.08612060546875,0.383544921875
zebra,159311,bbox,2,5.908292293548584,1.6144872903823853,-924.021180936641,0.07659912109375,0.28662109375
zebra,159311,segm,0,5.92330265045166,1.3711017370224,-263.6788239401328,0.095947265625,0.38623046875
zebra,159311,segm,1,5.885530471801758,1.333261251449585,-294.27392187003164,0.0758056640625,0.39453125
zebra,159311,segm,2,6.0054779052734375,1.289636492729187,-247.57448351310583,0.07098388671875,0.383544921875
zebra,378453,bbox,0,4.892693519592285,1.4741692543029783,-341.45485843825827,0.11199951171875,0.39892578125
zebra,378453,bbox,1,5.221731662750244,1.436661958694458,-280.4446571289027,0.10614013671875,0.404541015625
zebra,378453,bbox,2,4.92984676361084,1.468138575553894,-380.9585724207591,0.1278076171875,0.41357421875
zebra,378453,segm,0,5.004498481750488,1.483127474784851,-341.29007530080867,0.08746337890625,0.3994140625
zebra,378453,segm,1,4.885067939758301,1.4138153791427612,-359.9993144077696,0.09124755859375,0.39990234375
zebra,378453,segm,2,5.011997222900391,1.4191652536392212,-419.5290561864838,0.0718994140625,0.39501953125
zebra,20059,bbox,0,5.348274230957031,1.4983062744140625,-242.1629506837064,0.223876953125,0.368896484375
zebra,20059,bbox,1,5.264883041381836,1.4866541624069214,-342.2510732349272,0.19580078125,0.358642578125
zebra,20059,bbox,2,5.409328460693359,1.4577215909957886,-330.63804546685475,0.2291259765625,0.381591796875
zebra,20059,segm,0,5.160411834716797,1.418083667755127,-293.20731518907337,0.27294921875,0.3828125
zebra,20059,segm,1,5.316291809082031,1.4545753002166748,-232.5052171273039,0.2381591796875,0.376953125
zebra,20059,segm,2,5.294582843780518,1.4513813257217407,-250.80383574824165,0.27880859375,0.38037109375
zebra,433243,bbox,0,6.132190704345703,1.2563165426254272,-284.92039016871536,0.09130859375,0.349609375
zebra,433243,bbox,1,6.206401824951172,1.2826616764068604,-249.27870880061784,0.0941162109375,0.373046875
zebra,433243,bbox,2,6.119569778442383,1.2926462888717651,-271.5134123986345,0.049957275390625,0.368408203125
zebra,433243,segm,0,6.243044853210449,1.3608505725860596,-211.8664799566313,0.152587890625,0.36083984375
zebra,433243,segm,1,6.281713485717773,1.3468542098999023,-209.1433103743377,0.1483154296875,0.359130859375
zebra,433243,segm,2,6.120555877685547,1.289082646369934,-245.952939394504,0.12744140625,0.361572265625
zebra,491613,bbox,0,5.908292293548584,1.6144872903823853,-924.021180936641,0.07659912109375,0.28662109375
zebra,491613,bbox,1,5.571471691131592,1.3761223554611206,-263.02519098158683,0.25146484375,0.4013671875
zebra,491613,bbox,2,5.908292293548584,1.6144872903823853,-924.021180936641,0.07659912109375,0.28662109375
zebra,491613,segm,0,5.404921054840088,1.3533707857131958,-280.5271978484452,0.298828125,0.3955078125
zebra,491613,segm,1,5.487767219543457,1.35680091381073,-246.19250249207025,0.279296875,0.394775390625
zebra,491613,segm,2,5.518311023712158,1.339632868766785,-270.2980195160289,0.271240234375,0.3974609375
zebra,577149,bbox,0,5.255918979644775,1.3830116987228394,-261.25786472288246,0.1573486328125,0.3994140625
zebra,577149,bbox,1,4.829068183898926,1.3787494897842407,-248.50131512419736,0.185302734375,0.388671875
zebra,577149,bbox,2,4.913764953613281,1.408066987991333,-419.7171389038429,0.22705078125,0.38427734375
zebra,577149,segm,0,5.243037700653076,1.2998369932174685,-208.74437645577743,0.294921875,0.4169921875
zebra,577149,segm,1,5.14621114730835,1.3123939037322998,-139.11001684661267,0.3076171875,0.4072265625
zebra,577149,segm,2,4.965251922607422,1.304740309715271,-210.926409176586,0.2998046875,0.40625
zebra,110211,bbox,0,6.111602783203125,1.2885044813156128,-447.6605695398607,0.09588623046875,0.4052734375
zebra,110211,bbox,1,6.199029922485352,1.20945143699646,-217.5345952940381,0.07745361328125,0.3671875
zebra,110211,bbox,2,6.093111515045166,1.2698702812194824,-421.7582876625713,0.1546630859375,0.388671875
zebra,110211,segm,0,6.219217300415039,1.188221454620361,-270.6839329144618,0.07208251953125,0.38818359375
zebra,110211,segm,1,6.17854118347168,1.1753153800964355,-300.5721178862504,0.07305908203125,0.375244140625
zebra,110211,segm,2,6.1678853034973145,1.1871860027313232,-245.56605597191037,0.094482421875,0.392333984375
zebra,364166,bbox,0,5.908292293548584,1.6144872903823853,-924.021180936641,0.07659912109375,0.28662109375
zebra,364166,bbox,1,5.908292293548584,1.6144872903823853,-924.021180936641,0.07659912109375,0.28662109375
zebra,364166,bbox,2,6.129675388336182,1.3911806344985962,-314.39653245957925,0.10247802734375,0.374755859375
zebra,364166,segm,0,6.082655429840088,1.3567272424697876,-243.82487104542884,0.1439208984375,0.38720703125
zebra,364166,segm,1,5.9484052658081055,1.3710658550262451,-307.9920388281186,0.166259765625,0.380859375
zebra,364166,segm,2,6.16279935836792,1.3828282356262207,-287.4844018028068,0.140869140625,0.379638671875
zebra,16010,bbox,0,4.985080242156982,1.2917695045471191,-312.3911233996175,0.0093002319335937,0.279296875
zebra,16010,bbox,1,4.78107500076294,1.3502819538116455,-316.73121783982606,0.06964111328125,0.39111328125
zebra,16010,bbox,2,5.2715020179748535,1.2591806650161743,-391.27466948788697,0.01129150390625,0.26513671875
zebra,16010,segm,0,5.006629943847656,1.316794514656067,-338.19434526013856,0.012725830078125,0.26953125
zebra,16010,segm,1,5.0889081954956055,1.2722651958465576,-301.72267192232584,0.0105667114257812,0.28271484375
zebra,16010,segm,2,5.058957576751709,1.2939105033874512,-286.2033845289045,0.010711669921875,0.26513671875
zebra,508586,bbox,0,5.563921928405762,1.2699525356292725,-281.04573650142083,0.1920166015625,0.396484375
zebra,508586,bbox,1,5.769560813903809,1.242335081100464,-287.9912967515536,0.07025146484375,0.37890625
zebra,508586,bbox,2,5.346579551696777,1.3268845081329346,-246.248389504276,0.067626953125,0.38232421875
zebra,508586,segm,0,5.640635967254639,1.25774884223938,-246.22113337273203,0.091064453125,0.373291015625
zebra,508586,segm,1,5.717075824737549,1.2979589700698853,-200.3796630007118,0.11126708984375,0.382080078125
zebra,508586,segm,2,5.725918769836426,1.2422442436218262,-229.37321032678997,0.06884765625,0.375244140625
zebra,215245,bbox,0,5.561548233032227,1.4445730447769165,-248.73374626015672,0.0704345703125,0.396240234375
zebra,215245,bbox,1,5.387344837188721,1.3459728956222534,-230.1249752973577,0.12060546875,0.401611328125
zebra,215245,bbox,2,5.353662014007568,1.4003435373306274,-338.8100410973073,0.07806396484375,0.396240234375
zebra,215245,segm,0,5.629094123840332,1.2576966285705566,-259.6228351408927,0.1602783203125,0.39697265625
zebra,215245,segm,1,5.445357322692871,1.3166115283966064,-237.77153037759211,0.154541015625,0.399169921875
zebra,215245,segm,2,5.430125713348389,1.2827022075653076,-255.7467252894116,0.1279296875,0.3955078125
zebra,546011,bbox,0,5.369835376739502,1.3628631830215454,-562.1778293204075,0.0360107421875,0.36572265625
zebra,546011,bbox,1,5.432548522949219,1.4048776626586914,-283.94633505995535,0.07269287109375,0.398193359375
zebra,546011,bbox,2,5.312641143798828,1.3859422206878662,-430.2139482908292,0.04351806640625,0.36181640625
zebra,546011,segm,0,5.4979248046875,1.4008365869522097,-269.69313162540857,0.08990478515625,0.393310546875
zebra,546011,segm,1,5.172539710998535,1.339079976081848,-183.8956703472718,0.236083984375,0.400146484375
zebra,546011,segm,2,5.355834007263184,1.4119261503219604,-324.9099506514256,0.274169921875,0.40625
zebra,516316,bbox,0,5.222116947174072,1.39236581325531,-267.7611097223996,0.250244140625,0.407958984375
zebra,516316,bbox,1,5.101645469665527,1.3091537952423096,-222.66608778602352,0.115966796875,0.399169921875
zebra,516316,bbox,2,5.359703540802002,1.3577295541763306,-313.187060845298,0.227783203125,0.404052734375
zebra,516316,segm,0,5.333654403686523,1.3498164415359497,-301.21935769059814,0.2396240234375,0.40771484375
zebra,516316,segm,1,5.242064476013184,1.4106242656707764,-250.63961226579747,0.26171875,0.423095703125
zebra,516316,segm,2,5.312149524688721,1.3798182010650637,-281.27780016863915,0.2452392578125,0.4111328125
zebra,52462,bbox,0,5.570677757263184,1.5596444606781006,-225.84159291395477,0.3291015625,0.39013671875
zebra,52462,bbox,1,5.545156478881836,1.519863247871399,-252.4504798565809,0.3154296875,0.39013671875
zebra,52462,bbox,2,5.380992412567139,1.444066882133484,-280.91533285172113,0.280029296875,0.39990234375
zebra,52462,segm,0,5.310320854187012,1.4407206773757937,-234.6714402641155,0.29345703125,0.4013671875
zebra,52462,segm,1,5.265020370483398,1.4303250312805176,-236.7693321662832,0.321533203125,0.397216796875
zebra,52462,segm,2,5.287822246551514,1.4202492237091064,-260.5060115596252,0.318603515625,0.40625
zebra,91921,bbox,0,5.799732208251953,1.3564186096191406,-282.94280037262024,0.2423095703125,0.384033203125
zebra,91921,bbox,1,5.847655773162842,1.3302581310272217,-258.2669531303104,0.1014404296875,0.3876953125
zebra,91921,bbox,2,5.755506038665772,1.310124754905701,-268.1227329365942,0.1251220703125,0.42041015625
zebra,91921,segm,0,5.725276470184326,1.299868941307068,-213.42397071159937,0.24169921875,0.3876953125
zebra,91921,segm,1,5.507816314697266,1.2959479093551636,-227.8965028412401,0.2646484375,0.38134765625
zebra,91921,segm,2,5.606215476989746,1.3122013807296753,-207.0909706202544,0.248046875,0.380859375
zebra,350488,bbox,0,5.634969234466553,1.3373154401779177,-257.3139465277335,0.10540771484375,0.386474609375
zebra,350488,bbox,1,5.861551284790039,1.4012657403945925,-247.8421982546076,0.040008544921875,0.3642578125
zebra,350488,bbox,2,5.851352214813232,1.332511067390442,-268.5402335567521,0.151611328125,0.382080078125
zebra,350488,segm,0,5.812190532684326,1.372172713279724,-325.8114587270816,0.1343994140625,0.379638671875
zebra,350488,segm,1,5.908292293548584,1.6144872903823853,-924.021180936641,0.07659912109375,0.28662109375
zebra,350488,segm,2,5.765778064727783,1.3185862302780151,-351.1201794620939,0.1297607421875,0.378173828125
zebra,509735,bbox,0,5.431298732757568,1.3234031200408936,-206.7721081178609,0.1353759765625,0.370849609375
zebra,509735,bbox,1,5.633891582489014,1.400940179824829,-224.9863067211544,0.11376953125,0.364013671875
zebra,509735,bbox,2,5.402991771697998,1.3888311386108398,-245.0704904416084,0.1300048828125,0.406494140625
zebra,509735,segm,0,5.313068389892578,1.3994429111480713,-219.630932835101,0.15283203125,0.384521484375
zebra,509735,segm,1,5.31712532043457,1.349156618118286,-249.93924274483516,0.1820068359375,0.399658203125
zebra,509735,segm,2,5.338845729827881,1.340484857559204,-207.5277726641036,0.177978515625,0.389404296875
zebra,218424,bbox,0,5.901266574859619,1.393653392791748,-293.8940724087476,0.0853271484375,0.376953125
zebra,218424,bbox,1,5.71937370300293,1.3838844299316406,-360.8232585865705,0.07012939453125,0.37939453125
zebra,218424,bbox,2,5.574033260345459,1.37031090259552,-405.3069830594676,0.0625,0.376708984375
zebra,218424,segm,0,5.987342357635498,1.3517035245895386,-319.1239799702512,0.0948486328125,0.39111328125
zebra,218424,segm,1,5.631294250488281,1.3530607223510742,-355.13345649551354,0.08819580078125,0.389892578125
zebra,218424,segm,2,5.447875499725342,1.3623898029327393,-312.2612953108834,0.09417724609375,0.400146484375
zebra,504635,bbox,0,5.860583782196045,1.3095910549163818,-248.6751425949851,0.091552734375,0.371337890625
zebra,504635,bbox,1,6.168434143066406,1.3612606525421145,-249.40076121168448,0.087158203125,0.381591796875
zebra,504635,bbox,2,6.087728023529053,1.310020923614502,-213.29239616667664,0.0687255859375,0.361083984375
zebra,504635,segm,0,5.90883731842041,1.3277599811553955,-243.8314040874524,0.1427001953125,0.398193359375
zebra,504635,segm,1,5.970190525054932,1.321682095527649,-239.13410087762864,0.1148681640625,0.39013671875
zebra,504635,segm,2,5.933160781860352,1.320436716079712,-235.95676429295983,0.10205078125,0.39111328125
zebra,447313,bbox,0,4.907314300537109,1.3177294731140137,-305.55366342793064,0.271484375,0.413330078125
zebra,447313,bbox,1,4.8370795249938965,1.3646249771118164,-271.9594103291938,0.09661865234375,0.380615234375
zebra,447313,bbox,2,4.867781639099121,1.381854772567749,-302.71602577425847,0.1378173828125,0.37353515625
zebra,447313,segm,0,4.808244228363037,1.33220374584198,-469.3569950804962,0.2108154296875,0.38232421875
zebra,447313,segm,1,4.968730926513672,1.3674781322479248,-361.8246722032218,0.1339111328125,0.3818359375
zebra,447313,segm,2,4.862321853637695,1.4012056589126587,-326.28055401976417,0.197998046875,0.36767578125
zebra,60770,bbox,0,5.457459926605225,1.401902437210083,-288.2784935942315,0.0751953125,0.3740234375
zebra,60770,bbox,1,5.549496650695801,1.3962234258651731,-247.2199840828125,0.06707763671875,0.392333984375
zebra,60770,bbox,2,5.102484703063965,1.3982107639312744,-366.8963809322767,0.052703857421875,0.388671875
zebra,60770,segm,0,5.191180229187012,1.327454924583435,-242.58821417316128,0.1044921875,0.393798828125
zebra,60770,segm,1,5.077752113342285,1.3498661518096924,-207.28838075948508,0.1258544921875,0.3935546875
zebra,60770,segm,2,5.049867630004883,1.3300987482070925,-255.06165641472452,0.1353759765625,0.398681640625
zebra,545129,bbox,0,6.168548107147217,1.535423755645752,-370.86063355732585,0.075927734375,0.375
zebra,545129,bbox,1,5.971802711486816,1.5418299436569214,-381.9532639696695,0.088134765625,0.3857421875
zebra,545129,bbox,2,5.912248611450195,1.5702695846557615,-267.85433838162345,0.09765625,0.392578125
zebra,545129,segm,0,5.8347015380859375,1.520861029624939,-397.2317835479974,0.07879638671875,0.369384765625
zebra,545129,segm,1,5.92592191696167,1.5137336254119873,-355.6578940337492,0.08233642578125,0.369140625
zebra,545129,segm,2,6.034575939178467,1.514165282249451,-315.7056692102842,0.07904052734375,0.371337890625
zebra,54123,bbox,0,5.690570831298828,1.404773235321045,-254.9888971765888,0.1868896484375,0.39990234375
zebra,54123,bbox,1,5.7356038093566895,1.338438630104065,-303.4506204596262,0.1865234375,0.392333984375
zebra,54123,bbox,2,5.782432556152344,1.394942045211792,-270.94982814548445,0.1622314453125,0.3916015625
zebra,54123,segm,0,5.73688554763794,1.4130767583847046,-224.32000782901304,0.23876953125,0.398193359375
zebra,54123,segm,1,5.543885707855225,1.3758565187454224,-233.21933532860723,0.1968994140625,0.375244140625
zebra,54123,segm,2,5.477530479431152,1.3588975667953491,-238.61883890422905,0.1640625,0.379638671875
zebra,116589,bbox,0,5.908292293548584,1.6144872903823853,-924.021180936641,0.07659912109375,0.28662109375
zebra,116589,bbox,1,5.908292293548584,1.6144872903823853,-924.021180936641,0.07659912109375,0.28662109375
zebra,116589,bbox,2,5.908292293548584,1.6144872903823853,-924.021180936641,0.07659912109375,0.28662109375
zebra,116589,segm,0,5.908292293548584,1.6144872903823853,-924.021180936641,0.07659912109375,0.28662109375
zebra,116589,segm,1,5.908292293548584,1.6144872903823853,-924.021180936641,0.07659912109375,0.28662109375
zebra,116589,segm,2,5.908292293548584,1.6144872903823853,-924.021180936641,0.07659912109375,0.28662109375
zebra,473974,bbox,0,5.493261814117432,1.4289581775665283,-327.5611576931664,0.11328125,0.373779296875
zebra,473974,bbox,1,5.292634010314941,1.385003685951233,-311.55597547155105,0.08013916015625,0.359130859375
zebra,473974,bbox,2,5.5899338722229,1.4481867551803589,-409.7818315732405,0.15234375,0.37744140625
zebra,473974,segm,0,5.337893486022949,1.4577178955078125,-253.03777817568104,0.1497802734375,0.38037109375
zebra,473974,segm,1,5.41031551361084,1.4690719842910769,-259.86676554854057,0.1302490234375,0.385498046875
zebra,473974,segm,2,5.372256278991699,1.4609023332595823,-252.9109185453958,0.159423828125,0.388427734375
zebra,449406,bbox,0,5.867353916168213,1.326037883758545,-200.01705243914884,0.2646484375,0.3857421875
zebra,449406,bbox,1,5.767208576202393,1.2953665256500244,-223.672194128854,0.2763671875,0.38330078125
zebra,449406,bbox,2,5.9564714431762695,1.3473119735717771,-225.4505735032984,0.285888671875,0.39404296875
zebra,449406,segm,0,5.730855941772461,1.3630696535110474,-205.49237694440671,0.26123046875,0.382080078125
zebra,449406,segm,1,5.608724594116211,1.305140256881714,-236.7046281485856,0.25,0.38134765625
zebra,449406,segm,2,5.855080604553223,1.350103735923767,-223.5571159968604,0.24951171875,0.382080078125
zebra,270244,bbox,0,6.388895034790039,1.343059778213501,-265.5240129886105,0.0908203125,0.362060546875
zebra,270244,bbox,1,6.002186298370361,1.4157720804214478,-230.512311829108,0.1976318359375,0.370849609375
zebra,270244,bbox,2,5.993924140930176,1.3735491037368774,-241.1612809799701,0.1868896484375,0.390625
zebra,270244,segm,0,6.185352325439453,1.2647589445114136,-221.66184115252827,0.242431640625,0.387451171875
zebra,270244,segm,1,6.069307804107666,1.3170801401138306,-222.1196553200877,0.2374267578125,0.385498046875
zebra,270244,segm,2,6.149501800537109,1.3323676586151123,-200.40158157448556,0.240478515625,0.38916015625
zebra,545730,bbox,0,5.370259761810303,1.3636618852615356,-237.6040262497609,0.2763671875,0.4013671875
zebra,545730,bbox,1,5.447054862976074,1.3876155614852903,-243.40151959726376,0.269775390625,0.402099609375
zebra,545730,bbox,2,5.321444034576416,1.3255527019500732,-202.85686332272056,0.26513671875,0.386962890625
zebra,545730,segm,0,5.162302970886231,1.4095112085342407,-175.35534670528912,0.326416015625,0.405029296875
zebra,545730,segm,1,5.224920749664307,1.4430251121520996,-227.5355666196091,0.353759765625,0.402587890625
zebra,545730,segm,2,5.303557395935059,1.420361042022705,-269.2830810944871,0.361328125,0.4111328125
zebra,484296,bbox,0,5.579111099243164,1.2503728866577148,-223.06480330492704,0.294189453125,0.396240234375
zebra,484296,bbox,1,5.756746292114258,1.2633771896362305,-281.5477275668523,0.1824951171875,0.385498046875
zebra,484296,bbox,2,5.336439609527588,1.296967387199402,-192.22230489802809,0.2293701171875,0.37841796875
zebra,484296,segm,0,5.637148380279541,1.2781383991241455,-153.2633295211725,0.1917724609375,0.38720703125
zebra,484296,segm,1,5.328271389007568,1.2294578552246094,-193.14244267490935,0.1405029296875,0.40966796875
zebra,484296,segm,2,5.18415641784668,1.304803490638733,-208.3081911585213,0.1998291015625,0.388671875
zebra,562121,bbox,0,4.63136100769043,1.4368407726287842,-288.08433091630354,0.10992431640625,0.39453125
zebra,562121,bbox,1,4.863974094390869,1.4130789041519165,-567.1307946327956,0.05914306640625,0.34521484375
zebra,562121,bbox,2,4.619045257568359,1.4091007709503174,-498.223647590381,0.0946044921875,0.36572265625
zebra,562121,segm,0,4.957587718963623,1.3684277534484863,-281.3282016609876,0.08135986328125,0.38525390625
zebra,562121,segm,1,4.732199192047119,1.3363252878189087,-327.37410373968964,0.058929443359375,0.391357421875
zebra,562121,segm,2,4.789006233215332,1.4247093200683594,-293.1459064516948,0.056182861328125,0.3623046875
zebra,201676,bbox,0,5.545448303222656,1.4381399154663086,-316.9171039509439,0.09014892578125,0.39599609375
zebra,201676,bbox,1,5.424819946289063,1.4800338745117188,-385.194496056621,0.08740234375,0.4052734375
zebra,201676,bbox,2,5.734818935394287,1.5045266151428225,-333.6617938188206,0.06829833984375,0.3740234375
zebra,201676,segm,0,5.771789073944092,1.3722079992294312,-413.9221016348301,0.06951904296875,0.411865234375
zebra,201676,segm,1,5.86070442199707,1.4770179986953735,-401.71677330961467,0.0975341796875,0.421142578125
zebra,201676,segm,2,5.659429550170898,1.434381365776062,-356.4666203407885,0.09869384765625,0.408203125
zebra,493019,bbox,0,5.596767902374268,1.403048038482666,-375.1378413303989,0.166259765625,0.398193359375
zebra,493019,bbox,1,5.908292293548584,1.6144872903823853,-924.021180936641,0.07659912109375,0.28662109375
zebra,493019,bbox,2,5.714165210723877,1.3977233171463013,-275.9395870919419,0.27880859375,0.3974609375
zebra,493019,segm,0,5.664071083068848,1.424349308013916,-250.2361187764729,0.1148681640625,0.374755859375
zebra,493019,segm,1,5.62408447265625,1.4749728441238403,-296.5001023931891,0.151611328125,0.383544921875
zebra,493019,segm,2,5.795612335205078,1.4179024696350098,-385.6229405184292,0.069580078125,0.3876953125
zebra,464872,bbox,0,5.155490398406982,1.3727669715881348,-198.65541592079663,0.07745361328125,0.38232421875
zebra,464872,bbox,1,5.089711666107178,1.3967543840408323,-232.3599272852184,0.08282470703125,0.3818359375
zebra,464872,bbox,2,4.991890907287598,1.4620486497879028,-258.55166529656486,0.0701904296875,0.367431640625
zebra,464872,segm,0,5.095093727111816,1.4259597063064575,-223.03595417733055,0.07891845703125,0.37451171875
zebra,464872,segm,1,4.8516154289245605,1.4028120040893557,-205.3210948888043,0.07806396484375,0.364501953125
zebra,464872,segm,2,4.869949817657471,1.401705265045166,-205.0676594877415,0.07135009765625,0.365234375
zebra,69106,bbox,0,6.3000593185424805,1.3406691551208496,-465.4006098800132,0.09136962890625,0.3720703125
zebra,69106,bbox,1,5.908292293548584,1.6144872903823853,-924.021180936641,0.07659912109375,0.28662109375
zebra,69106,bbox,2,6.224841594696045,1.40161395072937,-447.83693065982015,0.08746337890625,0.37646484375
zebra,69106,segm,0,6.355694770812988,1.4398483037948608,-269.26116602713364,0.0780029296875,0.37890625
zebra,69106,segm,1,6.342471122741699,1.416235327720642,-331.1813761185608,0.07550048828125,0.37548828125
zebra,69106,segm,2,6.452112197875977,1.4142940044403076,-253.2027319827607,0.07916259765625,0.375244140625
zebra,501243,bbox,0,6.329687595367432,1.21966552734375,-240.4164834542292,0.06597900390625,0.356689453125
zebra,501243,bbox,1,6.436599254608154,1.1904186010360718,-227.9659944926218,0.0762939453125,0.361328125
zebra,501243,bbox,2,6.360276222229004,1.200855374336243,-251.1583642767984,0.06036376953125,0.36474609375
zebra,501243,segm,0,6.191427707672119,1.1243748664855957,-214.43985591644363,0.08203125,0.38134765625
zebra,501243,segm,1,6.295633316040039,1.167394518852234,-239.6434418324732,0.07489013671875,0.383544921875
zebra,501243,segm,2,6.197382926940918,1.147802472114563,-198.974330034662,0.06097412109375,0.379638671875
