category,image_id,width,height,prompt,bbox_512,num_inference_steps,guidance_scale,seed
apple,193926,799,595,,"[0, 0, 512, 512]",31,8.832242835730762,1145441010
apple,389381,1024,868,,"[167, 179, 512, 512]",25,3.5813548817879983,821827540
apple,116362,612,612,,"[0, 21, 512, 512]",26,6.428333350464056,847200043
apple,562059,683,1024,,"[0, 322, 512, 512]",24,7.997806746281609,757855135
apple,322959,612,612,,"[100, 0, 512, 512]",35,7.444671666432088,1340589947
apple,424721,1024,768,,"[430, 0, 512, 512]",47,9.238421084414568,1938609420
apple,407825,563,564,,"[31, 34, 512, 512]",44,8.743542842645962,1786372013
apple,189078,1000,667,,"[488, 0, 512, 512]",48,9.264138661438862,2014448640
apple,522007,1024,768,,"[0, 98, 512, 512]",19,1.2392896102083748,500051954
apple,110999,574,1024,,"[62, 512, 512, 512]",13,4.935232001165579,168571695
apple,548506,1024,680,,"[80, 0, 512, 512]",17,5.364498942795593,388528798
apple,217753,1024,768,,"[0, 201, 512, 512]",42,1.5863877763309675,1701289843
apple,482719,1024,768,,"[179, 216, 512, 512]",22,1.0506344561145364,644859804
apple,119452,1024,768,,"[428, 165, 512, 512]",48,8.475592932741314,2038980991
apple,386210,765,1024,,"[166, 36, 512, 512]",27,9.84972019857558,906032039
apple,173091,612,612,,"[1, 100, 512, 512]",40,8.061488674054116,1579638338
apple,388903,850,565,,"[20, 53, 512, 512]",32,3.8404314098044585,1182859276
apple,188592,768,1024,,"[117, 308, 512, 512]",31,7.348003341305084,1131072087
apple,177714,1023,654,,"[106, 0, 512, 512]",44,3.69262965878422,1827983318
apple,113589,1024,768,,"[477, 131, 512, 512]",33,7.666736345881738,1217393872
apple,60855,1024,816,,"[454, 36, 512, 512]",10,3.517724977734583,29768455
apple,280891,667,1000,,"[18, 405, 512, 512]",16,8.043318237953184,335554307
apple,473406,768,1024,,"[256, 512, 512, 512]",31,9.88966672205119,1130085198
apple,158660,612,612,,"[100, 11, 512, 512]",48,9.876146943522146,2002619399
apple,138954,612,612,,"[100, 61, 512, 512]",25,8.945763102970082,807025520
apple,509131,1024,680,,"[251, 168, 512, 512]",12,9.21529046605526,126659316
apple,303566,1024,681,,"[327, 169, 512, 512]",20,7.373862226928552,544610078
apple,409424,768,1024,,"[256, 267, 512, 512]",19,5.990471895371578,502803994
apple,461009,612,612,,"[31, 53, 512, 512]",11,9.309143872631983,78112099
apple,216277,1024,768,,"[87, 144, 512, 512]",50,1.807577018688813,2135232880
apple,203095,1024,768,,"[512, 256, 512, 512]",29,4.331183906260067,1006074700
apple,128598,768,1024,,"[0, 265, 512, 512]",32,6.453450491583366,1171239504
apple,479596,1023,685,,"[447, 173, 512, 512]",43,5.29956907226817,1754370252
apple,376307,768,1024,,"[1, 409, 512, 512]",30,8.135720924475056,1084998680
apple,185599,1024,768,,"[155, 0, 512, 512]",46,2.755777541311419,1933072943
backpack,549390,1024,683,,"[0, 171, 512, 512]",31,8.832242835730762,1145441010
backpack,74256,1024,768,,"[512, 176, 512, 512]",25,3.5813548817879983,821827540
backpack,490515,1024,683,,"[142, 35, 512, 512]",26,6.428333350464056,847200043
backpack,534041,1024,768,,"[512, 0, 512, 512]",24,7.997806746281609,757855135
backpack,434204,1024,683,,"[410, 0, 512, 512]",35,7.444671666432088,1340589947
backpack,24610,1024,768,,"[512, 256, 512, 512]",47,9.238421084414568,1938609420
backpack,455716,1024,693,,"[503, 61, 512, 512]",44,8.743542842645962,1786372013
backpack,115245,612,612,,"[0, 0, 512, 512]",48,9.264138661438862,2014448640
backpack,572462,612,612,,"[100, 100, 512, 512]",19,1.2392896102083748,500051954
backpack,420916,1024,640,,"[149, 128, 512, 512]",13,4.935232001165579,168571695
backpack,172595,1024,576,,"[176, 64, 512, 512]",17,5.364498942795593,388528798
backpack,89648,1024,683,,"[512, 39, 512, 512]",42,1.5863877763309675,1701289843
backpack,413247,1024,681,,"[512, 169, 512, 512]",22,1.0506344561145364,644859804
backpack,351810,1024,768,,"[104, 226, 512, 512]",48,8.475592932741314,2038980991
backpack,16451,612,612,,"[100, 100, 512, 512]",27,9.84972019857558,906032039
backpack,180296,930,523,,"[418, 11, 512, 512]",40,8.061488674054116,1579638338
backpack,356427,1024,683,,"[496, 171, 512, 512]",32,3.8404314098044585,1182859276
backpack,361551,768,1024,,"[67, 505, 512, 512]",31,7.348003341305084,1131072087
backpack,186449,697,1023,,"[0, 0, 512, 512]",44,3.69262965878422,1827983318
backpack,230993,1023,653,,"[143, 141, 512, 512]",33,7.666736345881738,1217393872
backpack,107094,1024,681,,"[512, 95, 512, 512]",10,3.517724977734583,29768455
backpack,303713,683,1024,,"[0, 512, 512, 512]",16,8.043318237953184,335554307
backpack,30828,1024,683,,"[0, 84, 512, 512]",31,9.88966672205119,1130085198
backpack,403565,715,1024,,"[186, 512, 512, 512]",48,9.876146943522146,2002619399
backpack,361586,930,523,,"[418, 11, 512, 512]",25,8.945763102970082,807025520
backpack,568439,1024,719,,"[512, 164, 512, 512]",12,9.21529046605526,126659316
backpack,346232,683,1024,,"[0, 379, 512, 512]",20,7.373862226928552,544610078
backpack,32887,1024,768,,"[512, 96, 512, 512]",19,5.990471895371578,502803994
backpack,203389,720,540,,"[48, 28, 512, 512]",11,9.309143872631983,78112099
backpack,568981,1023,682,,"[0, 170, 512, 512]",50,1.807577018688813,2135232880
backpack,9891,1024,768,,"[466, 256, 512, 512]",29,4.331183906260067,1006074700
backpack,84650,1024,768,,"[512, 116, 512, 512]",32,6.453450491583366,1171239504
backpack,363188,1024,680,,"[171, 114, 512, 512]",43,5.29956907226817,1754370252
backpack,179898,1024,768,,"[384, 0, 512, 512]",30,8.135720924475056,1084998680
backpack,192699,1023,731,,"[511, 219, 512, 512]",46,2.755777541311419,1933072943
backpack,132796,1024,681,,"[501, 0, 512, 512]",25,1.5602814767499709,825039645
backpack,280779,1024,801,,"[341, 85, 512, 512]",27,2.138665665159264,914582800
backpack,309964,1024,683,,"[203, 171, 512, 512]",11,9.665034264254464,86984129
backpack,466125,683,1024,,"[0, 473, 512, 512]",30,2.194970835064874,1058021795
backpack,150224,1024,683,,"[512, 171, 512, 512]",29,3.0348849462685425,1014848104
backpack,156372,536,800,,"[0, 288, 512, 512]",39,4.393507338605968,1521018998
backpack,424162,1023,819,,"[511, 64, 512, 512]",28,6.610794772067163,946897390
backpack,325347,1023,575,,"[166, 0, 512, 512]",23,8.038865176023725,693415842
backpack,157928,1024,768,,"[336, 0, 512, 512]",17,1.7078400439235306,411317620
backpack,579307,768,1024,,"[110, 115, 512, 512]",40,9.381137078287315,1594737559
backpack,492284,1024,768,,"[512, 41, 512, 512]",20,7.865125519139077,548344684
backpack,250619,1023,770,,"[88, 258, 512, 512]",10,3.888677059518759,27700026
backpack,261888,1023,682,,"[469, 88, 512, 512]",46,2.7039881748540786,1901078373
backpack,368900,1024,768,,"[0, 219, 512, 512]",33,6.363575990083298,1245682962
backpack,235784,1023,734,,"[117, 131, 512, 512]",12,6.352203040853406,143465762
banana,269314,1024,768,,"[41, 256, 512, 512]",31,8.832242835730762,1145441010
banana,575500,533,800,,"[0, 7, 512, 512]",25,3.5813548817879983,821827540
banana,480275,1024,754,,"[450, 0, 512, 512]",26,6.428333350464056,847200043
banana,407574,765,1024,,"[61, 484, 512, 512]",24,7.997806746281609,757855135
banana,457262,612,612,,"[0, 0, 512, 512]",35,7.444671666432088,1340589947
banana,453708,1024,683,,"[325, 0, 512, 512]",47,9.238421084414568,1938609420
banana,312406,1024,768,,"[12, 140, 512, 512]",44,8.743542842645962,1786372013
banana,271471,1023,685,,"[169, 80, 512, 512]",48,9.264138661438862,2014448640
banana,163951,683,1024,,"[132, 267, 512, 512]",19,1.2392896102083748,500051954
banana,78959,615,1024,,"[103, 0, 512, 512]",13,4.935232001165579,168571695
banana,560256,1024,768,,"[73, 256, 512, 512]",17,5.364498942795593,388528798
banana,8844,1024,682,,"[512, 170, 512, 512]",42,1.5863877763309675,1701289843
banana,128658,1024,683,,"[493, 87, 512, 512]",22,1.0506344561145364,644859804
banana,378515,531,799,,"[19, 287, 512, 512]",48,8.475592932741314,2038980991
banana,581781,1024,765,,"[200, 170, 512, 512]",27,9.84972019857558,906032039
banana,189078,1000,667,,"[0, 0, 512, 512]",40,8.061488674054116,1579638338
banana,66706,612,612,,"[0, 50, 512, 512]",32,3.8404314098044585,1182859276
banana,548506,1024,680,,"[491, 0, 512, 512]",31,7.348003341305084,1131072087
banana,236721,1024,768,,"[512, 0, 512, 512]",44,3.69262965878422,1827983318
banana,389812,800,600,,"[188, 88, 512, 512]",33,7.666736345881738,1217393872
banana,66231,1024,683,,"[512, 171, 512, 512]",10,3.517724977734583,29768455
banana,509131,1024,680,,"[392, 87, 512, 512]",16,8.043318237953184,335554307
banana,13004,600,800,,"[54, 34, 512, 512]",31,9.88966672205119,1130085198
banana,535253,612,612,,"[100, 100, 512, 512]",48,9.876146943522146,2002619399
banana,479448,800,600,,"[57, 0, 512, 512]",25,8.945763102970082,807025520
banana,279769,1024,768,,"[194, 0, 512, 512]",12,9.21529046605526,126659316
banana,313562,1024,768,,"[0, 232, 512, 512]",20,7.373862226928552,544610078
banana,429281,768,1024,,"[0, 147, 512, 512]",19,5.990471895371578,502803994
banana,474854,678,1024,,"[120, 319, 512, 512]",11,9.309143872631983,78112099
banana,69356,1024,808,,"[233, 296, 512, 512]",50,1.807577018688813,2135232880
banana,112378,1024,768,,"[191, 256, 512, 512]",29,4.331183906260067,1006074700
banana,63740,1024,768,,"[319, 256, 512, 512]",32,6.453450491583366,1171239504
banana,90891,1024,689,,"[407, 177, 512, 512]",43,5.29956907226817,1754370252
banana,147740,800,600,,"[131, 0, 512, 512]",30,8.135720924475056,1084998680
banana,349480,1024,720,,"[278, 208, 512, 512]",46,2.755777541311419,1933072943
banana,499031,683,1024,,"[0, 164, 512, 512]",25,1.5602814767499709,825039645
banana,352618,1024,681,,"[0, 114, 512, 512]",27,2.138665665159264,914582800
banana,227187,1024,768,,"[58, 245, 512, 512]",11,9.665034264254464,86984129
banana,480122,1024,1024,,"[243, 393, 512, 512]",30,2.194970835064874,1058021795
banana,12667,1024,768,,"[329, 15, 512, 512]",29,3.0348849462685425,1014848104
banana,193926,799,595,,"[0, 0, 512, 512]",39,4.393507338605968,1521018998
banana,465806,1024,768,,"[91, 181, 512, 512]",28,6.610794772067163,946897390
banana,322959,612,612,,"[100, 5, 512, 512]",23,8.038865176023725,693415842
banana,293794,685,1023,,"[173, 511, 512, 512]",17,1.7078400439235306,411317620
banana,113589,1024,768,,"[512, 88, 512, 512]",40,9.381137078287315,1594737559
banana,468925,1024,768,,"[0, 183, 512, 512]",20,7.865125519139077,548344684
banana,158660,612,612,,"[0, 0, 512, 512]",10,3.888677059518759,27700026
banana,173008,1024,768,,"[199, 133, 512, 512]",46,2.7039881748540786,1901078373
baseball bat,514586,725,1024,,"[0, 0, 512, 512]",31,8.832242835730762,1145441010
baseball bat,153669,1024,683,,"[497, 0, 512, 512]",25,3.5813548817879983,821827540
baseball bat,427077,523,760,,"[11, 0, 512, 512]",26,6.428333350464056,847200043
baseball bat,284743,1024,680,,"[64, 55, 512, 512]",24,7.997806746281609,757855135
baseball bat,160864,1024,622,,"[289, 0, 512, 512]",35,7.444671666432088,1340589947
baseball bat,2153,1024,768,,"[409, 80, 512, 512]",47,9.238421084414568,1938609420
baseball bat,259690,1024,768,,"[426, 46, 512, 512]",44,8.743542842645962,1786372013
baseball bat,447088,1024,683,,"[0, 0, 512, 512]",48,9.264138661438862,2014448640
baseball bat,429690,1024,683,,"[182, 24, 512, 512]",19,1.2392896102083748,500051954
baseball bat,510095,1023,685,,"[511, 0, 512, 512]",13,4.935232001165579,168571695
baseball bat,203931,685,1023,,"[129, 0, 512, 512]",17,5.364498942795593,388528798
baseball bat,239773,1000,688,,"[195, 0, 512, 512]",42,1.5863877763309675,1701289843
baseball bat,305309,1024,649,,"[512, 0, 512, 512]",22,1.0506344561145364,644859804
baseball bat,217285,1024,683,,"[287, 38, 512, 512]",48,8.475592932741314,2038980991
baseball bat,370375,683,1024,,"[0, 143, 512, 512]",27,9.84972019857558,906032039
baseball bat,462031,719,1024,,"[207, 52, 512, 512]",40,8.061488674054116,1579638338
baseball bat,89296,1024,681,,"[340, 0, 512, 512]",32,3.8404314098044585,1182859276
baseball bat,136915,1024,683,,"[107, 171, 512, 512]",31,7.348003341305084,1131072087
baseball bat,447187,1024,768,,"[0, 0, 512, 512]",44,3.69262965878422,1827983318
baseball bat,464089,1024,768,,"[338, 0, 512, 512]",33,7.666736345881738,1217393872
baseball bat,311002,1024,683,,"[0, 82, 512, 512]",10,3.517724977734583,29768455
baseball bat,279774,850,1024,,"[229, 343, 512, 512]",16,8.043318237953184,335554307
baseball bat,474344,1024,683,,"[129, 0, 512, 512]",31,9.88966672205119,1130085198
baseball bat,128748,785,1024,,"[249, 512, 512, 512]",48,9.876146943522146,2002619399
baseball bat,427256,1024,819,,"[47, 0, 512, 512]",25,8.945763102970082,807025520
baseball bat,182021,1024,576,,"[0, 0, 512, 512]",12,9.21529046605526,126659316
baseball bat,264968,667,1000,,"[155, 148, 512, 512]",20,7.373862226928552,544610078
baseball bat,501005,1024,633,,"[0, 0, 512, 512]",19,5.990471895371578,502803994
baseball bat,126226,1024,768,,"[496, 0, 512, 512]",11,9.309143872631983,78112099
baseball bat,304404,1023,685,,"[187, 0, 512, 512]",50,1.807577018688813,2135232880
baseball bat,43816,1024,681,,"[340, 70, 512, 512]",29,4.331183906260067,1006074700
baseball bat,54593,1024,683,,"[356, 0, 512, 512]",32,6.453450491583366,1171239504
baseball bat,6471,1000,665,,"[409, 0, 512, 512]",43,5.29956907226817,1754370252
baseball bat,123213,1024,627,,"[147, 0, 512, 512]",30,8.135720924475056,1084998680
baseball bat,506707,1024,683,,"[340, 171, 512, 512]",46,2.755777541311419,1933072943
baseball bat,507223,768,1024,,"[65, 223, 512, 512]",25,1.5602814767499709,825039645
baseball bat,262487,1024,768,,"[133, 0, 512, 512]",27,2.138665665159264,914582800
baseball bat,57232,612,612,,"[100, 39, 512, 512]",11,9.665034264254464,86984129
baseball bat,86956,768,1024,,"[62, 100, 512, 512]",30,2.194970835064874,1058021795
baseball bat,248752,1024,768,,"[339, 0, 512, 512]",29,3.0348849462685425,1014848104
baseball bat,357816,1024,932,,"[378, 174, 512, 512]",39,4.393507338605968,1521018998
baseball bat,559547,1023,786,,"[58, 274, 512, 512]",28,6.610794772067163,946897390
baseball bat,404923,1024,768,,"[149, 0, 512, 512]",23,8.038865176023725,693415842
baseball bat,132544,1024,683,,"[436, 77, 512, 512]",17,1.7078400439235306,411317620
baseball bat,491464,1023,685,,"[179, 39, 512, 512]",40,9.381137078287315,1594737559
baseball bat,388056,900,597,,"[0, 0, 512, 512]",20,7.865125519139077,548344684
baseball bat,33759,1023,731,,"[0, 72, 512, 512]",10,3.888677059518759,27700026
baseball bat,320490,1024,682,,"[512, 170, 512, 512]",46,2.7039881748540786,1901078373
baseball bat,415727,1024,768,,"[512, 214, 512, 512]",33,6.363575990083298,1245682962
baseball bat,223738,750,757,,"[47, 73, 512, 512]",12,6.352203040853406,143465762
bench,173057,768,1024,,"[149, 512, 512, 512]",31,8.832242835730762,1145441010
bench,84492,567,851,,"[55, 339, 512, 512]",25,3.5813548817879983,821827540
bench,133645,1024,683,,"[469, 171, 512, 512]",26,6.428333350464056,847200043
bench,534041,1024,768,,"[512, 39, 512, 512]",24,7.997806746281609,757855135
bench,17436,770,1023,,"[0, 511, 512, 512]",35,7.444671666432088,1340589947
bench,434204,1024,683,,"[468, 0, 512, 512]",47,9.238421084414568,1938609420
bench,137246,1023,682,,"[0, 170, 512, 512]",44,8.743542842645962,1786372013
bench,261161,1024,682,,"[0, 151, 512, 512]",48,9.264138661438862,2014448640
bench,572462,612,612,,"[100, 100, 512, 512]",19,1.2392896102083748,500051954
bench,379441,1024,768,,"[0, 256, 512, 512]",13,4.935232001165579,168571695
bench,322610,1024,768,,"[512, 256, 512, 512]",17,5.364498942795593,388528798
bench,559160,686,1024,,"[0, 184, 512, 512]",42,1.5863877763309675,1701289843
bench,227898,1023,678,,"[0, 166, 512, 512]",22,1.0506344561145364,644859804
bench,537153,1023,634,,"[435, 122, 512, 512]",48,8.475592932741314,2038980991
bench,153669,1024,683,,"[135, 171, 512, 512]",27,9.84972019857558,906032039
bench,121417,768,1024,,"[256, 475, 512, 512]",40,8.061488674054116,1579638338
bench,301135,684,1024,,"[172, 512, 512, 512]",32,3.8404314098044585,1182859276
bench,419408,1024,686,,"[512, 174, 512, 512]",31,7.348003341305084,1131072087
bench,372819,1024,681,,"[512, 0, 512, 512]",44,3.69262965878422,1827983318
bench,506454,1024,768,,"[272, 96, 512, 512]",33,7.666736345881738,1217393872
bench,232538,1024,768,,"[512, 256, 512, 512]",10,3.517724977734583,29768455
bench,364636,1024,852,,"[512, 0, 512, 512]",16,8.043318237953184,335554307
bench,89697,1023,687,,"[0, 175, 512, 512]",31,9.88966672205119,1130085198
bench,511076,1024,683,,"[512, 171, 512, 512]",48,9.876146943522146,2002619399
bench,87144,1024,768,,"[0, 159, 512, 512]",25,8.945763102970082,807025520
bench,279145,1024,768,,"[273, 167, 512, 512]",12,9.21529046605526,126659316
bench,111207,765,1024,,"[241, 48, 512, 512]",20,7.373862226928552,544610078
bench,259690,1024,768,,"[0, 31, 512, 512]",19,5.990471895371578,502803994
bench,70254,1024,615,,"[0, 103, 512, 512]",11,9.309143872631983,78112099
bench,481390,1024,768,,"[154, 0, 512, 512]",50,1.807577018688813,2135232880
bench,429690,1024,683,,"[512, 66, 512, 512]",29,4.331183906260067,1006074700
bench,333956,685,1023,,"[0, 511, 512, 512]",32,6.453450491583366,1171239504
bench,419974,681,1024,,"[0, 197, 512, 512]",43,5.29956907226817,1754370252
bench,227478,1024,768,,"[143, 0, 512, 512]",30,8.135720924475056,1084998680
bench,203931,685,1023,,"[0, 418, 512, 512]",46,2.755777541311419,1933072943
bench,388258,1024,765,,"[0, 241, 512, 512]",25,1.5602814767499709,825039645
bench,121506,612,612,,"[0, 100, 512, 512]",27,2.138665665159264,914582800
bench,314541,1024,680,,"[297, 168, 512, 512]",11,9.665034264254464,86984129
bench,527528,1024,768,,"[476, 256, 512, 512]",30,2.194970835064874,1058021795
bench,61108,1024,768,,"[0, 105, 512, 512]",29,3.0348849462685425,1014848104
bench,132796,1024,681,,"[512, 74, 512, 512]",39,4.393507338605968,1521018998
bench,97988,612,612,,"[100, 86, 512, 512]",28,6.610794772067163,946897390
bench,327890,1024,768,,"[162, 256, 512, 512]",23,8.038865176023725,693415842
bench,542423,1024,680,,"[434, 168, 512, 512]",17,1.7078400439235306,411317620
bench,426203,567,851,,"[55, 339, 512, 512]",40,9.381137078287315,1594737559
bench,413404,1024,683,,"[153, 171, 512, 512]",20,7.865125519139077,548344684
bench,13546,1024,680,,"[147, 0, 512, 512]",10,3.888677059518759,27700026
bench,11511,1023,743,,"[26, 231, 512, 512]",46,2.7039881748540786,1901078373
bench,428280,1024,681,,"[0, 169, 512, 512]",33,6.363575990083298,1245682962
bench,222458,1024,679,,"[512, 167, 512, 512]",12,6.352203040853406,143465762
bicycle,184324,1024,680,,"[512, 168, 512, 512]",31,8.832242835730762,1145441010
bicycle,169996,1024,768,,"[73, 256, 512, 512]",25,3.5813548817879983,821827540
bicycle,277005,1024,682,,"[0, 170, 512, 512]",26,6.428333350464056,847200043
bicycle,8211,1024,734,,"[274, 102, 512, 512]",24,7.997806746281609,757855135
bicycle,468505,1024,768,,"[393, 0, 512, 512]",35,7.444671666432088,1340589947
bicycle,473118,692,1000,,"[0, 0, 512, 512]",47,9.238421084414568,1938609420
bicycle,476704,1023,685,,"[511, 173, 512, 512]",44,8.743542842645962,1786372013
bicycle,356387,994,666,,"[16, 154, 512, 512]",48,9.264138661438862,2014448640
bicycle,492077,1024,768,,"[108, 256, 512, 512]",19,1.2392896102083748,500051954
bicycle,439854,1000,666,,"[259, 154, 512, 512]",13,4.935232001165579,168571695
bicycle,472623,680,1024,,"[168, 504, 512, 512]",17,5.364498942795593,388528798
bicycle,259640,1024,683,,"[512, 171, 512, 512]",42,1.5863877763309675,1701289843
bicycle,157756,768,1024,,"[155, 512, 512, 512]",22,1.0506344561145364,644859804
bicycle,167486,1024,768,,"[230, 256, 512, 512]",48,8.475592932741314,2038980991
bicycle,289343,846,1024,,"[112, 352, 512, 512]",27,9.84972019857558,906032039
bicycle,227399,1024,771,,"[0, 259, 512, 512]",40,8.061488674054116,1579638338
bicycle,301135,684,1024,,"[0, 357, 512, 512]",32,3.8404314098044585,1182859276
bicycle,428111,1024,686,,"[291, 174, 512, 512]",31,7.348003341305084,1131072087
bicycle,403565,715,1024,,"[61, 424, 512, 512]",44,3.69262965878422,1827983318
bicycle,242287,681,1024,,"[26, 512, 512, 512]",33,7.666736345881738,1217393872
bicycle,226417,800,533,,"[288, 21, 512, 512]",10,3.517724977734583,29768455
bicycle,70774,903,600,,"[285, 24, 512, 512]",16,8.043318237953184,335554307
bicycle,319607,1024,1024,,"[120, 512, 512, 512]",31,9.88966672205119,1130085198
bicycle,10363,1024,577,,"[512, 0, 512, 512]",48,9.876146943522146,2002619399
bicycle,125572,1024,683,,"[406, 171, 512, 512]",25,8.945763102970082,807025520
bicycle,488592,768,1024,,"[221, 512, 512, 512]",12,9.21529046605526,126659316
bicycle,40083,800,533,,"[247, 21, 512, 512]",20,7.373862226928552,544610078
bicycle,72852,679,1023,,"[83, 511, 512, 512]",19,5.990471895371578,502803994
bicycle,378515,531,799,,"[19, 0, 512, 512]",11,9.309143872631983,78112099
bicycle,470173,713,1024,,"[163, 58, 512, 512]",50,1.807577018688813,2135232880
bicycle,266400,1024,633,,"[0, 0, 512, 512]",29,4.331183906260067,1006074700
bicycle,573094,600,800,,"[88, 288, 512, 512]",32,6.453450491583366,1171239504
bicycle,426166,1024,681,,"[113, 169, 512, 512]",43,5.29956907226817,1754370252
bicycle,531134,1024,768,,"[512, 256, 512, 512]",30,8.135720924475056,1084998680
bicycle,152771,1024,767,,"[371, 255, 512, 512]",46,2.755777541311419,1933072943
bicycle,97988,612,612,,"[0, 100, 512, 512]",25,1.5602814767499709,825039645
bicycle,8899,1024,862,,"[0, 350, 512, 512]",27,2.138665665159264,914582800
bicycle,296649,1024,683,,"[175, 171, 512, 512]",11,9.665034264254464,86984129
bicycle,107226,768,1024,,"[256, 339, 512, 512]",30,2.194970835064874,1058021795
bicycle,424162,1023,819,,"[326, 307, 512, 512]",29,3.0348849462685425,1014848104
bicycle,196843,1024,768,,"[512, 256, 512, 512]",39,4.393507338605968,1521018998
bicycle,15597,541,800,,"[29, 288, 512, 512]",28,6.610794772067163,946897390
bicycle,279278,1023,687,,"[511, 0, 512, 512]",23,8.038865176023725,693415842
bicycle,441586,1024,680,,"[0, 94, 512, 512]",17,1.7078400439235306,411317620
bicycle,135410,768,1024,,"[0, 512, 512, 512]",40,9.381137078287315,1594737559
bicycle,259830,680,1024,,"[168, 512, 512, 512]",20,7.865125519139077,548344684
bicycle,261888,1023,682,,"[437, 170, 512, 512]",10,3.888677059518759,27700026
bicycle,356612,1024,665,,"[512, 153, 512, 512]",46,2.7039881748540786,1901078373
bicycle,394510,1024,768,,"[512, 0, 512, 512]",33,6.363575990083298,1245682962
bicycle,164115,1024,1023,,"[1, 317, 512, 512]",12,6.352203040853406,143465762
bird,55299,1024,686,,"[469, 174, 512, 512]",31,8.832242835730762,1145441010
bird,523811,1024,768,,"[0, 131, 512, 512]",25,3.5813548817879983,821827540
bird,32811,768,1024,,"[0, 512, 512, 512]",26,6.428333350464056,847200043
bird,544811,1023,687,,"[346, 175, 512, 512]",24,7.997806746281609,757855135
bird,186422,1024,683,,"[512, 171, 512, 512]",35,7.444671666432088,1340589947
bird,277051,1024,683,,"[298, 143, 512, 512]",47,9.238421084414568,1938609420
bird,489046,1023,683,,"[452, 125, 512, 512]",44,8.743542842645962,1786372013
bird,402519,1024,683,,"[256, 171, 512, 512]",48,9.264138661438862,2014448640
bird,404568,1024,768,,"[137, 244, 512, 512]",19,1.2392896102083748,500051954
bird,31322,1024,683,,"[448, 144, 512, 512]",13,4.935232001165579,168571695
bird,285788,1023,769,,"[429, 205, 512, 512]",17,5.364498942795593,388528798
bird,511076,1024,683,,"[203, 171, 512, 512]",42,1.5863877763309675,1701289843
bird,494188,768,1024,,"[148, 512, 512, 512]",22,1.0506344561145364,644859804
bird,229997,1024,683,,"[6, 0, 512, 512]",48,8.475592932741314,2038980991
bird,210032,1023,642,,"[511, 43, 512, 512]",27,9.84972019857558,906032039
bird,289393,1024,768,,"[512, 256, 512, 512]",40,8.061488674054116,1579638338
bird,149622,1024,724,,"[100, 130, 512, 512]",32,3.8404314098044585,1182859276
bird,284279,1024,819,,"[489, 193, 512, 512]",31,7.348003341305084,1131072087
bird,300155,1024,683,,"[332, 147, 512, 512]",44,3.69262965878422,1827983318
bird,100489,767,1024,,"[56, 93, 512, 512]",33,7.666736345881738,1217393872
bird,490125,1024,686,,"[0, 167, 512, 512]",10,3.517724977734583,29768455
bird,418959,1024,683,,"[217, 27, 512, 512]",16,8.043318237953184,335554307
bird,216739,1024,683,,"[0, 171, 512, 512]",31,9.88966672205119,1130085198
bird,508602,1024,880,,"[201, 90, 512, 512]",48,9.876146943522146,2002619399
bird,578236,686,1024,,"[174, 32, 512, 512]",25,8.945763102970082,807025520
bird,123585,768,1024,,"[161, 217, 512, 512]",12,9.21529046605526,126659316
bird,357060,1024,680,,"[208, 65, 512, 512]",20,7.373862226928552,544610078
bird,176847,1024,768,,"[355, 205, 512, 512]",19,5.990471895371578,502803994
bird,324818,1023,682,,"[476, 158, 512, 512]",11,9.309143872631983,78112099
bird,505565,1023,678,,"[357, 99, 512, 512]",50,1.807577018688813,2135232880
bird,335081,1024,683,,"[446, 98, 512, 512]",29,4.331183906260067,1006074700
bird,459500,768,1024,,"[115, 252, 512, 512]",32,6.453450491583366,1171239504
bird,197870,1024,680,,"[0, 168, 512, 512]",43,5.29956907226817,1754370252
bird,1268,1024,683,,"[112, 130, 512, 512]",30,8.135720924475056,1084998680
bird,463618,1023,722,,"[0, 109, 512, 512]",46,2.755777541311419,1933072943
bird,368900,1024,768,,"[171, 0, 512, 512]",25,1.5602814767499709,825039645
bird,82696,683,1024,,"[19, 393, 512, 512]",27,2.138665665159264,914582800
bird,65288,1024,683,,"[202, 103, 512, 512]",11,9.665034264254464,86984129
bird,407825,563,564,,"[0, 0, 512, 512]",30,2.194970835064874,1058021795
bird,509719,1024,683,,"[292, 146, 512, 512]",29,3.0348849462685425,1014848104
bird,46378,1024,576,,"[374, 64, 512, 512]",39,4.393507338605968,1521018998
bird,519491,768,1024,,"[139, 125, 512, 512]",28,6.610794772067163,946897390
bird,221017,1024,768,,"[288, 256, 512, 512]",23,8.038865176023725,693415842
bird,250205,1024,731,,"[206, 106, 512, 512]",17,1.7078400439235306,411317620
bird,166259,1024,683,,"[175, 137, 512, 512]",40,9.381137078287315,1594737559
bird,227187,1024,768,,"[0, 97, 512, 512]",20,7.865125519139077,548344684
bird,464251,1024,732,,"[72, 204, 512, 512]",10,3.888677059518759,27700026
bird,460160,1024,768,,"[268, 172, 512, 512]",46,2.7039881748540786,1901078373
bird,106881,1024,852,,"[128, 256, 512, 512]",33,6.363575990083298,1245682962
bird,60823,1024,768,,"[376, 256, 512, 512]",12,6.352203040853406,143465762
book,25603,1024,768,,"[512, 256, 512, 512]",31,8.832242835730762,1145441010
book,547336,1024,768,,"[60, 127, 512, 512]",25,3.5813548817879983,821827540
book,458255,1023,685,,"[88, 97, 512, 512]",26,6.428333350464056,847200043
book,551439,683,1024,,"[35, 213, 512, 512]",24,7.997806746281609,757855135
book,250901,1023,682,,"[0, 0, 512, 512]",35,7.444671666432088,1340589947
book,24610,1024,768,,"[345, 256, 512, 512]",47,9.238421084414568,1938609420
book,421923,682,1023,,"[127, 259, 512, 512]",44,8.743542842645962,1786372013
book,398377,1024,768,,"[0, 225, 512, 512]",48,9.264138661438862,2014448640
book,172595,1024,576,,"[512, 0, 512, 512]",19,1.2392896102083748,500051954
book,71226,1024,681,,"[0, 169, 512, 512]",13,4.935232001165579,168571695
book,147518,768,1024,,"[256, 512, 512, 512]",17,5.364498942795593,388528798
book,16958,1023,685,,"[482, 107, 512, 512]",42,1.5863877763309675,1701289843
book,413247,1024,681,,"[512, 169, 512, 512]",22,1.0506344561145364,644859804
book,334399,1024,768,,"[0, 256, 512, 512]",48,8.475592932741314,2038980991
book,172617,768,1024,,"[0, 144, 512, 512]",27,9.84972019857558,906032039
book,166478,1023,681,,"[489, 169, 512, 512]",40,8.061488674054116,1579638338
book,154705,1024,743,,"[21, 106, 512, 512]",32,3.8404314098044585,1182859276
book,262227,759,1023,,"[247, 23, 512, 512]",31,7.348003341305084,1131072087
book,77396,1024,768,,"[512, 256, 512, 512]",44,3.69262965878422,1827983318
book,416343,683,1024,,"[171, 42, 512, 512]",33,7.666736345881738,1217393872
book,222299,800,600,,"[288, 0, 512, 512]",10,3.517724977734583,29768455
book,472678,1024,768,,"[202, 256, 512, 512]",16,8.043318237953184,335554307
book,176232,768,1024,,"[256, 512, 512, 512]",31,9.88966672205119,1130085198
book,565877,683,1024,,"[171, 454, 512, 512]",48,9.876146943522146,2002619399
book,540280,683,1024,,"[171, 512, 512, 512]",25,8.945763102970082,807025520
book,323202,768,1024,,"[0, 333, 512, 512]",12,9.21529046605526,126659316
book,473219,1024,685,,"[270, 173, 512, 512]",20,7.373862226928552,544610078
book,455301,1024,769,,"[0, 257, 512, 512]",19,5.990471895371578,502803994
book,125062,683,1024,,"[131, 0, 512, 512]",11,9.309143872631983,78112099
book,476810,1024,768,,"[512, 0, 512, 512]",50,1.807577018688813,2135232880
book,112798,1023,574,,"[307, 0, 512, 512]",29,4.331183906260067,1006074700
book,480936,771,1024,,"[259, 176, 512, 512]",32,6.453450491583366,1171239504
book,93353,1024,768,,"[446, 256, 512, 512]",43,5.29956907226817,1754370252
book,309938,1024,768,,"[0, 225, 512, 512]",30,8.135720924475056,1084998680
book,507575,1024,768,,"[0, 256, 512, 512]",46,2.755777541311419,1933072943
book,179898,1024,768,,"[111, 0, 512, 512]",25,1.5602814767499709,825039645
book,135872,1024,683,,"[276, 101, 512, 512]",27,2.138665665159264,914582800
book,179392,768,1024,,"[0, 363, 512, 512]",11,9.665034264254464,86984129
book,553664,800,518,,"[74, 0, 512, 512]",30,2.194970835064874,1058021795
book,125129,800,533,,"[0, 21, 512, 512]",29,3.0348849462685425,1014848104
book,466125,683,1024,,"[171, 242, 512, 512]",39,4.393507338605968,1521018998
book,308430,1024,768,,"[0, 159, 512, 512]",28,6.610794772067163,946897390
book,214224,1024,683,,"[410, 171, 512, 512]",23,8.038865176023725,693415842
book,575187,794,595,,"[0, 83, 512, 512]",17,1.7078400439235306,411317620
book,535253,612,612,,"[0, 0, 512, 512]",40,9.381137078287315,1594737559
book,215778,1024,683,,"[365, 0, 512, 512]",20,7.865125519139077,548344684
book,539883,1024,683,,"[400, 171, 512, 512]",10,3.888677059518759,27700026
book,123633,1024,768,,"[512, 0, 512, 512]",46,2.7039881748540786,1901078373
book,167159,1024,768,,"[115, 256, 512, 512]",33,6.363575990083298,1245682962
book,58111,1000,979,,"[113, 0, 512, 512]",12,6.352203040853406,143465762
bottle,555009,800,600,,"[288, 36, 512, 512]",31,8.832242835730762,1145441010
bottle,385029,800,600,,"[87, 0, 512, 512]",25,3.5813548817879983,821827540
bottle,239627,1024,683,,"[427, 0, 512, 512]",26,6.428333350464056,847200043
bottle,479248,1024,768,,"[0, 256, 512, 512]",24,7.997806746281609,757855135
bottle,47121,1024,768,,"[0, 30, 512, 512]",35,7.444671666432088,1340589947
bottle,387098,1024,768,,"[133, 132, 512, 512]",47,9.238421084414568,1938609420
bottle,460841,1024,768,,"[66, 256, 512, 512]",44,8.743542842645962,1786372013
bottle,485424,1024,768,,"[379, 256, 512, 512]",48,9.264138661438862,2014448640
bottle,215114,877,1024,,"[224, 512, 512, 512]",19,1.2392896102083748,500051954
bottle,327769,1024,678,,"[0, 0, 512, 512]",13,4.935232001165579,168571695
bottle,419974,681,1024,,"[169, 469, 512, 512]",17,5.364498942795593,388528798
bottle,18575,1024,768,,"[512, 0, 512, 512]",42,1.5863877763309675,1701289843
bottle,405691,1024,683,,"[379, 2, 512, 512]",22,1.0506344561145364,644859804
bottle,145597,1024,768,,"[268, 256, 512, 512]",48,8.475592932741314,2038980991
bottle,319696,1024,683,,"[512, 63, 512, 512]",27,9.84972019857558,906032039
bottle,92416,768,1024,,"[247, 493, 512, 512]",40,8.061488674054116,1579638338
bottle,213255,768,1024,,"[77, 490, 512, 512]",32,3.8404314098044585,1182859276
bottle,426253,1024,683,,"[512, 27, 512, 512]",31,7.348003341305084,1131072087
bottle,174371,1024,817,,"[0, 305, 512, 512]",44,3.69262965878422,1827983318
bottle,102707,612,612,,"[100, 100, 512, 512]",33,7.666736345881738,1217393872
bottle,280891,667,1000,,"[155, 488, 512, 512]",10,3.517724977734583,29768455
bottle,473406,768,1024,,"[256, 214, 512, 512]",16,8.043318237953184,335554307
bottle,284991,1023,685,,"[188, 25, 512, 512]",31,9.88966672205119,1130085198
bottle,512330,681,1024,,"[169, 12, 512, 512]",48,9.876146943522146,2002619399
bottle,414034,1024,768,,"[385, 206, 512, 512]",25,8.945763102970082,807025520
bottle,280930,1000,664,,"[155, 0, 512, 512]",12,9.21529046605526,126659316
bottle,231822,800,578,,"[288, 0, 512, 512]",20,7.373862226928552,544610078
bottle,377239,1024,683,,"[422, 171, 512, 512]",19,5.990471895371578,502803994
bottle,559513,1024,673,,"[102, 0, 512, 512]",11,9.309143872631983,78112099
bottle,156076,1024,765,,"[299, 2, 512, 512]",50,1.807577018688813,2135232880
bottle,506310,1024,680,,"[0, 168, 512, 512]",29,4.331183906260067,1006074700
bottle,305609,612,612,,"[0, 59, 512, 512]",32,6.453450491583366,1171239504
bottle,512476,1023,682,,"[0, 105, 512, 512]",43,5.29956907226817,1754370252
bottle,68078,576,1024,,"[64, 243, 512, 512]",30,8.135720924475056,1084998680
bottle,92660,1024,683,,"[0, 0, 512, 512]",46,2.755777541311419,1933072943
bottle,248314,1024,768,,"[364, 0, 512, 512]",25,1.5602814767499709,825039645
bottle,141821,1024,768,,"[512, 246, 512, 512]",27,2.138665665159264,914582800
bottle,293390,1024,768,,"[393, 0, 512, 512]",11,9.665034264254464,86984129
bottle,166426,939,1024,,"[59, 0, 512, 512]",30,2.194970835064874,1058021795
bottle,277051,1024,683,,"[0, 0, 512, 512]",29,3.0348849462685425,1014848104
bottle,569917,768,1024,,"[34, 323, 512, 512]",39,4.393507338605968,1521018998
bottle,64084,1024,698,,"[0, 186, 512, 512]",28,6.610794772067163,946897390
bottle,287347,765,1024,,"[253, 271, 512, 512]",23,8.038865176023725,693415842
bottle,322163,1024,768,,"[512, 256, 512, 512]",17,1.7078400439235306,411317620
bottle,2685,1024,888,,"[0, 248, 512, 512]",40,9.381137078287315,1594737559
bottle,381587,684,1024,,"[104, 175, 512, 512]",20,7.865125519139077,548344684
bottle,301718,768,1024,,"[37, 223, 512, 512]",10,3.888677059518759,27700026
bottle,463527,1024,768,,"[0, 34, 512, 512]",46,2.7039881748540786,1901078373
bottle,520871,1024,680,,"[476, 0, 512, 512]",33,6.363575990083298,1245682962
bottle,170670,1024,681,,"[454, 0, 512, 512]",12,6.352203040853406,143465762
bowl,385029,800,600,,"[0, 0, 512, 512]",31,8.832242835730762,1145441010
bowl,239627,1024,683,,"[326, 137, 512, 512]",25,3.5813548817879983,821827540
bowl,47121,1024,768,,"[0, 116, 512, 512]",26,6.428333350464056,847200043
bowl,120853,1024,684,,"[512, 93, 512, 512]",24,7.997806746281609,757855135
bowl,153632,1024,768,,"[0, 0, 512, 512]",35,7.444671666432088,1340589947
bowl,331817,1024,768,,"[311, 256, 512, 512]",47,9.238421084414568,1938609420
bowl,466986,1024,764,,"[389, 252, 512, 512]",44,8.743542842645962,1786372013
bowl,577584,668,1023,,"[0, 251, 512, 512]",48,9.264138661438862,2014448640
bowl,254016,768,1024,,"[256, 0, 512, 512]",19,1.2392896102083748,500051954
bowl,30785,870,653,,"[337, 0, 512, 512]",13,4.935232001165579,168571695
bowl,579655,1024,639,,"[72, 0, 512, 512]",17,5.364498942795593,388528798
bowl,395343,1024,768,,"[0, 256, 512, 512]",42,1.5863877763309675,1701289843
bowl,335954,612,612,,"[100, 86, 512, 512]",22,1.0506344561145364,644859804
bowl,8277,612,612,,"[0, 0, 512, 512]",48,8.475592932741314,2038980991
bowl,368752,768,1024,,"[256, 512, 512, 512]",27,9.84972019857558,906032039
bowl,18575,1024,768,,"[507, 250, 512, 512]",40,8.061488674054116,1579638338
bowl,182417,1024,768,,"[512, 256, 512, 512]",32,3.8404314098044585,1182859276
bowl,211120,1023,606,,"[511, 94, 512, 512]",31,7.348003341305084,1131072087
bowl,405691,1024,683,,"[0, 83, 512, 512]",44,3.69262965878422,1827983318
bowl,286908,1024,1024,,"[0, 512, 512, 512]",33,7.666736345881738,1217393872
bowl,407825,563,564,,"[51, 0, 512, 512]",10,3.517724977734583,29768455
bowl,110884,1024,1024,,"[0, 350, 512, 512]",16,8.043318237953184,335554307
bowl,182611,768,1024,,"[173, 512, 512, 512]",31,9.88966672205119,1130085198
bowl,397681,1024,1024,,"[82, 0, 512, 512]",48,9.876146943522146,2002619399
bowl,194940,1024,768,,"[470, 35, 512, 512]",25,8.945763102970082,807025520
bowl,231822,800,578,,"[288, 27, 512, 512]",12,9.21529046605526,126659316
bowl,110999,574,1024,,"[0, 450, 512, 512]",20,7.373862226928552,544610078
bowl,407960,1023,681,,"[129, 0, 512, 512]",19,5.990471895371578,502803994
bowl,571804,1024,681,,"[512, 169, 512, 512]",11,9.309143872631983,78112099
bowl,70048,960,720,,"[0, 0, 512, 512]",50,1.807577018688813,2135232880
bowl,127394,654,1024,,"[33, 512, 512, 512]",29,4.331183906260067,1006074700
bowl,156076,1024,765,,"[512, 75, 512, 512]",32,6.453450491583366,1171239504
bowl,213445,784,960,,"[161, 448, 512, 512]",43,5.29956907226817,1754370252
bowl,305609,612,612,,"[0, 100, 512, 512]",30,8.135720924475056,1084998680
bowl,184791,1024,800,,"[78, 288, 512, 512]",46,2.755777541311419,1933072943
bowl,512476,1023,682,,"[336, 170, 512, 512]",25,1.5602814767499709,825039645
bowl,248314,1024,768,,"[195, 256, 512, 512]",27,2.138665665159264,914582800
bowl,141821,1024,768,,"[0, 256, 512, 512]",11,9.665034264254464,86984129
bowl,256518,1023,681,,"[369, 0, 512, 512]",30,2.194970835064874,1058021795
bowl,64084,1024,698,,"[120, 98, 512, 512]",29,3.0348849462685425,1014848104
bowl,567898,1023,727,,"[260, 0, 512, 512]",39,4.393507338605968,1521018998
bowl,215644,1024,768,,"[512, 256, 512, 512]",28,6.610794772067163,946897390
bowl,322163,1024,768,,"[208, 256, 512, 512]",23,8.038865176023725,693415842
bowl,156278,1024,680,,"[235, 168, 512, 512]",17,1.7078400439235306,411317620
bowl,144003,800,600,,"[288, 88, 512, 512]",40,9.381137078287315,1594737559
bowl,375430,1024,683,,"[0, 105, 512, 512]",20,7.865125519139077,548344684
bowl,488075,1024,768,,"[512, 256, 512, 512]",10,3.888677059518759,27700026
bowl,381587,684,1024,,"[172, 512, 512, 512]",46,2.7039881748540786,1901078373
bowl,301718,768,1024,,"[0, 292, 512, 512]",33,6.363575990083298,1245682962
bowl,246436,768,1024,,"[92, 477, 512, 512]",12,6.352203040853406,143465762
broccoli,25986,1024,768,,"[0, 25, 512, 512]",31,8.832242835730762,1145441010
broccoli,352900,1024,683,,"[512, 16, 512, 512]",25,3.5813548817879983,821827540
broccoli,3845,1024,768,,"[50, 232, 512, 512]",26,6.428333350464056,847200043
broccoli,389381,1024,868,,"[424, 291, 512, 512]",24,7.997806746281609,757855135
broccoli,516871,1024,669,,"[83, 40, 512, 512]",35,7.444671666432088,1340589947
broccoli,141328,1024,768,,"[512, 128, 512, 512]",47,9.238421084414568,1938609420
broccoli,84241,1023,634,,"[511, 122, 512, 512]",44,8.743542842645962,1786372013
broccoli,356498,1024,717,,"[58, 0, 512, 512]",48,9.264138661438862,2014448640
broccoli,579091,1024,680,,"[207, 0, 512, 512]",19,1.2392896102083748,500051954
broccoli,132116,612,612,,"[53, 100, 512, 512]",13,4.935232001165579,168571695
broccoli,562197,1024,1024,,"[504, 0, 512, 512]",17,5.364498942795593,388528798
broccoli,248980,800,600,,"[288, 23, 512, 512]",42,1.5863877763309675,1701289843
broccoli,50331,1024,768,,"[440, 7, 512, 512]",22,1.0506344561145364,644859804
broccoli,447522,1024,768,,"[248, 104, 512, 512]",48,8.475592932741314,2038980991
broccoli,104612,1024,768,,"[130, 119, 512, 512]",27,9.84972019857558,906032039
broccoli,255912,1024,575,,"[94, 63, 512, 512]",40,8.061488674054116,1579638338
broccoli,549167,681,1023,,"[52, 292, 512, 512]",32,3.8404314098044585,1182859276
broccoli,452784,768,1024,,"[256, 512, 512, 512]",31,7.348003341305084,1131072087
broccoli,465585,683,1024,,"[171, 484, 512, 512]",44,3.69262965878422,1827983318
broccoli,560178,1024,768,,"[262, 0, 512, 512]",33,7.666736345881738,1217393872
broccoli,410934,1024,768,,"[132, 53, 512, 512]",10,3.517724977734583,29768455
broccoli,105014,683,1024,,"[171, 131, 512, 512]",16,8.043318237953184,335554307
broccoli,123321,612,612,,"[0, 100, 512, 512]",31,9.88966672205119,1130085198
broccoli,296634,1024,724,,"[0, 0, 512, 512]",48,9.876146943522146,2002619399
broccoli,231097,1024,768,,"[48, 159, 512, 512]",25,8.945763102970082,807025520
broccoli,579900,600,800,,"[88, 27, 512, 512]",12,9.21529046605526,126659316
broccoli,125245,1023,678,,"[167, 100, 512, 512]",20,7.373862226928552,544610078
broccoli,30785,870,653,,"[278, 0, 512, 512]",19,5.990471895371578,502803994
broccoli,335427,1024,717,,"[512, 11, 512, 512]",11,9.309143872631983,78112099
broccoli,314182,600,800,,"[88, 38, 512, 512]",50,1.807577018688813,2135232880
broccoli,165831,1024,768,,"[142, 67, 512, 512]",29,4.331183906260067,1006074700
broccoli,157390,1024,768,,"[262, 256, 512, 512]",32,6.453450491583366,1171239504
broccoli,527695,1023,681,,"[199, 118, 512, 512]",43,5.29956907226817,1754370252
broccoli,460494,1024,681,,"[20, 158, 512, 512]",30,8.135720924475056,1084998680
broccoli,34257,1024,632,,"[16, 0, 512, 512]",46,2.755777541311419,1933072943
broccoli,8277,612,612,,"[61, 0, 512, 512]",25,1.5602814767499709,825039645
broccoli,386134,612,612,,"[100, 100, 512, 512]",27,2.138665665159264,914582800
broccoli,203095,1024,768,,"[307, 0, 512, 512]",11,9.665034264254464,86984129
broccoli,61658,1024,768,,"[106, 121, 512, 512]",30,2.194970835064874,1058021795
broccoli,191580,765,1024,,"[189, 108, 512, 512]",29,3.0348849462685425,1014848104
broccoli,104669,800,600,,"[212, 88, 512, 512]",39,4.393507338605968,1521018998
broccoli,561889,1024,768,,"[375, 246, 512, 512]",28,6.610794772067163,946897390
broccoli,455267,1024,768,,"[169, 163, 512, 512]",23,8.038865176023725,693415842
broccoli,23781,1024,683,,"[61, 47, 512, 512]",17,1.7078400439235306,411317620
broccoli,369771,1024,768,,"[12, 256, 512, 512]",40,9.381137078287315,1594737559
broccoli,99053,768,671,,"[0, 154, 512, 512]",20,7.865125519139077,548344684
broccoli,298994,1023,685,,"[356, 35, 512, 512]",10,3.888677059518759,27700026
broccoli,396274,1024,768,,"[512, 256, 512, 512]",46,2.7039881748540786,1901078373
broccoli,92660,1024,683,,"[306, 171, 512, 512]",33,6.363575990083298,1245682962
broccoli,209142,1024,680,,"[211, 0, 512, 512]",12,6.352203040853406,143465762
bus,436738,939,912,,"[253, 400, 512, 512]",31,8.832242835730762,1145441010
bus,184324,1024,680,,"[0, 118, 512, 512]",25,3.5813548817879983,821827540
bus,454661,1024,683,,"[278, 20, 512, 512]",26,6.428333350464056,847200043
bus,74256,1024,768,,"[141, 42, 512, 512]",24,7.997806746281609,757855135
bus,148508,1023,680,,"[99, 57, 512, 512]",35,7.444671666432088,1340589947
bus,334371,1024,671,,"[272, 130, 512, 512]",47,9.238421084414568,1938609420
bus,492077,1024,768,,"[0, 0, 512, 512]",44,8.743542842645962,1786372013
bus,512564,1024,678,,"[409, 166, 512, 512]",48,9.264138661438862,2014448640
bus,429109,1024,683,,"[477, 117, 512, 512]",19,1.2392896102083748,500051954
bus,484404,1024,768,,"[0, 140, 512, 512]",13,4.935232001165579,168571695
bus,315450,1023,685,,"[220, 77, 512, 512]",17,5.364498942795593,388528798
bus,460347,683,1024,,"[77, 0, 512, 512]",42,1.5863877763309675,1701289843
bus,33854,1024,683,,"[512, 54, 512, 512]",22,1.0506344561145364,644859804
bus,499775,1024,768,,"[182, 233, 512, 512]",48,8.475592932741314,2038980991
bus,204871,612,612,,"[100, 0, 512, 512]",27,9.84972019857558,906032039
bus,15440,646,1024,,"[107, 98, 512, 512]",40,8.061488674054116,1579638338
bus,98392,768,1024,,"[256, 485, 512, 512]",32,3.8404314098044585,1182859276
bus,377946,1023,682,,"[0, 19, 512, 512]",31,7.348003341305084,1131072087
bus,26204,1024,683,,"[267, 146, 512, 512]",44,3.69262965878422,1827983318
bus,202339,768,1024,,"[256, 38, 512, 512]",33,7.666736345881738,1217393872
bus,373353,1024,684,,"[256, 172, 512, 512]",10,3.517724977734583,29768455
bus,443498,1023,765,,"[267, 147, 512, 512]",16,8.043318237953184,335554307
bus,259690,1024,768,,"[512, 0, 512, 512]",31,9.88966672205119,1130085198
bus,568439,1024,719,,"[234, 85, 512, 512]",48,9.876146943522146,2002619399
bus,319607,1024,1024,,"[497, 237, 512, 512]",25,8.945763102970082,807025520
bus,125572,1024,683,,"[0, 171, 512, 512]",12,9.21529046605526,126659316
bus,142472,1024,768,,"[512, 256, 512, 512]",20,7.373862226928552,544610078
bus,427655,683,1024,,"[171, 93, 512, 512]",19,5.990471895371578,502803994
bus,309391,1023,614,,"[511, 102, 512, 512]",11,9.309143872631983,78112099
bus,369812,1024,1019,,"[279, 507, 512, 512]",50,1.807577018688813,2135232880
bus,15517,1024,768,,"[152, 256, 512, 512]",29,4.331183906260067,1006074700
bus,165039,1024,683,,"[139, 57, 512, 512]",32,6.453450491583366,1171239504
bus,480944,768,1024,,"[159, 313, 512, 512]",43,5.29956907226817,1754370252
bus,110784,693,1024,,"[134, 273, 512, 512]",30,8.135720924475056,1084998680
bus,423617,1024,768,,"[218, 110, 512, 512]",46,2.755777541311419,1933072943
bus,516804,768,1024,,"[212, 478, 512, 512]",25,1.5602814767499709,825039645
bus,114884,803,528,,"[135, 0, 512, 512]",27,2.138665665159264,914582800
bus,303818,768,1024,,"[256, 45, 512, 512]",11,9.665034264254464,86984129
bus,84170,1024,768,,"[262, 131, 512, 512]",30,2.194970835064874,1058021795
bus,452321,1024,768,,"[512, 201, 512, 512]",29,3.0348849462685425,1014848104
bus,356612,1024,665,,"[0, 27, 512, 512]",39,4.393507338605968,1521018998
bus,147725,1024,629,,"[173, 39, 512, 512]",28,6.610794772067163,946897390
bus,336658,1023,685,,"[511, 173, 512, 512]",23,8.038865176023725,693415842
bus,380706,1023,681,,"[194, 0, 512, 512]",17,1.7078400439235306,411317620
bus,181542,1024,960,,"[0, 0, 512, 512]",40,9.381137078287315,1594737559
bus,233771,1024,1024,,"[0, 359, 512, 512]",20,7.865125519139077,548344684
bus,415536,1024,768,,"[256, 136, 512, 512]",10,3.888677059518759,27700026
bus,315187,1024,717,,"[427, 205, 512, 512]",46,2.7039881748540786,1901078373
bus,57149,1024,683,,"[329, 149, 512, 512]",33,6.363575990083298,1245682962
bus,278848,768,1024,,"[111, 20, 512, 512]",12,6.352203040853406,143465762
cake,376322,765,1024,,"[253, 512, 512, 512]",31,8.832242835730762,1145441010
cake,241668,736,1023,,"[224, 472, 512, 512]",25,3.5813548817879983,821827540
cake,189451,1024,683,,"[425, 6, 512, 512]",26,6.428333350464056,847200043
cake,253452,1023,682,,"[0, 0, 512, 512]",24,7.997806746281609,757855135
cake,377368,1024,769,,"[420, 48, 512, 512]",35,7.444671666432088,1340589947
cake,331817,1024,768,,"[0, 256, 512, 512]",47,9.238421084414568,1938609420
cake,391722,1016,1024,,"[109, 393, 512, 512]",44,8.743542842645962,1786372013
cake,346703,880,1024,,"[368, 512, 512, 512]",48,9.264138661438862,2014448640
cake,567898,1023,727,,"[251, 0, 512, 512]",19,1.2392896102083748,500051954
cake,470121,1024,768,,"[512, 106, 512, 512]",13,4.935232001165579,168571695
cake,210030,1024,819,,"[185, 98, 512, 512]",17,5.364498942795593,388528798
cake,368752,768,1024,,"[156, 326, 512, 512]",42,1.5863877763309675,1701289843
cake,144003,800,600,,"[118, 88, 512, 512]",22,1.0506344561145364,644859804
cake,180878,1024,683,,"[477, 156, 512, 512]",48,8.475592932741314,2038980991
cake,182417,1024,768,,"[216, 186, 512, 512]",27,9.84972019857558,906032039
cake,334483,768,1024,,"[256, 404, 512, 512]",40,8.061488674054116,1579638338
cake,117425,1024,682,,"[0, 170, 512, 512]",32,3.8404314098044585,1182859276
cake,47801,612,612,,"[34, 100, 512, 512]",31,7.348003341305084,1131072087
cake,321214,1024,768,,"[397, 256, 512, 512]",44,3.69262965878422,1827983318
cake,214720,768,1024,,"[85, 464, 512, 512]",33,7.666736345881738,1217393872
cake,85195,1024,768,,"[342, 62, 512, 512]",10,3.517724977734583,29768455
cake,344795,1024,577,,"[260, 65, 512, 512]",16,8.043318237953184,335554307
cake,488673,768,1024,,"[211, 489, 512, 512]",31,9.88966672205119,1130085198
cake,439525,724,1024,,"[0, 512, 512, 512]",48,9.876146943522146,2002619399
cake,158956,1024,680,,"[112, 168, 512, 512]",25,8.945763102970082,807025520
cake,206579,1024,768,,"[512, 256, 512, 512]",12,9.21529046605526,126659316
cake,300276,1023,575,,"[226, 63, 512, 512]",20,7.373862226928552,544610078
cake,147205,900,615,,"[0, 0, 512, 512]",19,5.990471895371578,502803994
cake,92939,678,1024,,"[166, 512, 512, 512]",11,9.309143872631983,78112099
cake,48396,1024,683,,"[439, 171, 512, 512]",50,1.807577018688813,2135232880
cake,263969,1024,976,,"[9, 464, 512, 512]",29,4.331183906260067,1006074700
cake,245026,1000,662,,"[230, 150, 512, 512]",32,6.453450491583366,1171239504
cake,162092,1024,1024,,"[0, 512, 512, 512]",43,5.29956907226817,1754370252
cake,561465,612,612,,"[100, 100, 512, 512]",30,8.135720924475056,1084998680
cake,496954,1024,768,,"[217, 233, 512, 512]",46,2.755777541311419,1933072943
cake,374083,681,1024,,"[169, 512, 512, 512]",25,1.5602814767499709,825039645
cake,329542,612,612,,"[0, 67, 512, 512]",27,2.138665665159264,914582800
cake,173383,1024,680,,"[153, 22, 512, 512]",11,9.665034264254464,86984129
cake,54605,612,612,,"[100, 100, 512, 512]",30,2.194970835064874,1058021795
cake,255824,1024,765,,"[236, 197, 512, 512]",29,3.0348849462685425,1014848104
cake,180560,800,533,,"[124, 21, 512, 512]",39,4.393507338605968,1521018998
cake,182611,768,1024,,"[230, 391, 512, 512]",28,6.610794772067163,946897390
cake,109916,1024,768,,"[115, 0, 512, 512]",23,8.038865176023725,693415842
cake,140640,1024,681,,"[512, 169, 512, 512]",17,1.7078400439235306,411317620
cake,35682,768,1024,,"[69, 512, 512, 512]",40,9.381137078287315,1594737559
cake,468332,1024,678,,"[368, 166, 512, 512]",20,7.865125519139077,548344684
cake,211825,1024,768,,"[228, 175, 512, 512]",10,3.888677059518759,27700026
cake,397681,1024,1024,,"[256, 0, 512, 512]",46,2.7039881748540786,1901078373
cake,260470,1024,683,,"[1, 171, 512, 512]",33,6.363575990083298,1245682962
cake,119677,1024,768,,"[202, 0, 512, 512]",12,6.352203040853406,143465762
car,184324,1024,680,,"[241, 150, 512, 512]",31,8.832242835730762,1145441010
car,393226,1024,768,,"[0, 113, 512, 512]",25,3.5813548817879983,821827540
car,102411,1024,683,,"[0, 137, 512, 512]",26,6.428333350464056,847200043
car,169996,1024,768,,"[240, 256, 512, 512]",24,7.997806746281609,757855135
car,67616,1024,768,,"[486, 256, 512, 512]",35,7.444671666432088,1340589947
car,555050,1024,660,,"[0, 148, 512, 512]",47,9.238421084414568,1938609420
car,284725,1024,683,,"[164, 171, 512, 512]",44,8.743542842645962,1786372013
car,499768,1023,685,,"[0, 0, 512, 512]",48,9.264138661438862,2014448640
car,315450,1023,685,,"[0, 167, 512, 512]",19,1.2392896102083748,500051954
car,157756,768,1024,,"[0, 487, 512, 512]",13,4.935232001165579,168571695
car,499775,1024,768,,"[512, 256, 512, 512]",17,5.364498942795593,388528798
car,204871,612,612,,"[100, 0, 512, 512]",42,1.5863877763309675,1701289843
car,301135,684,1024,,"[172, 339, 512, 512]",22,1.0506344561145364,644859804
car,231508,664,992,,"[89, 0, 512, 512]",48,8.475592932741314,2038980991
car,505942,800,600,,"[288, 38, 512, 512]",27,9.84972019857558,906032039
car,98392,768,1024,,"[256, 512, 512, 512]",40,8.061488674054116,1579638338
car,127092,1024,768,,"[36, 256, 512, 512]",32,3.8404314098044585,1182859276
car,319607,1024,1024,,"[297, 399, 512, 512]",31,7.348003341305084,1131072087
car,565391,768,1024,,"[0, 512, 512, 512]",44,3.69262965878422,1827983318
car,198805,1024,637,,"[0, 125, 512, 512]",33,7.666736345881738,1217393872
car,243867,1023,685,,"[0, 173, 512, 512]",10,3.517724977734583,29768455
car,194716,1024,683,,"[512, 0, 512, 512]",16,8.043318237953184,335554307
car,192670,1024,693,,"[0, 0, 512, 512]",31,9.88966672205119,1130085198
car,260266,766,1024,,"[0, 512, 512, 512]",48,9.876146943522146,2002619399
car,278705,1024,768,,"[2, 69, 512, 512]",25,8.945763102970082,807025520
car,334006,1024,682,,"[0, 170, 512, 512]",12,9.21529046605526,126659316
car,227511,1024,768,,"[42, 256, 512, 512]",20,7.373862226928552,544610078
car,446651,1024,682,,"[0, 69, 512, 512]",19,5.990471895371578,502803994
car,303305,1024,768,,"[512, 110, 512, 512]",11,9.309143872631983,78112099
car,84170,1024,768,,"[34, 222, 512, 512]",50,1.807577018688813,2135232880
car,86220,1023,685,,"[207, 173, 512, 512]",29,4.331183906260067,1006074700
car,192716,829,1024,,"[0, 512, 512, 512]",32,6.453450491583366,1171239504
car,293071,686,1024,,"[0, 125, 512, 512]",43,5.29956907226817,1754370252
car,424162,1023,819,,"[0, 125, 512, 512]",30,8.135720924475056,1084998680
car,276707,1024,768,,"[0, 256, 512, 512]",46,2.755777541311419,1933072943
car,157928,1024,768,,"[0, 21, 512, 512]",25,1.5602814767499709,825039645
car,135410,768,1024,,"[0, 171, 512, 512]",27,2.138665665159264,914582800
car,356612,1024,665,,"[164, 124, 512, 512]",11,9.665034264254464,86984129
car,213255,768,1024,,"[174, 28, 512, 512]",30,2.194970835064874,1058021795
car,160012,1024,737,,"[512, 0, 512, 512]",29,3.0348849462685425,1014848104
car,147725,1024,629,,"[512, 96, 512, 512]",39,4.393507338605968,1521018998
car,100624,1024,683,,"[0, 171, 512, 512]",28,6.610794772067163,946897390
car,147740,800,600,,"[0, 88, 512, 512]",23,8.038865176023725,693415842
car,141597,1024,683,,"[489, 171, 512, 512]",17,1.7078400439235306,411317620
car,172330,1024,768,,"[512, 115, 512, 512]",40,9.381137078287315,1594737559
car,26926,677,1024,,"[0, 78, 512, 512]",20,7.865125519139077,548344684
car,565563,1024,768,,"[0, 193, 512, 512]",10,3.888677059518759,27700026
car,301376,682,1024,,"[170, 512, 512, 512]",46,2.7039881748540786,1901078373
car,567640,1024,680,,"[170, 0, 512, 512]",33,6.363575990083298,1245682962
car,475484,681,1023,,"[169, 338, 512, 512]",12,6.352203040853406,143465762
carrot,253452,1023,682,,"[107, 39, 512, 512]",31,8.832242835730762,1145441010
carrot,120853,1024,684,,"[364, 82, 512, 512]",25,3.5813548817879983,821827540
carrot,397351,1024,681,,"[0, 71, 512, 512]",26,6.428333350464056,847200043
carrot,177714,1023,654,,"[370, 0, 512, 512]",24,7.997806746281609,757855135
carrot,560178,1024,768,,"[263, 113, 512, 512]",35,7.444671666432088,1340589947
carrot,130613,800,531,,"[288, 0, 512, 512]",47,9.238421084414568,1938609420
carrot,105014,683,1024,,"[171, 21, 512, 512]",44,8.743542842645962,1786372013
carrot,113235,1024,768,,"[150, 256, 512, 512]",48,9.264138661438862,2014448640
carrot,276055,1024,768,,"[0, 85, 512, 512]",19,1.2392896102083748,500051954
carrot,567898,1023,727,,"[329, 0, 512, 512]",13,4.935232001165579,168571695
carrot,455267,1024,768,,"[269, 149, 512, 512]",17,5.364498942795593,388528798
carrot,434297,1024,768,,"[289, 256, 512, 512]",42,1.5863877763309675,1701289843
carrot,143998,612,612,,"[0, 27, 512, 512]",22,1.0506344561145364,644859804
carrot,530052,1024,683,,"[133, 171, 512, 512]",48,8.475592932741314,2038980991
carrot,116362,612,612,,"[100, 0, 512, 512]",27,9.84972019857558,906032039
carrot,251537,1024,1024,,"[512, 465, 512, 512]",40,8.061488674054116,1579638338
carrot,170670,1024,681,,"[137, 74, 512, 512]",32,3.8404314098044585,1182859276
carrot,465585,683,1024,,"[171, 326, 512, 512]",31,7.348003341305084,1131072087
carrot,385205,1024,768,,"[0, 256, 512, 512]",44,3.69262965878422,1827983318
carrot,336053,1024,768,,"[352, 165, 512, 512]",33,7.666736345881738,1217393872
carrot,231097,1024,768,,"[61, 57, 512, 512]",10,3.517724977734583,29768455
carrot,296634,1024,724,,"[0, 212, 512, 512]",16,8.043318237953184,335554307
carrot,157390,1024,768,,"[337, 256, 512, 512]",31,9.88966672205119,1130085198
carrot,460494,1024,681,,"[204, 60, 512, 512]",48,9.876146943522146,2002619399
carrot,308430,1024,768,,"[382, 256, 512, 512]",25,8.945763102970082,807025520
carrot,104669,800,600,,"[288, 87, 512, 512]",12,9.21529046605526,126659316
carrot,23781,1024,683,,"[440, 171, 512, 512]",20,7.373862226928552,544610078
carrot,493799,1024,772,,"[461, 260, 512, 512]",19,5.990471895371578,502803994
carrot,3845,1024,768,,"[205, 256, 512, 512]",11,9.309143872631983,78112099
carrot,389381,1024,868,,"[59, 48, 512, 512]",50,1.807577018688813,2135232880
carrot,424721,1024,768,,"[512, 153, 512, 512]",29,4.331183906260067,1006074700
carrot,210230,1023,731,,"[301, 219, 512, 512]",32,6.453450491583366,1171239504
carrot,7991,1024,575,,"[265, 63, 512, 512]",43,5.29956907226817,1754370252
carrot,314182,600,800,,"[88, 0, 512, 512]",30,8.135720924475056,1084998680
carrot,466256,1023,680,,"[382, 0, 512, 512]",46,2.755777541311419,1933072943
carrot,203095,1024,768,,"[476, 61, 512, 512]",25,1.5602814767499709,825039645
carrot,397681,1024,1024,,"[255, 257, 512, 512]",27,2.138665665159264,914582800
carrot,223090,1024,768,,"[0, 208, 512, 512]",11,9.665034264254464,86984129
carrot,194940,1024,768,,"[445, 93, 512, 512]",30,2.194970835064874,1058021795
carrot,287667,1024,768,,"[512, 109, 512, 512]",29,3.0348849462685425,1014848104
carrot,165831,1024,768,,"[0, 0, 512, 512]",39,4.393507338605968,1521018998
carrot,29640,1024,682,,"[418, 0, 512, 512]",28,6.610794772067163,946897390
carrot,284106,1024,673,,"[188, 67, 512, 512]",23,8.038865176023725,693415842
carrot,34257,1024,632,,"[256, 120, 512, 512]",17,1.7078400439235306,411317620
carrot,298994,1023,685,,"[0, 29, 512, 512]",40,9.381137078287315,1594737559
carrot,376307,768,1024,,"[105, 396, 512, 512]",20,7.865125519139077,548344684
carrot,288762,1023,680,,"[193, 15, 512, 512]",10,3.888677059518759,27700026
cat,269314,1024,768,,"[277, 96, 512, 512]",31,8.832242835730762,1145441010
cat,245764,1024,768,,"[295, 256, 512, 512]",25,3.5813548817879983,821827540
cat,458255,1023,685,,"[340, 154, 512, 512]",26,6.428333350464056,847200043
cat,312340,1024,680,,"[181, 108, 512, 512]",24,7.997806746281609,757855135
cat,290843,685,1023,,"[0, 343, 512, 512]",35,7.444671666432088,1340589947
cat,533536,1024,768,,"[136, 256, 512, 512]",47,9.238421084414568,1938609420
cat,320554,1024,768,,"[326, 245, 512, 512]",44,8.743542842645962,1786372013
cat,460841,1024,768,,"[0, 87, 512, 512]",48,9.264138661438862,2014448640
cat,101420,1024,768,,"[75, 0, 512, 512]",19,1.2392896102083748,500051954
cat,357941,800,600,,"[193, 22, 512, 512]",13,4.935232001165579,168571695
cat,71226,1024,681,,"[367, 0, 512, 512]",17,5.364498942795593,388528798
cat,401991,1024,607,,"[0, 0, 512, 512]",42,1.5863877763309675,1701289843
cat,469067,1024,768,,"[422, 256, 512, 512]",22,1.0506344561145364,644859804
cat,107087,1024,683,,"[0, 88, 512, 512]",48,8.475592932741314,2038980991
cat,277584,1024,768,,"[320, 170, 512, 512]",27,9.84972019857558,906032039
cat,77396,1024,768,,"[243, 201, 512, 512]",40,8.061488674054116,1579638338
cat,519764,1024,768,,"[350, 126, 512, 512]",32,3.8404314098044585,1182859276
cat,327769,1024,678,,"[267, 44, 512, 512]",31,7.348003341305084,1131072087
cat,78426,800,534,,"[0, 22, 512, 512]",44,3.69262965878422,1827983318
cat,181859,681,1024,,"[83, 312, 512, 512]",33,7.666736345881738,1217393872
cat,456292,768,1024,,"[141, 422, 512, 512]",10,3.517724977734583,29768455
cat,279145,1024,768,,"[0, 256, 512, 512]",16,8.043318237953184,335554307
cat,316015,1024,819,,"[512, 289, 512, 512]",31,9.88966672205119,1130085198
cat,366199,1023,683,,"[264, 82, 512, 512]",48,9.876146943522146,2002619399
cat,10363,1024,577,,"[317, 25, 512, 512]",25,8.945763102970082,807025520
cat,117374,1024,684,,"[512, 172, 512, 512]",12,9.21529046605526,126659316
cat,94336,800,538,,"[168, 0, 512, 512]",20,7.373862226928552,544610078
cat,153217,600,800,,"[0, 288, 512, 512]",19,5.990471895371578,502803994
cat,176778,683,1024,,"[171, 512, 512, 512]",11,9.309143872631983,78112099
cat,565391,768,1024,,"[180, 224, 512, 512]",50,1.807577018688813,2135232880
cat,243344,768,1024,,"[110, 155, 512, 512]",29,4.331183906260067,1006074700
cat,117908,1023,654,,"[511, 142, 512, 512]",32,6.453450491583366,1171239504
cat,174231,768,1024,,"[138, 221, 512, 512]",43,5.29956907226817,1754370252
cat,291490,1024,629,,"[128, 61, 512, 512]",30,8.135720924475056,1084998680
cat,84650,1024,768,,"[405, 164, 512, 512]",46,2.755777541311419,1933072943
cat,530099,800,600,,"[215, 88, 512, 512]",25,1.5602814767499709,825039645
cat,14007,1023,681,,"[349, 105, 512, 512]",27,2.138665665159264,914582800
cat,478393,768,1024,,"[21, 60, 512, 512]",11,9.665034264254464,86984129
cat,555705,1023,594,,"[511, 8, 512, 512]",30,2.194970835064874,1058021795
cat,375493,1024,768,,"[59, 186, 512, 512]",29,3.0348849462685425,1014848104
cat,413395,1024,673,,"[0, 161, 512, 512]",39,4.393507338605968,1521018998
cat,176857,800,600,,"[128, 32, 512, 512]",28,6.610794772067163,946897390
cat,134882,769,768,,"[162, 177, 512, 512]",23,8.038865176023725,693415842
cat,23272,1024,768,,"[254, 0, 512, 512]",17,1.7078400439235306,411317620
cat,466156,800,600,,"[175, 0, 512, 512]",40,9.381137078287315,1594737559
cat,491757,1024,767,,"[440, 160, 512, 512]",20,7.865125519139077,548344684
cat,121586,1024,765,,"[84, 0, 512, 512]",10,3.888677059518759,27700026
cat,492284,1024,768,,"[238, 77, 512, 512]",46,2.7039881748540786,1901078373
cat,540928,1023,728,,"[365, 0, 512, 512]",33,6.363575990083298,1245682962
cat,409867,685,1023,,"[0, 511, 512, 512]",12,6.352203040853406,143465762
cell phone,376322,765,1024,,"[0, 512, 512, 512]",31,8.832242835730762,1145441010
cell phone,459272,768,1024,,"[256, 512, 512, 512]",25,3.5813548817879983,821827540
cell phone,120853,1024,684,,"[416, 0, 512, 512]",26,6.428333350464056,847200043
cell phone,213035,1024,683,,"[310, 55, 512, 512]",24,7.997806746281609,757855135
cell phone,506933,1024,768,,"[0, 227, 512, 512]",35,7.444671666432088,1340589947
cell phone,146489,1024,768,,"[0, 256, 512, 512]",47,9.238421084414568,1938609420
cell phone,119365,768,1024,,"[256, 277, 512, 512]",44,8.743542842645962,1786372013
cell phone,579655,1024,639,,"[235, 98, 512, 512]",48,9.264138661438862,2014448640
cell phone,469067,1024,768,,"[512, 256, 512, 512]",19,1.2392896102083748,500051954
cell phone,166478,1023,681,,"[477, 169, 512, 512]",13,4.935232001165579,168571695
cell phone,492110,1024,683,,"[355, 171, 512, 512]",17,5.364498942795593,388528798
cell phone,507473,1024,768,,"[62, 0, 512, 512]",42,1.5863877763309675,1701289843
cell phone,123480,1024,768,,"[0, 101, 512, 512]",22,1.0506344561145364,644859804
cell phone,120420,1024,768,,"[206, 105, 512, 512]",48,8.475592932741314,2038980991
cell phone,316015,1024,819,,"[0, 307, 512, 512]",27,9.84972019857558,906032039
cell phone,228981,1024,768,,"[16, 141, 512, 512]",40,8.061488674054116,1579638338
cell phone,450686,818,1024,,"[170, 251, 512, 512]",32,3.8404314098044585,1182859276
cell phone,76416,1024,768,,"[339, 171, 512, 512]",31,7.348003341305084,1131072087
cell phone,288391,683,1024,,"[0, 59, 512, 512]",44,3.69262965878422,1827983318
cell phone,292488,1024,681,,"[318, 0, 512, 512]",33,7.666736345881738,1217393872
cell phone,180878,1024,683,,"[445, 171, 512, 512]",10,3.517724977734583,29768455
cell phone,366225,865,1024,,"[0, 201, 512, 512]",16,8.043318237953184,335554307
cell phone,343706,1024,794,,"[135, 282, 512, 512]",31,9.88966672205119,1130085198
cell phone,562843,1024,768,,"[61, 193, 512, 512]",48,9.876146943522146,2002619399
cell phone,563882,1024,680,,"[395, 150, 512, 512]",25,8.945763102970082,807025520
cell phone,546475,613,1024,,"[53, 90, 512, 512]",12,9.21529046605526,126659316
cell phone,537270,1024,768,,"[361, 141, 512, 512]",20,7.373862226928552,544610078
cell phone,52413,1024,768,,"[324, 169, 512, 512]",19,5.990471895371578,502803994
cell phone,497344,800,533,,"[288, 21, 512, 512]",11,9.309143872631983,78112099
cell phone,553664,800,518,,"[288, 6, 512, 512]",50,1.807577018688813,2135232880
cell phone,216277,1024,768,,"[482, 0, 512, 512]",29,4.331183906260067,1006074700
cell phone,561366,1024,768,,"[506, 23, 512, 512]",32,6.453450491583366,1171239504
cell phone,66771,1024,768,,"[383, 137, 512, 512]",43,5.29956907226817,1754370252
cell phone,71938,1024,768,,"[256, 74, 512, 512]",30,8.135720924475056,1084998680
cell phone,345356,1024,768,,"[27, 230, 512, 512]",46,2.755777541311419,1933072943
cell phone,100624,1024,683,,"[51, 0, 512, 512]",25,1.5602814767499709,825039645
cell phone,147729,1024,768,,"[316, 61, 512, 512]",27,2.138665665159264,914582800
cell phone,1296,683,1024,,"[171, 81, 512, 512]",11,9.665034264254464,86984129
cell phone,302882,1024,819,,"[310, 153, 512, 512]",30,2.194970835064874,1058021795
cell phone,174371,1024,817,,"[165, 305, 512, 512]",29,3.0348849462685425,1014848104
cell phone,549674,1024,768,,"[93, 256, 512, 512]",39,4.393507338605968,1521018998
cell phone,160556,1023,685,,"[511, 5, 512, 512]",28,6.610794772067163,946897390
cell phone,465718,1023,687,,"[511, 175, 512, 512]",23,8.038865176023725,693415842
cell phone,73533,1024,768,,"[250, 256, 512, 512]",17,1.7078400439235306,411317620
cell phone,348481,1024,768,,"[512, 254, 512, 512]",40,9.381137078287315,1594737559
cell phone,245576,1023,755,,"[118, 0, 512, 512]",20,7.865125519139077,548344684
cell phone,214869,1024,768,,"[258, 256, 512, 512]",10,3.888677059518759,27700026
cell phone,62808,1023,770,,"[511, 0, 512, 512]",46,2.7039881748540786,1901078373
cell phone,209753,747,1024,,"[235, 332, 512, 512]",33,6.363575990083298,1245682962
cell phone,463199,1024,768,,"[335, 256, 512, 512]",12,6.352203040853406,143465762
chair,241668,736,1023,,"[0, 511, 512, 512]",31,8.832242835730762,1145441010
chair,311303,1024,683,,"[512, 0, 512, 512]",25,3.5813548817879983,821827540
chair,8211,1024,734,,"[304, 220, 512, 512]",26,6.428333350464056,847200043
chair,67616,1024,768,,"[0, 256, 512, 512]",24,7.997806746281609,757855135
chair,24610,1024,768,,"[0, 256, 512, 512]",35,7.444671666432088,1340589947
chair,397354,1024,768,,"[512, 256, 512, 512]",47,9.238421084414568,1938609420
chair,368684,1024,768,,"[130, 119, 512, 512]",44,8.743542842645962,1786372013
chair,462904,1024,768,,"[0, 133, 512, 512]",48,9.264138661438862,2014448640
chair,34873,1024,768,,"[512, 103, 512, 512]",19,1.2392896102083748,500051954
chair,407614,1024,681,,"[512, 169, 512, 512]",13,4.935232001165579,168571695
chair,180296,930,523,,"[418, 0, 512, 512]",17,5.364498942795593,388528798
chair,20553,800,600,,"[35, 88, 512, 512]",42,1.5863877763309675,1701289843
chair,395343,1024,768,,"[147, 256, 512, 512]",22,1.0506344561145364,644859804
chair,268378,1023,575,,"[0, 63, 512, 512]",48,8.475592932741314,2038980991
chair,313454,1024,621,,"[203, 109, 512, 512]",27,9.84972019857558,906032039
chair,163951,683,1024,,"[131, 491, 512, 512]",40,8.061488674054116,1579638338
chair,481390,1024,768,,"[59, 0, 512, 512]",32,3.8404314098044585,1182859276
chair,342128,781,1023,,"[269, 182, 512, 512]",31,7.348003341305084,1131072087
chair,133244,1023,575,,"[383, 0, 512, 512]",44,3.69262965878422,1827983318
chair,473219,1024,685,,"[512, 173, 512, 512]",33,7.666736345881738,1217393872
chair,32901,720,614,,"[208, 102, 512, 512]",10,3.517724977734583,29768455
chair,61584,780,585,,"[0, 51, 512, 512]",16,8.043318237953184,335554307
chair,196754,600,800,,"[88, 288, 512, 512]",31,9.88966672205119,1130085198
chair,473237,800,533,,"[288, 21, 512, 512]",48,9.876146943522146,2002619399
chair,440475,1024,683,,"[304, 171, 512, 512]",25,8.945763102970082,807025520
chair,231580,1024,768,,"[269, 164, 512, 512]",12,9.21529046605526,126659316
chair,192670,1024,693,,"[0, 37, 512, 512]",20,7.373862226928552,544610078
chair,336053,1024,768,,"[508, 0, 512, 512]",19,5.990471895371578,502803994
chair,190648,1024,768,,"[329, 156, 512, 512]",11,9.309143872631983,78112099
chair,374982,600,800,,"[88, 0, 512, 512]",50,1.807577018688813,2135232880
chair,125129,800,533,,"[0, 21, 512, 512]",29,4.331183906260067,1006074700
chair,325838,1024,768,,"[161, 107, 512, 512]",32,6.453450491583366,1171239504
chair,461009,612,612,,"[100, 28, 512, 512]",43,5.29956907226817,1754370252
chair,467176,1023,685,,"[0, 173, 512, 512]",30,8.135720924475056,1084998680
chair,213224,683,1024,,"[0, 391, 512, 512]",46,2.755777541311419,1933072943
chair,428280,1024,681,,"[0, 169, 512, 512]",25,1.5602814767499709,825039645
chair,368900,1024,768,,"[391, 256, 512, 512]",27,2.138665665159264,914582800
chair,180487,1024,683,,"[32, 171, 512, 512]",11,9.665034264254464,86984129
chair,504074,1024,683,,"[512, 60, 512, 512]",30,2.194970835064874,1058021795
chair,160012,1024,737,,"[0, 0, 512, 512]",29,3.0348849462685425,1014848104
chair,151820,1024,683,,"[75, 171, 512, 512]",39,4.393507338605968,1521018998
chair,532761,1024,768,,"[473, 173, 512, 512]",28,6.610794772067163,946897390
chair,229659,1024,768,,"[90, 256, 512, 512]",23,8.038865176023725,693415842
chair,434459,1023,731,,"[26, 208, 512, 512]",17,1.7078400439235306,411317620
chair,540962,1024,819,,"[172, 144, 512, 512]",40,9.381137078287315,1594737559
chair,366884,1024,768,,"[439, 109, 512, 512]",20,7.865125519139077,548344684
chair,489764,1023,861,,"[0, 267, 512, 512]",10,3.888677059518759,27700026
chair,127270,671,1024,,"[0, 0, 512, 512]",46,2.7039881748540786,1901078373
chair,162092,1024,1024,,"[144, 512, 512, 512]",33,6.363575990083298,1245682962
chair,194875,1024,918,,"[452, 273, 512, 512]",12,6.352203040853406,143465762
clock,173057,768,1024,,"[106, 0, 512, 512]",31,8.832242835730762,1145441010
clock,31749,1024,1024,,"[35, 321, 512, 512]",25,3.5813548817879983,821827540
clock,479248,1024,768,,"[512, 256, 512, 512]",26,6.428333350464056,847200043
clock,395801,1024,768,,"[507, 0, 512, 512]",24,7.997806746281609,757855135
clock,400922,1024,768,,"[254, 256, 512, 512]",35,7.444671666432088,1340589947
clock,372260,683,1024,,"[121, 0, 512, 512]",47,9.238421084414568,1938609420
clock,191013,758,1024,,"[122, 230, 512, 512]",44,8.743542842645962,1786372013
clock,344614,765,1024,,"[253, 0, 512, 512]",48,9.264138661438862,2014448640
clock,392228,768,1024,,"[128, 491, 512, 512]",19,1.2392896102083748,500051954
clock,427055,1024,768,,"[464, 0, 512, 512]",13,4.935232001165579,168571695
clock,544306,612,612,,"[100, 100, 512, 512]",17,5.364498942795593,388528798
clock,334399,1024,768,,"[323, 187, 512, 512]",42,1.5863877763309675,1701289843
clock,330818,682,1024,,"[170, 0, 512, 512]",22,1.0506344561145364,644859804
clock,106563,612,612,,"[50, 100, 512, 512]",48,8.475592932741314,2038980991
clock,111179,768,1024,,"[46, 71, 512, 512]",27,9.84972019857558,906032039
clock,573008,1024,768,,"[196, 156, 512, 512]",40,8.061488674054116,1579638338
clock,267351,1024,681,,"[304, 169, 512, 512]",32,3.8404314098044585,1182859276
clock,98392,768,1024,,"[132, 0, 512, 512]",31,7.348003341305084,1131072087
clock,156278,1024,680,,"[480, 0, 512, 512]",44,3.69262965878422,1827983318
clock,156292,685,1023,,"[68, 235, 512, 512]",33,7.666736345881738,1217393872
clock,36494,1024,694,,"[509, 0, 512, 512]",10,3.517724977734583,29768455
clock,418961,1024,683,,"[102, 171, 512, 512]",16,8.043318237953184,335554307
clock,384661,800,600,,"[58, 0, 512, 512]",31,9.88966672205119,1130085198
clock,180383,1024,768,,"[0, 256, 512, 512]",48,9.876146943522146,2002619399
clock,233139,1024,683,,"[0, 160, 512, 512]",25,8.945763102970082,807025520
clock,482487,768,1024,,"[48, 56, 512, 512]",12,9.21529046605526,126659316
clock,455352,1024,848,,"[304, 336, 512, 512]",20,7.373862226928552,544610078
clock,282298,1024,768,,"[512, 0, 512, 512]",19,5.990471895371578,502803994
clock,135890,685,1023,,"[52, 0, 512, 512]",50,1.807577018688813,2135232880
clock,43737,768,1024,,"[0, 35, 512, 512]",29,4.331183906260067,1006074700
clock,565469,682,1024,,"[43, 0, 512, 512]",32,6.453450491583366,1171239504
clock,565989,700,933,,"[63, 178, 512, 512]",43,5.29956907226817,1754370252
clock,459500,768,1024,,"[211, 0, 512, 512]",30,8.135720924475056,1084998680
clock,242411,662,1000,,"[27, 170, 512, 512]",46,2.755777541311419,1933072943
clock,545007,680,1024,,"[168, 354, 512, 512]",25,1.5602814767499709,825039645
clock,218362,1024,682,,"[275, 0, 512, 512]",27,2.138665665159264,914582800
clock,541952,768,1024,,"[146, 512, 512, 512]",11,9.665034264254464,86984129
clock,304396,680,1024,,"[137, 16, 512, 512]",30,2.194970835064874,1058021795
clock,407825,563,564,,"[32, 52, 512, 512]",29,3.0348849462685425,1014848104
clock,88345,1024,680,,"[512, 168, 512, 512]",39,4.393507338605968,1521018998
clock,58655,680,1024,,"[168, 11, 512, 512]",28,6.610794772067163,946897390
clock,519491,768,1024,,"[114, 512, 512, 512]",23,8.038865176023725,693415842
clock,172877,1024,768,,"[512, 0, 512, 512]",17,1.7078400439235306,411317620
clock,175438,1024,748,,"[255, 0, 512, 512]",40,9.381137078287315,1594737559
clock,217425,1024,768,,"[240, 57, 512, 512]",20,7.865125519139077,548344684
clock,243034,683,1024,,"[81, 162, 512, 512]",10,3.888677059518759,27700026
clock,355169,1024,768,,"[190, 0, 512, 512]",46,2.7039881748540786,1901078373
clock,519522,683,1024,,"[0, 180, 512, 512]",33,6.363575990083298,1245682962
clock,217957,768,1024,,"[105, 362, 512, 512]",12,6.352203040853406,143465762
clock,216419,1024,747,,"[42, 16, 512, 512]",24,3.407215229474313,783154264
couch,435208,768,1024,,"[0, 512, 512, 512]",31,8.832242835730762,1145441010
couch,222735,758,1023,,"[0, 162, 512, 512]",25,3.5813548817879983,821827540
couch,458768,1024,683,,"[0, 171, 512, 512]",26,6.428333350464056,847200043
couch,468501,800,600,,"[288, 88, 512, 512]",24,7.997806746281609,757855135
couch,158744,1024,679,,"[95, 98, 512, 512]",35,7.444671666432088,1340589947
couch,24610,1024,768,,"[512, 256, 512, 512]",47,9.238421084414568,1938609420
couch,555050,1024,660,,"[512, 148, 512, 512]",44,8.743542842645962,1786372013
couch,463918,1024,736,,"[162, 224, 512, 512]",48,9.264138661438862,2014448640
couch,379441,1024,768,,"[465, 256, 512, 512]",19,1.2392896102083748,500051954
couch,27186,1023,685,,"[0, 173, 512, 512]",13,4.935232001165579,168571695
couch,39477,1024,673,,"[491, 161, 512, 512]",17,5.364498942795593,388528798
couch,97337,1024,768,,"[512, 203, 512, 512]",42,1.5863877763309675,1701289843
couch,346703,880,1024,,"[335, 115, 512, 512]",22,1.0506344561145364,644859804
couch,570456,1024,768,,"[321, 256, 512, 512]",48,8.475592932741314,2038980991
couch,453722,1024,683,,"[0, 171, 512, 512]",27,9.84972019857558,906032039
couch,367195,1024,639,,"[512, 0, 512, 512]",40,8.061488674054116,1579638338
couch,357978,800,600,,"[0, 88, 512, 512]",32,3.8404314098044585,1182859276
couch,13923,864,577,,"[0, 65, 512, 512]",31,7.348003341305084,1131072087
couch,170099,1023,764,,"[474, 252, 512, 512]",44,3.69262965878422,1827983318
couch,495732,683,1024,,"[79, 421, 512, 512]",33,7.666736345881738,1217393872
couch,166521,1024,681,,"[512, 169, 512, 512]",10,3.517724977734583,29768455
couch,530061,1024,728,,"[0, 7, 512, 512]",16,8.043318237953184,335554307
couch,512657,1024,683,,"[512, 171, 512, 512]",31,9.88966672205119,1130085198
couch,128148,1023,685,,"[358, 153, 512, 512]",48,9.876146943522146,2002619399
couch,546964,1024,765,,"[512, 253, 512, 512]",25,8.945763102970082,807025520
couch,440475,1024,683,,"[512, 171, 512, 512]",12,9.21529046605526,126659316
couch,573094,600,800,,"[0, 288, 512, 512]",20,7.373862226928552,544610078
couch,435880,1024,768,,"[0, 256, 512, 512]",19,5.990471895371578,502803994
couch,195754,1024,680,,"[179, 119, 512, 512]",11,9.309143872631983,78112099
couch,458410,1024,768,,"[512, 256, 512, 512]",50,1.807577018688813,2135232880
couch,560312,1024,680,,"[459, 168, 512, 512]",29,4.331183906260067,1006074700
couch,214720,768,1024,,"[256, 93, 512, 512]",32,6.453450491583366,1171239504
couch,84674,768,1024,,"[256, 242, 512, 512]",43,5.29956907226817,1754370252
couch,416451,1024,768,,"[293, 256, 512, 512]",30,8.135720924475056,1084998680
couch,205514,1024,681,,"[464, 151, 512, 512]",46,2.755777541311419,1933072943
couch,66771,1024,768,,"[349, 164, 512, 512]",25,1.5602814767499709,825039645
couch,492758,1024,683,,"[0, 154, 512, 512]",27,2.138665665159264,914582800
couch,14038,1024,683,,"[65, 111, 512, 512]",11,9.665034264254464,86984129
couch,104666,1024,683,,"[167, 171, 512, 512]",30,2.194970835064874,1058021795
couch,467176,1023,685,,"[511, 173, 512, 512]",29,3.0348849462685425,1014848104
couch,171757,1024,768,,"[512, 256, 512, 512]",39,4.393507338605968,1521018998
couch,124659,1024,768,,"[216, 60, 512, 512]",28,6.610794772067163,946897390
couch,293625,1024,768,,"[476, 256, 512, 512]",23,8.038865176023725,693415842
couch,116479,658,1024,,"[0, 381, 512, 512]",17,1.7078400439235306,411317620
couch,527616,1024,793,,"[154, 0, 512, 512]",40,9.381137078287315,1594737559
couch,463618,1023,722,,"[511, 0, 512, 512]",20,7.865125519139077,548344684
couch,109313,768,1024,,"[0, 509, 512, 512]",10,3.888677059518759,27700026
couch,195842,1024,768,,"[329, 256, 512, 512]",46,2.7039881748540786,1901078373
couch,572678,888,590,,"[68, 78, 512, 512]",33,6.363575990083298,1245682962
couch,568584,1023,681,,"[0, 169, 512, 512]",12,6.352203040853406,143465762
cup,555009,800,600,,"[288, 52, 512, 512]",31,8.832242835730762,1145441010
cup,239627,1024,683,,"[326, 141, 512, 512]",25,3.5813548817879983,821827540
cup,120853,1024,684,,"[172, 0, 512, 512]",26,6.428333350464056,847200043
cup,387098,1024,768,,"[0, 162, 512, 512]",24,7.997806746281609,757855135
cup,421923,682,1023,,"[170, 511, 512, 512]",35,7.444671666432088,1340589947
cup,344100,1000,667,,"[0, 40, 512, 512]",47,9.238421084414568,1938609420
cup,184384,1024,768,,"[0, 1, 512, 512]",44,8.743542842645962,1786372013
cup,131138,1024,768,,"[135, 256, 512, 512]",48,9.264138661438862,2014448640
cup,579655,1024,639,,"[0, 0, 512, 512]",19,1.2392896102083748,500051954
cup,395343,1024,768,,"[173, 256, 512, 512]",13,4.935232001165579,168571695
cup,327769,1024,678,,"[209, 0, 512, 512]",17,5.364498942795593,388528798
cup,231527,601,900,,"[57, 273, 512, 512]",42,1.5863877763309675,1701289843
cup,368752,768,1024,,"[0, 323, 512, 512]",22,1.0506344561145364,644859804
cup,63602,1024,680,,"[437, 162, 512, 512]",48,8.475592932741314,2038980991
cup,419974,681,1024,,"[169, 512, 512, 512]",27,9.84972019857558,906032039
cup,182417,1024,768,,"[512, 0, 512, 512]",40,8.061488674054116,1579638338
cup,356531,1024,768,,"[499, 201, 512, 512]",32,3.8404314098044585,1182859276
cup,336053,1024,768,,"[0, 137, 512, 512]",31,7.348003341305084,1131072087
cup,286908,1024,1024,,"[36, 257, 512, 512]",44,3.69262965878422,1827983318
cup,305343,1024,683,,"[36, 157, 512, 512]",33,7.666736345881738,1217393872
cup,374982,600,800,,"[88, 222, 512, 512]",10,3.517724977734583,29768455
cup,479448,800,600,,"[288, 0, 512, 512]",16,8.043318237953184,335554307
cup,63740,1024,768,,"[0, 256, 512, 512]",31,9.88966672205119,1130085198
cup,180487,1024,683,,"[468, 171, 512, 512]",48,9.876146943522146,2002619399
cup,178469,1024,683,,"[512, 78, 512, 512]",25,8.945763102970082,807025520
cup,102707,612,612,,"[100, 100, 512, 512]",12,9.21529046605526,126659316
cup,473406,768,1024,,"[256, 318, 512, 512]",20,7.373862226928552,544610078
cup,414034,1024,768,,"[387, 208, 512, 512]",19,5.990471895371578,502803994
cup,182611,768,1024,,"[256, 512, 512, 512]",11,9.309143872631983,78112099
cup,457078,1024,768,,"[0, 256, 512, 512]",50,1.807577018688813,2135232880
cup,194940,1024,768,,"[0, 0, 512, 512]",29,4.331183906260067,1006074700
cup,2431,731,1024,,"[17, 510, 512, 512]",32,6.453450491583366,1171239504
cup,151938,752,1023,,"[135, 511, 512, 512]",43,5.29956907226817,1754370252
cup,192904,1023,697,,"[95, 65, 512, 512]",30,8.135720924475056,1084998680
cup,242060,900,646,,"[88, 0, 512, 512]",46,2.755777541311419,1933072943
cup,231822,800,578,,"[0, 0, 512, 512]",25,1.5602814767499709,825039645
cup,110999,574,1024,,"[62, 404, 512, 512]",27,2.138665665159264,914582800
cup,45472,1023,685,,"[185, 173, 512, 512]",11,9.665034264254464,86984129
cup,70048,960,720,,"[17, 208, 512, 512]",30,2.194970835064874,1058021795
cup,463283,612,612,,"[0, 79, 512, 512]",29,3.0348849462685425,1014848104
cup,283113,768,1024,,"[201, 0, 512, 512]",39,4.393507338605968,1521018998
cup,92660,1024,683,,"[512, 0, 512, 512]",28,6.610794772067163,946897390
cup,479732,1024,685,,"[0, 0, 512, 512]",23,8.038865176023725,693415842
cup,256518,1023,681,,"[511, 0, 512, 512]",17,1.7078400439235306,411317620
cup,547336,1024,768,,"[41, 256, 512, 512]",40,9.381137078287315,1594737559
cup,377368,1024,769,,"[512, 0, 512, 512]",20,7.865125519139077,548344684
cup,166426,939,1024,,"[102, 0, 512, 512]",10,3.888677059518759,27700026
cup,172571,1023,577,,"[98, 0, 512, 512]",46,2.7039881748540786,1901078373
cup,2592,1024,585,,"[268, 0, 512, 512]",33,6.363575990083298,1245682962
cup,492110,1024,683,,"[90, 171, 512, 512]",12,6.352203040853406,143465762
dining table,137246,1023,682,,"[0, 130, 512, 512]",31,8.832242835730762,1145441010
dining table,4134,1024,680,,"[164, 168, 512, 512]",25,3.5813548817879983,821827540
dining table,555050,1024,660,,"[468, 148, 512, 512]",26,6.428333350464056,847200043
dining table,462904,1024,768,,"[512, 117, 512, 512]",24,7.997806746281609,757855135
dining table,34873,1024,768,,"[436, 87, 512, 512]",35,7.444671666432088,1340589947
dining table,446522,768,1024,,"[256, 512, 512, 512]",47,9.238421084414568,1938609420
dining table,157767,1024,683,,"[414, 171, 512, 512]",44,8.743542842645962,1786372013
dining table,20553,800,600,,"[288, 37, 512, 512]",48,9.264138661438862,2014448640
dining table,122962,1024,678,,"[87, 166, 512, 512]",19,1.2392896102083748,500051954
dining table,268378,1023,575,,"[245, 63, 512, 512]",13,4.935232001165579,168571695
dining table,61584,780,585,,"[0, 59, 512, 512]",17,5.364498942795593,388528798
dining table,440475,1024,683,,"[317, 171, 512, 512]",42,1.5863877763309675,1701289843
dining table,231580,1024,768,,"[136, 100, 512, 512]",22,1.0506344561145364,644859804
dining table,356531,1024,768,,"[512, 256, 512, 512]",48,8.475592932741314,2038980991
dining table,286908,1024,1024,,"[505, 505, 512, 512]",27,9.84972019857558,906032039
dining table,374982,600,800,,"[0, 0, 512, 512]",40,8.061488674054116,1579638338
dining table,151820,1024,683,,"[232, 163, 512, 512]",32,3.8404314098044585,1182859276
dining table,84241,1023,634,,"[511, 120, 512, 512]",31,7.348003341305084,1131072087
dining table,229659,1024,768,,"[74, 169, 512, 512]",44,3.69262965878422,1827983318
dining table,561465,612,612,,"[0, 100, 512, 512]",33,7.666736345881738,1217393872
dining table,194875,1024,918,,"[398, 143, 512, 512]",10,3.517724977734583,29768455
dining table,571718,1024,683,,"[0, 0, 512, 512]",16,8.043318237953184,335554307
dining table,543047,1024,768,,"[322, 139, 512, 512]",31,9.88966672205119,1130085198
dining table,74058,1024,683,,"[50, 129, 512, 512]",48,9.876146943522146,2002619399
dining table,233825,1024,768,,"[133, 256, 512, 512]",25,8.945763102970082,807025520
dining table,22892,799,533,,"[287, 21, 512, 512]",12,9.21529046605526,126659316
dining table,151938,752,1023,,"[145, 220, 512, 512]",20,7.373862226928552,544610078
dining table,559513,1024,673,,"[0, 119, 512, 512]",19,5.990471895371578,502803994
dining table,551350,1024,768,,"[327, 88, 512, 512]",11,9.309143872631983,78112099
dining table,326082,1024,681,,"[512, 169, 512, 512]",50,1.807577018688813,2135232880
dining table,231879,1023,681,,"[511, 169, 512, 512]",29,4.331183906260067,1006074700
dining table,10707,1024,768,,"[71, 256, 512, 512]",32,6.453450491583366,1171239504
dining table,80340,1024,683,,"[512, 26, 512, 512]",43,5.29956907226817,1754370252
dining table,350679,1023,685,,"[419, 173, 512, 512]",30,8.135720924475056,1084998680
dining table,455157,1024,1024,,"[444, 394, 512, 512]",46,2.755777541311419,1933072943
dining table,438774,1024,680,,"[512, 168, 512, 512]",25,1.5602814767499709,825039645
dining table,367095,1024,683,,"[512, 171, 512, 512]",27,2.138665665159264,914582800
dining table,266768,612,612,,"[23, 100, 512, 512]",11,9.665034264254464,86984129
dining table,277020,1024,576,,"[282, 64, 512, 512]",30,2.194970835064874,1058021795
dining table,31296,1024,680,,"[196, 106, 512, 512]",29,3.0348849462685425,1014848104
dining table,492110,1024,683,,"[104, 38, 512, 512]",39,4.393507338605968,1521018998
dining table,64084,1024,698,,"[46, 186, 512, 512]",28,6.610794772067163,946897390
dining table,379476,776,1024,,"[200, 345, 512, 512]",23,8.038865176023725,693415842
dining table,322163,1024,768,,"[512, 111, 512, 512]",17,1.7078400439235306,411317620
dining table,144003,800,600,,"[143, 88, 512, 512]",40,9.381137078287315,1594737559
dining table,121506,612,612,,"[0, 100, 512, 512]",20,7.865125519139077,548344684
dining table,369370,720,540,,"[208, 0, 512, 512]",10,3.888677059518759,27700026
dining table,123633,1024,768,,"[327, 256, 512, 512]",46,2.7039881748540786,1901078373
dining table,154358,683,1024,,"[0, 393, 512, 512]",33,6.363575990083298,1245682962
dining table,82696,683,1024,,"[133, 8, 512, 512]",12,6.352203040853406,143465762
dog,329219,1024,683,,"[268, 171, 512, 512]",31,8.832242835730762,1145441010
dog,546829,1024,680,,"[145, 93, 512, 512]",25,3.5813548817879983,821827540
dog,554002,1024,680,,"[512, 97, 512, 512]",26,6.428333350464056,847200043
dog,366611,1024,765,,"[0, 178, 512, 512]",24,7.997806746281609,757855135
dog,182805,960,540,,"[233, 28, 512, 512]",35,7.444671666432088,1340589947
dog,236592,1024,768,,"[0, 256, 512, 512]",47,9.238421084414568,1938609420
dog,474164,1012,1024,,"[218, 175, 512, 512]",44,8.743542842645962,1786372013
dog,489014,1024,768,,"[312, 146, 512, 512]",48,9.264138661438862,2014448640
dog,295478,787,984,,"[0, 472, 512, 512]",19,1.2392896102083748,500051954
dog,446522,768,1024,,"[157, 420, 512, 512]",13,4.935232001165579,168571695
dog,486479,1024,768,,"[120, 38, 512, 512]",17,5.364498942795593,388528798
dog,412240,800,600,,"[192, 15, 512, 512]",42,1.5863877763309675,1701289843
dog,372819,1024,681,,"[461, 120, 512, 512]",22,1.0506344561145364,644859804
dog,554579,791,1024,,"[275, 505, 512, 512]",48,8.475592932741314,2038980991
dog,357459,1024,683,,"[331, 132, 512, 512]",27,9.84972019857558,906032039
dog,367195,1024,639,,"[197, 4, 512, 512]",40,8.061488674054116,1579638338
dog,222317,1024,768,,"[283, 131, 512, 512]",32,3.8404314098044585,1182859276
dog,72813,1024,768,,"[324, 107, 512, 512]",31,7.348003341305084,1131072087
dog,76417,1024,765,,"[303, 103, 512, 512]",44,3.69262965878422,1827983318
dog,419974,681,1024,,"[0, 477, 512, 512]",33,7.666736345881738,1217393872
dog,193162,1023,685,,"[0, 150, 512, 512]",10,3.517724977734583,29768455
dog,193674,1024,768,,"[438, 144, 512, 512]",16,8.043318237953184,335554307
dog,67213,1000,758,,"[488, 0, 512, 512]",31,9.88966672205119,1130085198
dog,463522,1024,768,,"[512, 218, 512, 512]",48,9.876146943522146,2002619399
dog,547502,1024,768,,"[135, 256, 512, 512]",25,8.945763102970082,807025520
dog,22192,1024,681,,"[0, 141, 512, 512]",12,9.21529046605526,126659316
dog,61108,1024,768,,"[54, 140, 512, 512]",20,7.373862226928552,544610078
dog,246454,1024,1024,,"[0, 305, 512, 512]",19,5.990471895371578,502803994
dog,490171,1024,683,,"[271, 171, 512, 512]",11,9.309143872631983,78112099
dog,190140,1023,685,,"[375, 109, 512, 512]",50,1.807577018688813,2135232880
dog,305343,1024,683,,"[465, 151, 512, 512]",29,4.331183906260067,1006074700
dog,338624,1024,576,,"[38, 54, 512, 512]",32,6.453450491583366,1171239504
dog,209613,1024,683,,"[512, 154, 512, 512]",43,5.29956907226817,1754370252
dog,29393,800,600,,"[172, 88, 512, 512]",30,8.135720924475056,1084998680
dog,107226,768,1024,,"[64, 373, 512, 512]",46,2.755777541311419,1933072943
dog,424162,1023,819,,"[0, 307, 512, 512]",25,1.5602814767499709,825039645
dog,159458,1024,768,,"[168, 119, 512, 512]",27,2.138665665159264,914582800
dog,279278,1023,687,,"[511, 61, 512, 512]",11,9.665034264254464,86984129
dog,494869,683,1024,,"[0, 512, 512, 512]",30,2.194970835064874,1058021795
dog,89880,1024,576,,"[195, 0, 512, 512]",29,3.0348849462685425,1014848104
dog,53529,1023,682,,"[140, 170, 512, 512]",39,4.393507338605968,1521018998
dog,80153,685,1023,,"[140, 462, 512, 512]",28,6.610794772067163,946897390
dog,262938,800,600,,"[288, 88, 512, 512]",23,8.038865176023725,693415842
dog,30494,1024,768,,"[58, 0, 512, 512]",17,1.7078400439235306,411317620
dog,366884,1024,768,,"[305, 256, 512, 512]",40,9.381137078287315,1594737559
dog,237864,1024,680,,"[480, 168, 512, 512]",20,7.865125519139077,548344684
dog,472375,612,612,,"[55, 100, 512, 512]",10,3.888677059518759,27700026
dog,269113,1024,731,,"[512, 159, 512, 512]",46,2.7039881748540786,1901078373
dog,161609,1024,768,,"[240, 238, 512, 512]",33,6.363575990083298,1245682962
dog,291664,777,846,,"[253, 185, 512, 512]",12,6.352203040853406,143465762
fork,376322,765,1024,,"[0, 512, 512, 512]",31,8.832242835730762,1145441010
fork,385029,800,600,,"[0, 26, 512, 512]",25,3.5813548817879983,821827540
fork,253452,1023,682,,"[0, 0, 512, 512]",26,6.428333350464056,847200043
fork,306700,768,1024,,"[256, 512, 512, 512]",24,7.997806746281609,757855135
fork,166426,939,1024,,"[0, 468, 512, 512]",35,7.444671666432088,1340589947
fork,172571,1023,577,,"[499, 0, 512, 512]",47,9.238421084414568,1938609420
fork,530975,1024,768,,"[147, 60, 512, 512]",44,8.743542842645962,1786372013
fork,153632,1024,768,,"[0, 3, 512, 512]",48,9.264138661438862,2014448640
fork,189475,1024,768,,"[232, 256, 512, 512]",19,1.2392896102083748,500051954
fork,181796,1024,576,,"[512, 63, 512, 512]",13,4.935232001165579,168571695
fork,331817,1024,768,,"[246, 67, 512, 512]",17,5.364498942795593,388528798
fork,27696,1023,656,,"[375, 0, 512, 512]",42,1.5863877763309675,1701289843
fork,177714,1023,654,,"[511, 0, 512, 512]",22,1.0506344561145364,644859804
fork,105014,683,1024,,"[171, 512, 512, 512]",48,8.475592932741314,2038980991
fork,429623,1024,768,,"[512, 241, 512, 512]",27,9.84972019857558,906032039
fork,43581,1024,683,,"[486, 0, 512, 512]",40,8.061488674054116,1579638338
fork,177213,1024,575,,"[512, 0, 512, 512]",32,3.8404314098044585,1182859276
fork,550471,1000,664,,"[184, 0, 512, 512]",31,7.348003341305084,1131072087
fork,8277,612,612,,"[100, 0, 512, 512]",44,3.69262965878422,1827983318
fork,210520,612,612,,"[0, 100, 512, 512]",33,7.666736345881738,1217393872
fork,191580,765,1024,,"[253, 0, 512, 512]",10,3.517724977734583,29768455
fork,62554,1024,685,,"[512, 0, 512, 512]",16,8.043318237953184,335554307
fork,210030,1024,819,,"[394, 250, 512, 512]",31,9.88966672205119,1130085198
fork,210032,1023,642,,"[0, 84, 512, 512]",48,9.876146943522146,2002619399
fork,484978,1024,785,,"[488, 273, 512, 512]",25,8.945763102970082,807025520
fork,75393,1024,696,,"[223, 184, 512, 512]",12,9.21529046605526,126659316
fork,352900,1024,683,,"[0, 0, 512, 512]",20,7.373862226928552,544610078
fork,167572,1024,680,,"[512, 164, 512, 512]",19,5.990471895371578,502803994
fork,320664,1024,768,,"[0, 108, 512, 512]",11,9.309143872631983,78112099
fork,450202,768,1024,,"[194, 318, 512, 512]",50,1.807577018688813,2135232880
fork,520871,1024,680,,"[0, 45, 512, 512]",29,4.331183906260067,1006074700
fork,170670,1024,681,,"[512, 148, 512, 512]",32,6.453450491583366,1171239504
fork,356531,1024,768,,"[512, 256, 512, 512]",43,5.29956907226817,1754370252
fork,336053,1024,768,,"[161, 244, 512, 512]",30,8.135720924475056,1084998680
fork,292024,612,612,,"[100, 97, 512, 512]",46,2.755777541311419,1933072943
fork,231097,1024,768,,"[512, 0, 512, 512]",25,1.5602814767499709,825039645
fork,84664,612,612,,"[48, 100, 512, 512]",27,2.138665665159264,914582800
fork,405691,1024,683,,"[512, 171, 512, 512]",11,9.665034264254464,86984129
fork,123585,768,1024,,"[0, 233, 512, 512]",30,2.194970835064874,1058021795
fork,533206,1024,683,,"[0, 171, 512, 512]",29,3.0348849462685425,1014848104
fork,104669,800,600,,"[288, 88, 512, 512]",39,4.393507338605968,1521018998
fork,561889,1024,768,,"[483, 0, 512, 512]",28,6.610794772067163,946897390
fork,530146,800,800,,"[288, 76, 512, 512]",23,8.038865176023725,693415842
fork,493799,1024,772,,"[0, 22, 512, 512]",17,1.7078400439235306,411317620
fork,488166,577,1023,,"[0, 511, 512, 512]",40,9.381137078287315,1594737559
fork,99053,768,671,,"[256, 0, 512, 512]",20,7.865125519139077,548344684
fork,209142,1024,680,,"[30, 168, 512, 512]",10,3.888677059518759,27700026
fork,163611,1024,768,,"[0, 256, 512, 512]",46,2.7039881748540786,1901078373
fork,162092,1024,1024,,"[190, 252, 512, 512]",33,6.363575990083298,1245682962
fork,265518,612,612,,"[0, 100, 512, 512]",12,6.352203040853406,143465762
handbag,349184,685,1024,,"[139, 323, 512, 512]",31,8.832242835730762,1145441010
handbag,520707,1024,768,,"[0, 177, 512, 512]",25,3.5813548817879983,821827540
handbag,547336,1024,768,,"[494, 256, 512, 512]",26,6.428333350464056,847200043
handbag,74256,1024,768,,"[11, 256, 512, 512]",24,7.997806746281609,757855135
handbag,554002,1024,680,,"[0, 0, 512, 512]",35,7.444671666432088,1340589947
handbag,182805,960,540,,"[0, 28, 512, 512]",47,9.238421084414568,1938609420
handbag,377368,1024,769,,"[372, 0, 512, 512]",44,8.743542842645962,1786372013
handbag,534041,1024,768,,"[48, 0, 512, 512]",48,9.264138661438862,2014448640
handbag,378873,1024,681,,"[190, 0, 512, 512]",19,1.2392896102083748,500051954
handbag,530975,1024,768,,"[0, 155, 512, 512]",13,4.935232001165579,168571695
handbag,455716,1024,693,,"[512, 63, 512, 512]",17,5.364498942795593,388528798
handbag,401446,1024,768,,"[341, 62, 512, 512]",42,1.5863877763309675,1701289843
handbag,398377,1024,768,,"[0, 256, 512, 512]",22,1.0506344561145364,644859804
handbag,82986,1024,710,,"[37, 0, 512, 512]",48,8.475592932741314,2038980991
handbag,322610,1024,768,,"[100, 256, 512, 512]",27,9.84972019857558,906032039
handbag,172595,1024,576,,"[178, 64, 512, 512]",40,8.061488674054116,1579638338
handbag,295478,787,984,,"[152, 196, 512, 512]",32,3.8404314098044585,1182859276
handbag,259640,1024,683,,"[479, 171, 512, 512]",31,7.348003341305084,1131072087
handbag,237118,927,1024,,"[415, 512, 512, 512]",44,3.69262965878422,1827983318
handbag,334399,1024,768,,"[512, 96, 512, 512]",33,7.666736345881738,1217393872
handbag,16451,612,612,,"[100, 100, 512, 512]",10,3.517724977734583,29768455
handbag,78404,925,648,,"[346, 136, 512, 512]",16,8.043318237953184,335554307
handbag,157767,1024,683,,"[96, 171, 512, 512]",31,9.88966672205119,1130085198
handbag,121417,768,1024,,"[152, 301, 512, 512]",48,9.876146943522146,2002619399
handbag,356427,1024,683,,"[360, 171, 512, 512]",25,8.945763102970082,807025520
handbag,301135,684,1024,,"[139, 477, 512, 512]",12,9.21529046605526,126659316
handbag,186449,697,1023,,"[185, 20, 512, 512]",20,7.373862226928552,544610078
handbag,230993,1023,653,,"[324, 141, 512, 512]",19,5.990471895371578,502803994
handbag,554579,791,1024,,"[279, 239, 512, 512]",11,9.309143872631983,78112099
handbag,281687,800,600,,"[202, 88, 512, 512]",50,1.807577018688813,2135232880
handbag,413689,1024,682,,"[419, 125, 512, 512]",29,4.331183906260067,1006074700
handbag,202339,768,1024,,"[0, 270, 512, 512]",32,6.453450491583366,1171239504
handbag,511076,1024,683,,"[512, 132, 512, 512]",43,5.29956907226817,1754370252
handbag,87144,1024,768,,"[49, 103, 512, 512]",30,8.135720924475056,1084998680
handbag,297578,1024,576,,"[296, 64, 512, 512]",46,2.755777541311419,1933072943
handbag,373353,1024,684,,"[512, 172, 512, 512]",25,1.5602814767499709,825039645
handbag,494188,768,1024,,"[179, 185, 512, 512]",27,2.138665665159264,914582800
handbag,70254,1024,615,,"[0, 103, 512, 512]",11,9.665034264254464,86984129
handbag,456303,550,857,,"[38, 345, 512, 512]",30,2.194970835064874,1058021795
handbag,361586,930,523,,"[0, 11, 512, 512]",29,3.0348849462685425,1014848104
handbag,538236,1024,684,,"[93, 0, 512, 512]",39,4.393507338605968,1521018998
handbag,2685,1024,888,,"[512, 200, 512, 512]",28,6.610794772067163,946897390
handbag,156292,685,1023,,"[61, 511, 512, 512]",17,1.7078400439235306,411317620
handbag,566923,1023,681,,"[112, 0, 512, 512]",40,9.381137078287315,1594737559
handbag,361103,1024,683,,"[512, 171, 512, 512]",20,7.865125519139077,548344684
handbag,257169,768,1024,,"[252, 512, 512, 512]",10,3.888677059518759,27700026
handbag,334483,768,1024,,"[0, 464, 512, 512]",46,2.7039881748540786,1901078373
handbag,94871,768,1024,,"[183, 0, 512, 512]",33,6.363575990083298,1245682962
handbag,281754,671,1024,,"[0, 188, 512, 512]",12,6.352203040853406,143465762
handbag,241319,1024,761,,"[0, 145, 512, 512]",24,3.407215229474313,783154264
hot dog,20992,800,533,,"[0, 21, 512, 512]",31,8.832242835730762,1145441010
hot dog,460929,768,1024,,"[152, 512, 512, 512]",25,3.5813548817879983,821827540
hot dog,283268,1024,683,,"[263, 139, 512, 512]",26,6.428333350464056,847200043
hot dog,138241,768,1024,,"[116, 278, 512, 512]",24,7.997806746281609,757855135
hot dog,311950,717,1024,,"[102, 245, 512, 512]",35,7.444671666432088,1340589947
hot dog,320664,1024,768,,"[159, 256, 512, 512]",47,9.238421084414568,1938609420
hot dog,534041,1024,768,,"[314, 190, 512, 512]",44,8.743542842645962,1786372013
hot dog,468505,1024,768,,"[183, 255, 512, 512]",48,9.264138661438862,2014448640
hot dog,137246,1023,682,,"[334, 170, 512, 512]",19,1.2392896102083748,500051954
hot dog,157601,612,612,,"[0, 5, 512, 512]",13,4.935232001165579,168571695
hot dog,530975,1024,768,,"[173, 256, 512, 512]",17,5.364498942795593,388528798
hot dog,25386,683,1024,,"[171, 413, 512, 512]",42,1.5863877763309675,1701289843
hot dog,148662,1024,768,,"[0, 256, 512, 512]",22,1.0506344561145364,644859804
hot dog,210230,1023,731,,"[118, 219, 512, 512]",48,8.475592932741314,2038980991
hot dog,393014,1024,768,,"[512, 35, 512, 512]",27,9.84972019857558,906032039
hot dog,420281,768,1024,,"[53, 455, 512, 512]",40,8.061488674054116,1579638338
hot dog,179898,1024,768,,"[308, 252, 512, 512]",32,3.8404314098044585,1182859276
hot dog,399296,1024,768,,"[480, 0, 512, 512]",31,7.348003341305084,1131072087
hot dog,83531,1023,563,,"[179, 51, 512, 512]",44,3.69262965878422,1827983318
hot dog,581206,766,1024,,"[176, 360, 512, 512]",33,7.666736345881738,1217393872
hot dog,369757,1024,768,,"[182, 256, 512, 512]",10,3.517724977734583,29768455
hot dog,118367,1024,683,,"[221, 27, 512, 512]",16,8.043318237953184,335554307
hot dog,422886,1024,1024,,"[282, 307, 512, 512]",31,9.88966672205119,1130085198
hot dog,452084,769,768,,"[185, 61, 512, 512]",48,9.876146943522146,2002619399
hot dog,24567,768,1024,,"[0, 454, 512, 512]",25,8.945763102970082,807025520
hot dog,538236,1024,684,,"[481, 172, 512, 512]",12,9.21529046605526,126659316
keyboard,416256,1024,768,,"[191, 256, 512, 512]",31,8.832242835730762,1145441010
keyboard,555009,800,600,,"[163, 88, 512, 512]",25,3.5813548817879983,821827540
keyboard,387098,1024,768,,"[355, 240, 512, 512]",26,6.428333350464056,847200043
keyboard,248314,1024,768,,"[88, 75, 512, 512]",24,7.997806746281609,757855135
keyboard,172595,1024,576,,"[237, 23, 512, 512]",35,7.444671666432088,1340589947
keyboard,131138,1024,768,,"[293, 256, 512, 512]",47,9.238421084414568,1938609420
keyboard,119365,768,1024,,"[127, 333, 512, 512]",44,8.743542842645962,1786372013
keyboard,66635,1024,768,,"[329, 256, 512, 512]",48,9.264138661438862,2014448640
keyboard,356432,1023,665,,"[511, 153, 512, 512]",19,1.2392896102083748,500051954
keyboard,154705,1024,743,,"[354, 209, 512, 512]",13,4.935232001165579,168571695
keyboard,472678,1024,768,,"[112, 256, 512, 512]",17,5.364498942795593,388528798
keyboard,316015,1024,819,,"[204, 305, 512, 512]",42,1.5863877763309675,1701289843
keyboard,148620,800,600,,"[258, 88, 512, 512]",22,1.0506344561145364,644859804
keyboard,232088,1024,768,,"[512, 256, 512, 512]",48,8.475592932741314,2038980991
keyboard,345252,1024,766,,"[225, 254, 512, 512]",27,9.84972019857558,906032039
keyboard,524456,1024,768,,"[74, 3, 512, 512]",40,8.061488674054116,1579638338
keyboard,385719,1024,674,,"[0, 162, 512, 512]",32,3.8404314098044585,1182859276
keyboard,9400,1024,768,,"[512, 256, 512, 512]",31,7.348003341305084,1131072087
keyboard,507575,1024,768,,"[260, 190, 512, 512]",44,3.69262965878422,1827983318
keyboard,255165,1024,768,,"[199, 256, 512, 512]",33,7.666736345881738,1217393872
keyboard,135872,1024,683,,"[286, 35, 512, 512]",10,3.517724977734583,29768455
keyboard,179392,768,1024,,"[256, 512, 512, 512]",16,8.043318237953184,335554307
keyboard,553664,800,518,,"[288, 6, 512, 512]",31,9.88966672205119,1130085198
keyboard,97994,1024,683,,"[238, 171, 512, 512]",48,9.876146943522146,2002619399
keyboard,325838,1024,768,,"[296, 214, 512, 512]",25,8.945763102970082,807025520
keyboard,215778,1024,683,,"[249, 133, 512, 512]",12,9.21529046605526,126659316
keyboard,372466,1024,576,,"[0, 0, 512, 512]",20,7.373862226928552,544610078
keyboard,529148,1024,682,,"[0, 170, 512, 512]",19,5.990471895371578,502803994
keyboard,426241,800,600,,"[288, 85, 512, 512]",11,9.309143872631983,78112099
keyboard,9483,1024,768,,"[327, 256, 512, 512]",50,1.807577018688813,2135232880
keyboard,160556,1023,685,,"[390, 173, 512, 512]",29,4.331183906260067,1006074700
keyboard,516916,1024,768,,"[231, 120, 512, 512]",32,6.453450491583366,1171239504
keyboard,465718,1023,687,,"[241, 175, 512, 512]",43,5.29956907226817,1754370252
keyboard,435003,1024,683,,"[269, 169, 512, 512]",30,8.135720924475056,1084998680
keyboard,353096,800,551,,"[141, 39, 512, 512]",46,2.755777541311419,1933072943
keyboard,386912,1024,768,,"[159, 256, 512, 512]",25,1.5602814767499709,825039645
keyboard,37740,1024,768,,"[256, 122, 512, 512]",27,2.138665665159264,914582800
keyboard,301421,1024,683,,"[57, 170, 512, 512]",11,9.665034264254464,86984129
keyboard,189820,1024,683,,"[191, 64, 512, 512]",30,2.194970835064874,1058021795
keyboard,206218,1024,768,,"[512, 150, 512, 512]",29,3.0348849462685425,1014848104
keyboard,570782,1024,683,,"[383, 105, 512, 512]",39,4.393507338605968,1521018998
keyboard,186282,1024,683,,"[144, 171, 512, 512]",28,6.610794772067163,946897390
keyboard,571313,768,1024,,"[0, 341, 512, 512]",23,8.038865176023725,693415842
keyboard,26564,1024,681,,"[245, 169, 512, 512]",17,1.7078400439235306,411317620
keyboard,363461,1024,765,,"[348, 253, 512, 512]",40,9.381137078287315,1594737559
keyboard,333772,1024,768,,"[11, 236, 512, 512]",20,7.865125519139077,548344684
keyboard,302030,1023,574,,"[511, 0, 512, 512]",10,3.888677059518759,27700026
keyboard,147415,1024,768,,"[132, 256, 512, 512]",46,2.7039881748540786,1901078373
keyboard,225757,1024,753,,"[113, 241, 512, 512]",33,6.363575990083298,1245682962
keyboard,371677,1024,768,,"[418, 256, 512, 512]",12,6.352203040853406,143465762
laptop,555009,800,600,,"[0, 88, 512, 512]",31,8.832242835730762,1145441010
laptop,435208,768,1024,,"[52, 217, 512, 512]",25,3.5813548817879983,821827540
laptop,387098,1024,768,,"[356, 169, 512, 512]",26,6.428333350464056,847200043
laptop,24610,1024,768,,"[0, 198, 512, 512]",24,7.997806746281609,757855135
laptop,344100,1000,667,,"[0, 0, 512, 512]",35,7.444671666432088,1340589947
laptop,11813,533,800,,"[0, 288, 512, 512]",47,9.238421084414568,1938609420
laptop,433192,1024,768,,"[159, 124, 512, 512]",44,8.743542842645962,1786372013
laptop,368684,1024,768,,"[0, 256, 512, 512]",48,9.264138661438862,2014448640
laptop,332845,1024,768,,"[229, 165, 512, 512]",19,1.2392896102083748,500051954
laptop,89648,1024,683,,"[512, 2, 512, 512]",13,4.935232001165579,168571695
laptop,379441,1024,768,,"[0, 256, 512, 512]",17,5.364498942795593,388528798
laptop,172595,1024,576,,"[195, 0, 512, 512]",42,1.5863877763309675,1701289843
laptop,16439,1024,768,,"[147, 160, 512, 512]",22,1.0506344561145364,644859804
laptop,413247,1024,681,,"[0, 169, 512, 512]",48,8.475592932741314,2038980991
laptop,131138,1024,768,,"[355, 65, 512, 512]",27,9.84972019857558,906032039
laptop,527427,1024,768,,"[27, 115, 512, 512]",40,8.061488674054116,1579638338
laptop,492110,1024,683,,"[74, 171, 512, 512]",32,3.8404314098044585,1182859276
laptop,166478,1023,681,,"[4, 169, 512, 512]",31,7.348003341305084,1131072087
laptop,154705,1024,743,,"[156, 124, 512, 512]",44,3.69262965878422,1827983318
laptop,77396,1024,768,,"[46, 37, 512, 512]",33,7.666736345881738,1217393872
laptop,519764,1024,768,,"[0, 0, 512, 512]",10,3.517724977734583,29768455
laptop,222299,800,600,,"[288, 0, 512, 512]",16,8.043318237953184,335554307
laptop,292446,612,612,,"[0, 0, 512, 512]",31,9.88966672205119,1130085198
laptop,244833,1023,685,,"[318, 0, 512, 512]",48,9.876146943522146,2002619399
laptop,477805,1024,683,,"[1, 171, 512, 512]",25,8.945763102970082,807025520
laptop,316015,1024,819,,"[0, 307, 512, 512]",12,9.21529046605526,126659316
laptop,564336,1024,576,,"[80, 22, 512, 512]",20,7.373862226928552,544610078
laptop,63602,1024,680,,"[233, 168, 512, 512]",19,5.990471895371578,502803994
laptop,287347,765,1024,,"[0, 512, 512, 512]",11,9.309143872631983,78112099
laptop,148620,800,600,,"[0, 78, 512, 512]",50,1.807577018688813,2135232880
laptop,232088,1024,768,,"[512, 256, 512, 512]",29,4.331183906260067,1006074700
laptop,513688,1024,768,,"[512, 16, 512, 512]",32,6.453450491583366,1171239504
laptop,482970,1024,576,,"[261, 64, 512, 512]",43,5.29956907226817,1754370252
laptop,112798,1023,574,,"[0, 0, 512, 512]",30,8.135720924475056,1084998680
laptop,367095,1024,683,,"[232, 128, 512, 512]",46,2.755777541311419,1933072943
laptop,345252,1024,766,,"[0, 100, 512, 512]",25,1.5602814767499709,825039645
laptop,385719,1024,674,,"[265, 158, 512, 512]",27,2.138665665159264,914582800
laptop,9400,1024,768,,"[349, 256, 512, 512]",11,9.665034264254464,86984129
laptop,507575,1024,768,,"[19, 0, 512, 512]",30,2.194970835064874,1058021795
laptop,4795,1024,768,,"[0, 256, 512, 512]",29,3.0348849462685425,1014848104
laptop,255165,1024,768,,"[0, 256, 512, 512]",39,4.393507338605968,1521018998
laptop,135872,1024,683,,"[129, 101, 512, 512]",28,6.610794772067163,946897390
laptop,497344,800,533,,"[0, 21, 512, 512]",23,8.038865176023725,693415842
laptop,553664,800,518,,"[260, 6, 512, 512]",17,1.7078400439235306,411317620
laptop,553669,1024,768,,"[19, 162, 512, 512]",40,9.381137078287315,1594737559
laptop,97994,1024,683,,"[0, 171, 512, 512]",20,7.865125519139077,548344684
laptop,466125,683,1024,,"[171, 319, 512, 512]",10,3.888677059518759,27700026
laptop,325838,1024,768,,"[495, 169, 512, 512]",46,2.7039881748540786,1901078373
laptop,134882,769,768,,"[257, 230, 512, 512]",33,6.363575990083298,1245682962
laptop,232684,1024,683,,"[26, 171, 512, 512]",12,6.352203040853406,143465762
microwave,425226,768,1024,,"[0, 82, 512, 512]",31,8.832242835730762,1145441010
microwave,488075,1024,768,,"[367, 0, 512, 512]",25,3.5813548817879983,821827540
microwave,522007,1024,768,,"[512, 256, 512, 512]",26,6.428333350464056,847200043
microwave,109976,1024,768,,"[172, 0, 512, 512]",24,7.997806746281609,757855135
microwave,508312,1023,682,,"[511, 93, 512, 512]",35,7.444671666432088,1340589947
microwave,482719,1024,768,,"[512, 0, 512, 512]",47,9.238421084414568,1938609420
microwave,498463,1024,768,,"[512, 91, 512, 512]",44,8.743542842645962,1786372013
microwave,246436,768,1024,,"[192, 287, 512, 512]",48,9.264138661438862,2014448640
microwave,466986,1024,764,,"[0, 135, 512, 512]",19,1.2392896102083748,500051954
microwave,313130,1024,768,,"[471, 26, 512, 512]",13,4.935232001165579,168571695
microwave,397354,1024,768,,"[0, 165, 512, 512]",17,5.364498942795593,388528798
microwave,577584,668,1023,,"[135, 142, 512, 512]",42,1.5863877763309675,1701289843
microwave,216497,1024,768,,"[244, 44, 512, 512]",22,1.0506344561145364,644859804
microwave,571313,768,1024,,"[0, 243, 512, 512]",48,8.475592932741314,2038980991
microwave,207538,800,600,,"[155, 88, 512, 512]",27,9.84972019857558,906032039
microwave,453302,1024,768,,"[155, 161, 512, 512]",40,8.061488674054116,1579638338
microwave,407614,1024,681,,"[351, 75, 512, 512]",32,3.8404314098044585,1182859276
microwave,365766,1024,768,,"[0, 51, 512, 512]",31,7.348003341305084,1131072087
microwave,520264,1024,768,,"[20, 256, 512, 512]",44,3.69262965878422,1827983318
microwave,419653,1024,768,,"[0, 23, 512, 512]",33,7.666736345881738,1217393872
microwave,173008,1024,768,,"[375, 0, 512, 512]",10,3.517724977734583,29768455
microwave,14038,1024,683,,"[59, 171, 512, 512]",16,8.043318237953184,335554307
microwave,445658,1024,683,,"[512, 85, 512, 512]",31,9.88966672205119,1130085198
microwave,215644,1024,768,,"[276, 195, 512, 512]",48,9.876146943522146,2002619399
microwave,91615,1004,667,,"[492, 0, 512, 512]",25,8.945763102970082,807025520
microwave,68833,1024,768,,"[484, 104, 512, 512]",12,9.21529046605526,126659316
microwave,186980,731,1023,,"[219, 126, 512, 512]",20,7.373862226928552,544610078
microwave,237928,731,1024,,"[0, 184, 512, 512]",19,5.990471895371578,502803994
microwave,444275,1024,768,,"[417, 80, 512, 512]",11,9.309143872631983,78112099
motorcycle,402433,1024,682,,"[143, 0, 512, 512]",31,8.832242835730762,1145441010
motorcycle,102411,1024,683,,"[227, 171, 512, 512]",25,3.5813548817879983,821827540
motorcycle,8211,1024,734,,"[58, 121, 512, 512]",26,6.428333350464056,847200043
motorcycle,356387,994,666,,"[148, 154, 512, 512]",24,7.997806746281609,757855135
motorcycle,513580,1024,774,,"[28, 262, 512, 512]",35,7.444671666432088,1340589947
motorcycle,396338,1024,683,,"[341, 124, 512, 512]",47,9.238421084414568,1938609420
motorcycle,433204,1024,768,,"[190, 202, 512, 512]",44,8.743542842645962,1786372013
motorcycle,33854,1024,683,,"[389, 125, 512, 512]",48,9.264138661438862,2014448640
motorcycle,227399,1024,771,,"[512, 165, 512, 512]",19,1.2392896102083748,500051954
motorcycle,69213,1024,683,,"[512, 44, 512, 512]",13,4.935232001165579,168571695
motorcycle,226417,800,533,,"[257, 21, 512, 512]",17,5.364498942795593,388528798
motorcycle,70774,903,600,,"[100, 88, 512, 512]",42,1.5863877763309675,1701289843
motorcycle,203389,720,540,,"[84, 28, 512, 512]",22,1.0506344561145364,644859804
motorcycle,140420,1024,684,,"[424, 172, 512, 512]",48,8.475592932741314,2038980991
motorcycle,7816,1024,683,,"[310, 154, 512, 512]",27,9.84972019857558,906032039
motorcycle,165518,612,612,,"[91, 100, 512, 512]",40,8.061488674054116,1579638338
motorcycle,19109,1023,685,,"[0, 173, 512, 512]",32,3.8404314098044585,1182859276
motorcycle,214192,1023,698,,"[400, 186, 512, 512]",31,7.348003341305084,1131072087
motorcycle,246963,845,555,,"[333, 43, 512, 512]",44,3.69262965878422,1827983318
motorcycle,446651,1024,682,,"[512, 170, 512, 512]",33,7.666736345881738,1217393872
motorcycle,192699,1023,731,,"[511, 219, 512, 512]",10,3.517724977734583,29768455
motorcycle,245448,1024,768,,"[367, 181, 512, 512]",16,8.043318237953184,335554307
motorcycle,296649,1024,683,,"[297, 171, 512, 512]",31,9.88966672205119,1130085198
motorcycle,145620,1023,698,,"[329, 127, 512, 512]",48,9.876146943522146,2002619399
motorcycle,119516,1024,683,,"[512, 157, 512, 512]",25,8.945763102970082,807025520
motorcycle,574702,533,800,,"[21, 288, 512, 512]",12,9.21529046605526,126659316
motorcycle,441586,1024,680,,"[356, 168, 512, 512]",20,7.373862226928552,544610078
motorcycle,135410,768,1024,,"[177, 236, 512, 512]",19,5.990471895371578,502803994
motorcycle,259830,680,1024,,"[0, 477, 512, 512]",11,9.309143872631983,78112099
motorcycle,11511,1023,743,,"[511, 0, 512, 512]",50,1.807577018688813,2135232880
motorcycle,538364,1024,768,,"[448, 195, 512, 512]",29,4.331183906260067,1006074700
motorcycle,177934,1024,768,,"[62, 194, 512, 512]",32,6.453450491583366,1171239504
motorcycle,480021,1024,753,,"[344, 241, 512, 512]",43,5.29956907226817,1754370252
motorcycle,48924,1024,680,,"[345, 155, 512, 512]",30,8.135720924475056,1084998680
motorcycle,147740,800,600,,"[0, 88, 512, 512]",46,2.755777541311419,1933072943
motorcycle,380706,1023,681,,"[280, 169, 512, 512]",25,1.5602814767499709,825039645
motorcycle,178982,1024,683,,"[297, 171, 512, 512]",27,2.138665665159264,914582800
motorcycle,534827,612,612,,"[100, 100, 512, 512]",11,9.665034264254464,86984129
motorcycle,165681,1024,710,,"[433, 198, 512, 512]",30,2.194970835064874,1058021795
motorcycle,18737,800,534,,"[272, 22, 512, 512]",29,3.0348849462685425,1014848104
motorcycle,122166,1024,768,,"[0, 256, 512, 512]",39,4.393507338605968,1521018998
motorcycle,472375,612,612,,"[54, 0, 512, 512]",28,6.610794772067163,946897390
motorcycle,578871,768,1024,,"[256, 0, 512, 512]",23,8.038865176023725,693415842
motorcycle,276284,800,1023,,"[236, 329, 512, 512]",17,1.7078400439235306,411317620
motorcycle,579902,889,1024,,"[172, 469, 512, 512]",40,9.381137078287315,1594737559
motorcycle,54593,1024,683,,"[0, 1, 512, 512]",20,7.865125519139077,548344684
motorcycle,454978,1024,640,,"[33, 128, 512, 512]",10,3.888677059518759,27700026
motorcycle,399205,1024,768,,"[0, 59, 512, 512]",46,2.7039881748540786,1901078373
motorcycle,336232,1024,683,,"[0, 170, 512, 512]",12,6.352203040853406,143465762
motorcycle,226154,822,651,,"[0, 139, 512, 512]",24,3.407215229474313,783154264
mouse,555009,800,600,,"[288, 88, 512, 512]",31,8.832242835730762,1145441010
mouse,387098,1024,768,,"[512, 227, 512, 512]",25,3.5813548817879983,821827540
mouse,409630,1024,768,,"[512, 174, 512, 512]",26,6.428333350464056,847200043
mouse,248314,1024,768,,"[194, 256, 512, 512]",24,7.997806746281609,757855135
mouse,413247,1024,681,,"[198, 169, 512, 512]",35,7.444671666432088,1340589947
mouse,66635,1024,768,,"[512, 256, 512, 512]",47,9.238421084414568,1938609420
mouse,15497,1024,768,,"[59, 256, 512, 512]",44,8.743542842645962,1786372013
mouse,366225,865,1024,,"[353, 512, 512, 512]",48,9.264138661438862,2014448640
mouse,513688,1024,768,,"[512, 233, 512, 512]",19,1.2392896102083748,500051954
mouse,68765,1024,768,,"[0, 0, 512, 512]",13,4.935232001165579,168571695
mouse,524456,1024,768,,"[506, 256, 512, 512]",17,5.364498942795593,388528798
mouse,38576,700,1024,,"[180, 512, 512, 512]",42,1.5863877763309675,1701289843
mouse,9400,1024,768,,"[512, 256, 512, 512]",22,1.0506344561145364,644859804
mouse,215778,1024,683,,"[512, 164, 512, 512]",48,8.475592932741314,2038980991
mouse,372466,1024,576,,"[8, 11, 512, 512]",27,9.84972019857558,906032039
mouse,378099,1024,539,,"[512, 27, 512, 512]",40,8.061488674054116,1579638338
mouse,529148,1024,682,,"[198, 170, 512, 512]",32,3.8404314098044585,1182859276
mouse,294162,768,1024,,"[256, 503, 512, 512]",31,7.348003341305084,1131072087
mouse,549674,1024,768,,"[512, 256, 512, 512]",44,3.69262965878422,1827983318
mouse,554291,1024,684,,"[0, 172, 512, 512]",33,7.666736345881738,1217393872
mouse,465718,1023,687,,"[511, 175, 512, 512]",10,3.517724977734583,29768455
mouse,248631,1024,768,,"[512, 256, 512, 512]",16,8.043318237953184,335554307
mouse,348481,1024,768,,"[512, 91, 512, 512]",31,9.88966672205119,1130085198
mouse,353096,800,551,,"[288, 39, 512, 512]",48,9.876146943522146,2002619399
mouse,301421,1024,683,,"[325, 171, 512, 512]",25,8.945763102970082,807025520
mouse,520077,1024,683,,"[512, 39, 512, 512]",12,9.21529046605526,126659316
mouse,546717,753,1024,,"[7, 512, 512, 512]",20,7.373862226928552,544610078
mouse,340894,1024,768,,"[512, 256, 512, 512]",19,5.990471895371578,502803994
mouse,186282,1024,683,,"[417, 171, 512, 512]",11,9.309143872631983,78112099
mouse,26564,1024,681,,"[457, 169, 512, 512]",50,1.807577018688813,2135232880
mouse,363461,1024,765,,"[130, 253, 512, 512]",29,4.331183906260067,1006074700
mouse,333772,1024,768,,"[382, 256, 512, 512]",32,6.453450491583366,1171239504
mouse,225757,1024,753,,"[303, 241, 512, 512]",43,5.29956907226817,1754370252
mouse,371677,1024,768,,"[512, 256, 512, 512]",30,8.135720924475056,1084998680
mouse,108026,1023,685,,"[5, 0, 512, 512]",46,2.755777541311419,1933072943
mouse,21503,1024,768,,"[512, 0, 512, 512]",25,1.5602814767499709,825039645
orange,529966,1024,673,,"[36, 74, 512, 512]",31,8.832242835730762,1145441010
orange,184384,1024,768,,"[424, 256, 512, 512]",25,3.5813548817879983,821827540
orange,128598,768,1024,,"[256, 512, 512, 512]",26,6.428333350464056,847200043
orange,567898,1023,727,,"[511, 215, 512, 512]",24,7.997806746281609,757855135
orange,231527,601,900,,"[89, 37, 512, 512]",35,7.444671666432088,1340589947
orange,366711,683,1024,,"[107, 359, 512, 512]",47,9.238421084414568,1938609420
orange,560256,1024,768,,"[512, 256, 512, 512]",44,8.743542842645962,1786372013
orange,248980,800,600,,"[74, 39, 512, 512]",48,9.264138661438862,2014448640
orange,167572,1024,680,,"[25, 168, 512, 512]",19,1.2392896102083748,500051954
orange,189078,1000,667,,"[351, 84, 512, 512]",13,4.935232001165579,168571695
orange,217753,1024,768,,"[512, 256, 512, 512]",17,5.364498942795593,388528798
orange,119452,1024,768,,"[0, 256, 512, 512]",42,1.5863877763309675,1701289843
orange,386210,765,1024,,"[164, 123, 512, 512]",22,1.0506344561145364,644859804
orange,509131,1024,680,,"[219, 168, 512, 512]",48,8.475592932741314,2038980991
orange,50896,1024,1024,,"[159, 109, 512, 512]",27,9.84972019857558,906032039
orange,479448,800,600,,"[288, 88, 512, 512]",40,8.061488674054116,1579638338
orange,369370,720,540,,"[30, 0, 512, 512]",32,3.8404314098044585,1182859276
orange,104669,800,600,,"[278, 31, 512, 512]",31,7.348003341305084,1131072087
orange,148707,1024,768,,"[306, 112, 512, 512]",44,3.69262965878422,1827983318
orange,386277,1024,684,,"[292, 124, 512, 512]",33,7.666736345881738,1217393872
orange,462576,1024,768,,"[236, 256, 512, 512]",10,3.517724977734583,29768455
orange,63740,1024,768,,"[200, 243, 512, 512]",16,8.043318237953184,335554307
orange,185599,1024,768,,"[512, 0, 512, 512]",31,9.88966672205119,1130085198
orange,544565,1024,1024,,"[303, 215, 512, 512]",48,9.876146943522146,2002619399
orange,496954,1024,768,,"[512, 9, 512, 512]",25,8.945763102970082,807025520
orange,280891,667,1000,,"[134, 464, 512, 512]",12,9.21529046605526,126659316
orange,409424,768,1024,,"[256, 420, 512, 512]",20,7.373862226928552,544610078
orange,352618,1024,681,,"[461, 169, 512, 512]",19,5.990471895371578,502803994
orange,397681,1024,1024,,"[512, 512, 512, 512]",11,9.309143872631983,78112099
orange,193926,799,595,,"[0, 0, 512, 512]",50,1.807577018688813,2135232880
orange,322959,612,612,,"[100, 0, 512, 512]",29,4.331183906260067,1006074700
orange,110999,574,1024,,"[14, 401, 512, 512]",32,6.453450491583366,1171239504
orange,45472,1023,685,,"[511, 160, 512, 512]",43,5.29956907226817,1754370252
orange,463283,612,612,,"[100, 16, 512, 512]",30,8.135720924475056,1084998680
orange,60855,1024,816,,"[293, 267, 512, 512]",46,2.755777541311419,1933072943
orange,283070,1023,685,,"[241, 89, 512, 512]",25,1.5602814767499709,825039645
orange,276434,1024,683,,"[217, 171, 512, 512]",27,2.138665665159264,914582800
orange,6614,1024,811,,"[183, 70, 512, 512]",11,9.665034264254464,86984129
orange,184791,1024,800,,"[314, 241, 512, 512]",30,2.194970835064874,1058021795
orange,376307,768,1024,,"[0, 313, 512, 512]",29,3.0348849462685425,1014848104
orange,50679,1024,683,,"[129, 74, 512, 512]",39,4.393507338605968,1521018998
oven,243204,768,1024,,"[0, 501, 512, 512]",31,8.832242835730762,1145441010
oven,30213,1024,719,,"[0, 143, 512, 512]",25,3.5813548817879983,821827540
oven,565776,1024,673,,"[255, 148, 512, 512]",26,6.428333350464056,847200043
oven,458768,1024,683,,"[512, 171, 512, 512]",24,7.997806746281609,757855135
oven,262682,683,1024,,"[0, 426, 512, 512]",35,7.444671666432088,1340589947
oven,429598,1024,768,,"[400, 144, 512, 512]",47,9.238421084414568,1938609420
oven,494634,1024,768,,"[140, 0, 512, 512]",44,8.743542842645962,1786372013
oven,397354,1024,768,,"[0, 225, 512, 512]",48,9.264138661438862,2014448640
oven,485424,1024,768,,"[344, 63, 512, 512]",19,1.2392896102083748,500051954
oven,407614,1024,681,,"[340, 169, 512, 512]",13,4.935232001165579,168571695
oven,330818,682,1024,,"[170, 512, 512, 512]",17,5.364498942795593,388528798
oven,137294,1024,683,,"[222, 171, 512, 512]",42,1.5863877763309675,1701289843
oven,186980,731,1023,,"[219, 314, 512, 512]",22,1.0506344561145364,644859804
oven,222825,683,1024,,"[171, 482, 512, 512]",48,8.475592932741314,2038980991
oven,322163,1024,768,,"[34, 0, 512, 512]",27,9.84972019857558,906032039
oven,419974,681,1024,,"[0, 278, 512, 512]",40,8.061488674054116,1579638338
oven,437898,1024,683,,"[447, 171, 512, 512]",32,3.8404314098044585,1182859276
oven,488075,1024,768,,"[355, 33, 512, 512]",31,7.348003341305084,1131072087
oven,384661,800,600,,"[17, 0, 512, 512]",44,3.69262965878422,1827983318
oven,529568,650,867,,"[0, 355, 512, 512]",33,7.666736345881738,1217393872
oven,246436,768,1024,,"[256, 512, 512, 512]",10,3.517724977734583,29768455
oven,226984,1024,683,,"[293, 160, 512, 512]",16,8.043318237953184,335554307
oven,447169,1024,768,,"[0, 256, 512, 512]",31,9.88966672205119,1130085198
oven,365766,1024,768,,"[0, 256, 512, 512]",48,9.876146943522146,2002619399
oven,507081,640,640,,"[128, 128, 512, 512]",25,8.945763102970082,807025520
oven,308430,1024,768,,"[0, 256, 512, 512]",12,9.21529046605526,126659316
oven,445658,1024,683,,"[88, 171, 512, 512]",20,7.373862226928552,544610078
oven,382696,1024,768,,"[246, 164, 512, 512]",19,5.990471895371578,502803994
oven,44279,1000,664,,"[0, 106, 512, 512]",11,9.309143872631983,78112099
oven,84241,1023,634,,"[511, 31, 512, 512]",50,1.807577018688813,2135232880
oven,522007,1024,768,,"[492, 256, 512, 512]",29,4.331183906260067,1006074700
oven,802,679,1024,,"[0, 392, 512, 512]",32,6.453450491583366,1171239504
oven,248111,1024,683,,"[317, 171, 512, 512]",43,5.29956907226817,1754370252
oven,56127,928,1024,,"[43, 360, 512, 512]",30,8.135720924475056,1084998680
oven,419653,1024,768,,"[0, 0, 512, 512]",46,2.755777541311419,1933072943
oven,397133,1024,683,,"[0, 85, 512, 512]",25,1.5602814767499709,825039645
oven,182611,768,1024,,"[0, 289, 512, 512]",27,2.138665665159264,914582800
oven,203095,1024,768,,"[0, 165, 512, 512]",11,9.665034264254464,86984129
oven,280930,1000,664,,"[0, 152, 512, 512]",30,2.194970835064874,1058021795
oven,64868,800,600,,"[262, 88, 512, 512]",29,3.0348849462685425,1014848104
oven,33638,680,1024,,"[168, 512, 512, 512]",39,4.393507338605968,1521018998
oven,237928,731,1024,,"[0, 296, 512, 512]",28,6.610794772067163,946897390
oven,211825,1024,768,,"[512, 10, 512, 512]",23,8.038865176023725,693415842
oven,480122,1024,1024,,"[0, 376, 512, 512]",17,1.7078400439235306,411317620
oven,527750,683,1024,,"[0, 363, 512, 512]",40,9.381137078287315,1594737559
oven,519569,533,800,,"[21, 145, 512, 512]",20,7.865125519139077,548344684
oven,109976,1024,768,,"[137, 111, 512, 512]",10,3.888677059518759,27700026
oven,508312,1023,682,,"[511, 170, 512, 512]",46,2.7039881748540786,1901078373
oven,298396,1024,768,,"[512, 75, 512, 512]",33,6.363575990083298,1245682962
oven,458663,950,631,,"[278, 119, 512, 512]",12,6.352203040853406,143465762
person,532481,800,532,,"[101, 0, 512, 512]",31,8.832242835730762,1145441010
person,385029,800,600,,"[0, 88, 512, 512]",25,3.5813548817879983,821827540
person,311303,1024,683,,"[0, 0, 512, 512]",26,6.428333350464056,847200043
person,393226,1024,768,,"[0, 168, 512, 512]",24,7.997806746281609,757855135
person,532493,1024,653,,"[169, 0, 512, 512]",35,7.444671666432088,1340589947
person,8211,1024,734,,"[456, 165, 512, 512]",47,9.238421084414568,1938609420
person,327701,1023,685,,"[393, 173, 512, 512]",44,8.743542842645962,1786372013
person,434204,1024,683,,"[106, 0, 512, 512]",48,9.264138661438862,2014448640
person,466986,1024,764,,"[305, 218, 512, 512]",19,1.2392896102083748,500051954
person,213035,1024,683,,"[0, 108, 512, 512]",13,4.935232001165579,168571695
person,188465,1023,727,,"[191, 215, 512, 512]",17,5.364498942795593,388528798
person,254016,768,1024,,"[256, 0, 512, 512]",42,1.5863877763309675,1701289843
person,81988,1024,683,,"[372, 140, 512, 512]",22,1.0506344561145364,644859804
person,122962,1024,678,,"[137, 0, 512, 512]",48,8.475592932741314,2038980991
person,442463,768,1024,,"[213, 311, 512, 512]",27,9.84972019857558,906032039
person,311392,1024,683,,"[512, 69, 512, 512]",40,8.061488674054116,1579638338
person,49259,683,1024,,"[104, 0, 512, 512]",32,3.8404314098044585,1182859276
person,368752,768,1024,,"[256, 1, 512, 512]",31,7.348003341305084,1131072087
person,319607,1024,1024,,"[99, 511, 512, 512]",44,3.69262965878422,1827983318
person,32901,720,614,,"[0, 102, 512, 512]",33,7.666736345881738,1217393872
person,180383,1024,768,,"[329, 0, 512, 512]",10,3.517724977734583,29768455
person,278705,1024,768,,"[0, 67, 512, 512]",16,8.043318237953184,335554307
person,336053,1024,768,,"[0, 0, 512, 512]",31,9.88966672205119,1130085198
person,114884,803,528,,"[291, 16, 512, 512]",48,9.876146943522146,2002619399
person,508101,1024,768,,"[418, 199, 512, 512]",25,8.945763102970082,807025520
person,360661,1024,768,,"[146, 91, 512, 512]",12,9.21529046605526,126659316
person,426203,567,851,,"[55, 26, 512, 512]",20,7.373862226928552,544610078
person,278749,1024,683,,"[10, 39, 512, 512]",19,5.990471895371578,502803994
person,516318,1024,683,,"[445, 146, 512, 512]",11,9.309143872631983,78112099
person,467176,1023,685,,"[283, 173, 512, 512]",50,1.807577018688813,2135232880
person,33005,1023,682,,"[225, 130, 512, 512]",29,4.331183906260067,1006074700
person,475387,1024,690,,"[512, 155, 512, 512]",32,6.453450491583366,1171239504
person,393469,768,1024,,"[150, 466, 512, 512]",43,5.29956907226817,1754370252
person,57597,1024,681,,"[351, 119, 512, 512]",30,8.135720924475056,1084998680
person,426241,800,600,,"[288, 0, 512, 512]",46,2.755777541311419,1933072943
person,65798,1024,768,,"[512, 256, 512, 512]",25,1.5602814767499709,825039645
person,229659,1024,768,,"[151, 35, 512, 512]",27,2.138665665159264,914582800
person,147740,800,600,,"[0, 53, 512, 512]",11,9.665034264254464,86984129
person,426268,1024,683,,"[210, 0, 512, 512]",30,2.194970835064874,1058021795
person,434459,1023,731,,"[127, 19, 512, 512]",29,3.0348849462685425,1014848104
person,205105,1023,685,,"[100, 173, 512, 512]",39,4.393507338605968,1521018998
person,278848,768,1024,,"[0, 512, 512, 512]",28,6.610794772067163,946897390
person,74058,1024,683,,"[4, 109, 512, 512]",23,8.038865176023725,693415842
person,123213,1024,627,,"[295, 115, 512, 512]",17,1.7078400439235306,411317620
person,336209,1024,691,,"[268, 73, 512, 512]",40,9.381137078287315,1594737559
person,180560,800,533,,"[279, 21, 512, 512]",20,7.865125519139077,548344684
person,262487,1024,768,,"[44, 126, 512, 512]",10,3.888677059518759,27700026
person,491867,768,1024,,"[256, 162, 512, 512]",46,2.7039881748540786,1901078373
person,393569,1024,768,,"[501, 114, 512, 512]",33,6.363575990083298,1245682962
person,549220,768,1024,,"[252, 0, 512, 512]",12,6.352203040853406,143465762
pizza,491008,1024,683,,"[291, 171, 512, 512]",31,8.832242835730762,1145441010
pizza,402433,1024,682,,"[332, 170, 512, 512]",25,3.5813548817879983,821827540
pizza,25603,1024,768,,"[0, 256, 512, 512]",26,6.428333350464056,847200043
pizza,385029,800,600,,"[203, 88, 512, 512]",24,7.997806746281609,757855135
pizza,547854,640,640,,"[4, 128, 512, 512]",35,7.444671666432088,1340589947
pizza,513041,1024,768,,"[203, 178, 512, 512]",47,9.238421084414568,1938609420
pizza,146457,1024,768,,"[471, 174, 512, 512]",44,8.743542842645962,1786372013
pizza,189475,1024,768,,"[325, 256, 512, 512]",48,9.264138661438862,2014448640
pizza,265777,612,612,,"[25, 100, 512, 512]",19,1.2392896102083748,500051954
pizza,146489,1024,768,,"[499, 69, 512, 512]",13,4.935232001165579,168571695
pizza,520264,1024,768,,"[0, 256, 512, 512]",17,5.364498942795593,388528798
pizza,334417,1024,677,,"[240, 120, 512, 512]",42,1.5863877763309675,1701289843
pizza,369757,1024,768,,"[398, 26, 512, 512]",22,1.0506344561145364,644859804
pizza,292446,612,612,,"[90, 100, 512, 512]",48,8.475592932741314,2038980991
pizza,287347,765,1024,,"[194, 411, 512, 512]",27,9.84972019857558,906032039
pizza,476787,1024,768,,"[251, 256, 512, 512]",40,8.061488674054116,1579638338
pizza,322163,1024,768,,"[34, 256, 512, 512]",32,3.8404314098044585,1182859276
pizza,240250,612,612,,"[100, 100, 512, 512]",31,7.348003341305084,1131072087
pizza,161925,768,1024,,"[85, 253, 512, 512]",44,3.69262965878422,1827983318
pizza,289415,1023,685,,"[178, 91, 512, 512]",33,7.666736345881738,1217393872
pizza,441491,1024,768,,"[310, 228, 512, 512]",10,3.517724977734583,29768455
pizza,473237,800,533,,"[45, 21, 512, 512]",16,8.043318237953184,335554307
pizza,246436,768,1024,,"[256, 512, 512, 512]",31,9.88966672205119,1130085198
pizza,382125,1024,768,,"[143, 256, 512, 512]",48,9.876146943522146,2002619399
pizza,292024,612,612,,"[100, 100, 512, 512]",25,8.945763102970082,807025520
pizza,194746,1024,768,,"[303, 30, 512, 512]",12,9.21529046605526,126659316
pizza,140987,680,1024,,"[63, 491, 512, 512]",20,7.373862226928552,544610078
pizza,192191,768,1024,,"[84, 492, 512, 512]",19,5.990471895371578,502803994
pizza,99039,1024,768,,"[109, 256, 512, 512]",11,9.309143872631983,78112099
pizza,488166,577,1023,,"[0, 511, 512, 512]",50,1.807577018688813,2135232880
pizza,353027,1024,679,,"[73, 0, 512, 512]",29,4.331183906260067,1006074700
pizza,513283,1024,832,,"[0, 320, 512, 512]",32,6.453450491583366,1171239504
pizza,91406,1024,678,,"[62, 166, 512, 512]",43,5.29956907226817,1754370252
pizza,106266,1024,768,,"[512, 237, 512, 512]",30,8.135720924475056,1084998680
pizza,323355,768,1024,,"[37, 423, 512, 512]",46,2.755777541311419,1933072943
pizza,376093,1024,768,,"[0, 256, 512, 512]",25,1.5602814767499709,825039645
pizza,296222,1024,768,,"[367, 256, 512, 512]",27,2.138665665159264,914582800
pizza,17714,1024,768,,"[117, 256, 512, 512]",11,9.665034264254464,86984129
pizza,189752,1024,768,,"[512, 202, 512, 512]",30,2.194970835064874,1058021795
pizza,173371,612,612,,"[0, 0, 512, 512]",29,3.0348849462685425,1014848104
pizza,276285,683,1024,,"[54, 216, 512, 512]",39,4.393507338605968,1521018998
pizza,324927,768,1024,,"[92, 512, 512, 512]",28,6.610794772067163,946897390
pizza,258883,682,1024,,"[6, 319, 512, 512]",23,8.038865176023725,693415842
pizza,286553,1024,768,,"[0, 256, 512, 512]",17,1.7078400439235306,411317620
pizza,290163,819,1024,,"[266, 496, 512, 512]",40,9.381137078287315,1594737559
pizza,180101,1024,768,,"[0, 141, 512, 512]",20,7.865125519139077,548344684
pizza,435081,1024,1024,,"[512, 512, 512, 512]",10,3.888677059518759,27700026
pizza,425361,1024,785,,"[436, 273, 512, 512]",46,2.7039881748540786,1901078373
pizza,424349,1024,682,,"[295, 92, 512, 512]",33,6.363575990083298,1245682962
pizza,127394,654,1024,,"[0, 293, 512, 512]",12,6.352203040853406,143465762
potted plant,491008,1024,683,,"[0, 92, 512, 512]",31,8.832242835730762,1145441010
potted plant,565776,1024,673,,"[0, 46, 512, 512]",25,3.5813548817879983,821827540
potted plant,137246,1023,682,,"[442, 170, 512, 512]",26,6.428333350464056,847200043
potted plant,530975,1024,768,,"[410, 0, 512, 512]",24,7.997806746281609,757855135
potted plant,189475,1024,768,,"[179, 0, 512, 512]",35,7.444671666432088,1340589947
potted plant,267300,1024,768,,"[0, 0, 512, 512]",47,9.238421084414568,1938609420
potted plant,372260,683,1024,,"[171, 351, 512, 512]",44,8.743542842645962,1786372013
potted plant,331817,1024,768,,"[0, 0, 512, 512]",48,9.264138661438862,2014448640
potted plant,306733,800,533,,"[211, 21, 512, 512]",19,1.2392896102083748,500051954
potted plant,463918,1024,736,,"[0, 55, 512, 512]",13,4.935232001165579,168571695
potted plant,39477,1024,673,,"[121, 160, 512, 512]",17,5.364498942795593,388528798
potted plant,181816,1024,768,,"[49, 0, 512, 512]",42,1.5863877763309675,1701289843
potted plant,462904,1024,768,,"[368, 0, 512, 512]",22,1.0506344561145364,644859804
potted plant,407614,1024,681,,"[455, 0, 512, 512]",48,8.475592932741314,2038980991
potted plant,131138,1024,768,,"[42, 12, 512, 512]",27,9.84972019857558,906032039
potted plant,351810,1024,768,,"[0, 95, 512, 512]",40,8.061488674054116,1579638338
potted plant,527427,1024,768,,"[0, 73, 512, 512]",32,3.8404314098044585,1182859276
potted plant,36936,1023,647,,"[102, 135, 512, 512]",31,7.348003341305084,1131072087
potted plant,233033,1024,768,,"[512, 256, 512, 512]",44,3.69262965878422,1827983318
potted plant,448076,1024,768,,"[488, 138, 512, 512]",33,7.666736345881738,1217393872
potted plant,382030,800,600,,"[288, 0, 512, 512]",10,3.517724977734583,29768455
potted plant,265816,1024,649,,"[0, 137, 512, 512]",16,8.043318237953184,335554307
potted plant,40036,1024,683,,"[119, 90, 512, 512]",31,9.88966672205119,1130085198
potted plant,313454,1024,621,,"[98, 50, 512, 512]",48,9.876146943522146,2002619399
potted plant,289393,1024,768,,"[0, 14, 512, 512]",25,8.945763102970082,807025520
potted plant,322163,1024,768,,"[512, 0, 512, 512]",12,9.21529046605526,126659316
potted plant,127092,1024,768,,"[512, 256, 512, 512]",20,7.373862226928552,544610078
potted plant,632,1024,773,,"[86, 36, 512, 512]",19,5.990471895371578,502803994
potted plant,370818,755,1023,,"[0, 131, 512, 512]",11,9.309143872631983,78112099
potted plant,473219,1024,685,,"[512, 0, 512, 512]",50,1.807577018688813,2135232880
potted plant,489611,1024,995,,"[512, 0, 512, 512]",29,4.331183906260067,1006074700
potted plant,361103,1024,683,,"[489, 94, 512, 512]",32,6.453450491583366,1171239504
potted plant,128148,1023,685,,"[511, 14, 512, 512]",43,5.29956907226817,1754370252
potted plant,486040,600,800,,"[88, 0, 512, 512]",30,8.135720924475056,1084998680
potted plant,529568,650,867,,"[0, 322, 512, 512]",46,2.755777541311419,1933072943
potted plant,386210,765,1024,,"[33, 472, 512, 512]",25,1.5602814767499709,825039645
potted plant,136355,1024,683,,"[512, 0, 512, 512]",27,2.138665665159264,914582800
potted plant,69795,1024,768,,"[215, 149, 512, 512]",11,9.665034264254464,86984129
potted plant,367095,1024,683,,"[512, 28, 512, 512]",30,2.194970835064874,1058021795
potted plant,226984,1024,683,,"[281, 0, 512, 512]",29,3.0348849462685425,1014848104
potted plant,140987,680,1024,,"[168, 0, 512, 512]",39,4.393507338605968,1521018998
potted plant,405691,1024,683,,"[410, 0, 512, 512]",28,6.610794772067163,946897390
potted plant,214720,768,1024,,"[93, 0, 512, 512]",23,8.038865176023725,693415842
potted plant,205514,1024,681,,"[0, 80, 512, 512]",17,1.7078400439235306,411317620
potted plant,319696,1024,683,,"[512, 0, 512, 512]",40,9.381137078287315,1594737559
potted plant,169169,1024,768,,"[14, 256, 512, 512]",20,7.865125519139077,548344684
potted plant,14038,1024,683,,"[512, 0, 512, 512]",10,3.888677059518759,27700026
potted plant,396526,950,642,,"[143, 0, 512, 512]",46,2.7039881748540786,1901078373
potted plant,470773,1024,768,,"[253, 0, 512, 512]",33,6.363575990083298,1245682962
potted plant,293625,1024,768,,"[512, 0, 512, 512]",12,6.352203040853406,143465762
refrigerator,30213,1024,719,,"[512, 115, 512, 512]",31,8.832242835730762,1145441010
refrigerator,565776,1024,673,,"[512, 16, 512, 512]",25,3.5813548817879983,821827540
refrigerator,189475,1024,768,,"[512, 0, 512, 512]",26,6.428333350464056,847200043
refrigerator,397354,1024,768,,"[512, 154, 512, 512]",24,7.997806746281609,757855135
refrigerator,213547,768,1024,,"[0, 307, 512, 512]",35,7.444671666432088,1340589947
refrigerator,407614,1024,681,,"[462, 169, 512, 512]",47,9.238421084414568,1938609420
refrigerator,186980,731,1023,,"[0, 149, 512, 512]",44,8.743542842645962,1786372013
refrigerator,156278,1024,680,,"[0, 168, 512, 512]",48,9.264138661438862,2014448640
refrigerator,144003,800,600,,"[0, 88, 512, 512]",19,1.2392896102083748,500051954
refrigerator,437898,1024,683,,"[243, 144, 512, 512]",13,4.935232001165579,168571695
refrigerator,488075,1024,768,,"[146, 94, 512, 512]",17,5.364498942795593,388528798
refrigerator,349837,1023,682,,"[0, 126, 512, 512]",42,1.5863877763309675,1701289843
refrigerator,117908,1023,654,,"[0, 0, 512, 512]",22,1.0506344561145364,644859804
refrigerator,226984,1024,683,,"[512, 141, 512, 512]",48,8.475592932741314,2038980991
refrigerator,459954,800,600,,"[253, 74, 512, 512]",27,9.84972019857558,906032039
refrigerator,453302,1024,768,,"[0, 256, 512, 512]",40,8.061488674054116,1579638338
refrigerator,66231,1024,683,,"[512, 171, 512, 512]",32,3.8404314098044585,1182859276
refrigerator,14007,1023,681,,"[453, 169, 512, 512]",31,7.348003341305084,1131072087
refrigerator,14038,1024,683,,"[0, 171, 512, 512]",44,3.69262965878422,1827983318
refrigerator,382696,1024,768,,"[0, 94, 512, 512]",33,7.666736345881738,1217393872
refrigerator,368900,1024,768,,"[356, 12, 512, 512]",10,3.517724977734583,29768455
refrigerator,462629,1023,682,,"[192, 142, 512, 512]",16,8.043318237953184,335554307
refrigerator,248111,1024,683,,"[512, 171, 512, 512]",31,9.88966672205119,1130085198
refrigerator,56127,928,1024,,"[410, 196, 512, 512]",48,9.876146943522146,2002619399
refrigerator,280930,1000,664,,"[488, 152, 512, 512]",25,8.945763102970082,807025520
refrigerator,536947,1024,768,,"[305, 130, 512, 512]",12,9.21529046605526,126659316
refrigerator,480122,1024,1024,,"[212, 266, 512, 512]",20,7.373862226928552,544610078
refrigerator,527750,683,1024,,"[171, 214, 512, 512]",19,5.990471895371578,502803994
refrigerator,135561,1024,768,,"[266, 256, 512, 512]",11,9.309143872631983,78112099
refrigerator,150417,1024,768,,"[378, 0, 512, 512]",50,1.807577018688813,2135232880
refrigerator,441247,1024,678,,"[401, 57, 512, 512]",29,4.331183906260067,1006074700
refrigerator,571313,768,1024,,"[167, 146, 512, 512]",32,6.453450491583366,1171239504
refrigerator,78266,1023,685,,"[0, 0, 512, 512]",43,5.29956907226817,1754370252
refrigerator,506310,1024,680,,"[260, 107, 512, 512]",30,8.135720924475056,1084998680
refrigerator,415194,1024,768,,"[0, 79, 512, 512]",46,2.755777541311419,1933072943
refrigerator,74209,1024,768,,"[0, 30, 512, 512]",25,1.5602814767499709,825039645
refrigerator,36844,1024,768,,"[512, 256, 512, 512]",27,2.138665665159264,914582800
refrigerator,438774,1024,680,,"[307, 0, 512, 512]",11,9.665034264254464,86984129
remote,546325,768,1024,,"[12, 512, 512, 512]",31,8.832242835730762,1145441010
remote,185890,814,1023,,"[20, 54, 512, 512]",25,3.5813548817879983,821827540
remote,463918,1024,736,,"[134, 122, 512, 512]",26,6.428333350464056,847200043
remote,564280,1024,680,,"[358, 168, 512, 512]",24,7.997806746281609,757855135
remote,469067,1024,768,,"[512, 256, 512, 512]",35,7.444671666432088,1340589947
remote,322163,1024,768,,"[512, 256, 512, 512]",47,9.238421084414568,1938609420
remote,319100,1023,682,,"[291, 170, 512, 512]",44,8.743542842645962,1786372013
remote,476810,1024,768,,"[367, 198, 512, 512]",48,9.264138661438862,2014448640
remote,489611,1024,995,,"[410, 463, 512, 512]",19,1.2392896102083748,500051954
remote,59044,1024,683,,"[20, 171, 512, 512]",13,4.935232001165579,168571695
remote,190637,685,1024,,"[173, 245, 512, 512]",17,5.364498942795593,388528798
remote,318138,768,1024,,"[0, 512, 512, 512]",42,1.5863877763309675,1701289843
remote,430286,1024,757,,"[77, 0, 512, 512]",22,1.0506344561145364,644859804
remote,571598,1024,768,,"[512, 256, 512, 512]",48,8.475592932741314,2038980991
remote,532690,845,1024,,"[0, 512, 512, 512]",27,9.84972019857558,906032039
remote,96493,682,1024,,"[15, 331, 512, 512]",40,8.061488674054116,1579638338
remote,293625,1024,768,,"[512, 256, 512, 512]",32,3.8404314098044585,1182859276
remote,400161,1024,768,,"[0, 0, 512, 512]",31,7.348003341305084,1131072087
remote,489764,1023,861,,"[0, 349, 512, 512]",44,3.69262965878422,1827983318
remote,348481,1024,768,,"[0, 256, 512, 512]",33,7.666736345881738,1217393872
remote,414034,1024,768,,"[409, 0, 512, 512]",10,3.517724977734583,29768455
remote,520531,1024,768,,"[48, 256, 512, 512]",16,8.043318237953184,335554307
remote,39769,1024,768,,"[307, 0, 512, 512]",31,9.88966672205119,1130085198
remote,383838,1024,940,,"[256, 428, 512, 512]",48,9.876146943522146,2002619399
remote,445792,1024,768,,"[285, 0, 512, 512]",25,8.945763102970082,807025520
remote,383842,1024,695,,"[512, 183, 512, 512]",12,9.21529046605526,126659316
remote,325483,1024,768,,"[60, 67, 512, 512]",20,7.373862226928552,544610078
remote,271728,1024,683,,"[39, 171, 512, 512]",19,5.990471895371578,502803994
remote,498032,1023,743,,"[395, 0, 512, 512]",11,9.309143872631983,78112099
remote,457078,1024,768,,"[0, 256, 512, 512]",50,1.807577018688813,2135232880
remote,231831,769,1023,,"[0, 78, 512, 512]",29,4.331183906260067,1006074700
remote,570782,1024,683,,"[0, 171, 512, 512]",32,6.453450491583366,1171239504
remote,201646,1024,683,,"[0, 171, 512, 512]",43,5.29956907226817,1754370252
remote,396729,1024,680,,"[307, 168, 512, 512]",30,8.135720924475056,1084998680
remote,578489,1024,768,,"[344, 91, 512, 512]",46,2.755777541311419,1933072943
remote,379842,1024,576,,"[490, 0, 512, 512]",25,1.5602814767499709,825039645
remote,338901,1024,768,,"[0, 256, 512, 512]",27,2.138665665159264,914582800
remote,147415,1024,768,,"[0, 256, 512, 512]",11,9.665034264254464,86984129
remote,468954,1024,683,,"[414, 171, 512, 512]",30,2.194970835064874,1058021795
remote,225757,1024,753,,"[12, 210, 512, 512]",29,3.0348849462685425,1014848104
remote,21503,1024,768,,"[332, 0, 512, 512]",39,4.393507338605968,1521018998
sandwich,243204,768,1024,,"[0, 512, 512, 512]",31,8.832242835730762,1145441010
sandwich,256518,1023,681,,"[362, 0, 512, 512]",25,3.5813548817879983,821827540
sandwich,311303,1024,683,,"[49, 76, 512, 512]",26,6.428333350464056,847200043
sandwich,322574,1024,768,,"[512, 148, 512, 512]",24,7.997806746281609,757855135
sandwich,250901,1023,682,,"[163, 130, 512, 512]",35,7.444671666432088,1340589947
sandwich,465430,1024,820,,"[17, 146, 512, 512]",47,9.238421084414568,1938609420
sandwich,173091,612,612,,"[0, 9, 512, 512]",44,8.743542842645962,1786372013
sandwich,344100,1000,667,,"[443, 125, 512, 512]",48,9.264138661438862,2014448640
sandwich,30785,870,653,,"[0, 110, 512, 512]",19,1.2392896102083748,500051954
sandwich,334417,1024,677,,"[239, 117, 512, 512]",13,4.935232001165579,168571695
sandwich,64084,1024,698,,"[420, 186, 512, 512]",17,5.364498942795593,388528798
sandwich,422998,1023,682,,"[353, 170, 512, 512]",42,1.5863877763309675,1701289843
sandwich,191580,765,1024,,"[158, 348, 512, 512]",22,1.0506344561145364,644859804
sandwich,118367,1024,683,,"[226, 21, 512, 512]",48,8.475592932741314,2038980991
sandwich,170595,612,612,,"[100, 60, 512, 512]",27,9.84972019857558,906032039
sandwich,369771,1024,768,,"[0, 0, 512, 512]",40,8.061488674054116,1579638338
sandwich,210032,1023,642,,"[109, 84, 512, 512]",32,3.8404314098044585,1182859276
sandwich,18575,1024,768,,"[0, 237, 512, 512]",31,7.348003341305084,1131072087
sandwich,167572,1024,680,,"[397, 168, 512, 512]",44,3.69262965878422,1827983318
sandwich,463527,1024,768,,"[233, 154, 512, 512]",33,7.666736345881738,1217393872
sandwich,533206,1024,683,,"[169, 123, 512, 512]",10,3.517724977734583,29768455
sandwich,488166,577,1023,,"[0, 511, 512, 512]",16,8.043318237953184,335554307
sandwich,157418,768,1024,,"[256, 183, 512, 512]",31,9.88966672205119,1130085198
sandwich,329456,1024,683,,"[511, 171, 512, 512]",48,9.876146943522146,2002619399
sandwich,558854,1024,768,,"[284, 0, 512, 512]",25,8.945763102970082,807025520
sandwich,213255,768,1024,,"[256, 417, 512, 512]",12,9.21529046605526,126659316
sandwich,303893,1024,683,,"[410, 71, 512, 512]",20,7.373862226928552,544610078
sandwich,38678,768,1024,,"[0, 364, 512, 512]",19,5.990471895371578,502803994
sandwich,25386,683,1024,,"[171, 281, 512, 512]",11,9.309143872631983,78112099
sandwich,265518,612,612,,"[100, 24, 512, 512]",50,1.807577018688813,2135232880
sandwich,393014,1024,768,,"[56, 160, 512, 512]",29,4.331183906260067,1006074700
sandwich,182611,768,1024,,"[232, 394, 512, 512]",32,6.453450491583366,1171239504
sandwich,529762,1024,768,,"[250, 256, 512, 512]",43,5.29956907226817,1754370252
sandwich,226147,600,800,,"[88, 212, 512, 512]",30,8.135720924475056,1084998680
sandwich,435081,1024,1024,,"[72, 195, 512, 512]",46,2.755777541311419,1933072943
sandwich,551822,1023,725,,"[140, 213, 512, 512]",25,1.5602814767499709,825039645
sandwich,231822,800,578,,"[88, 49, 512, 512]",27,2.138665665159264,914582800
sandwich,92053,1024,683,,"[78, 0, 512, 512]",11,9.665034264254464,86984129
sandwich,70048,960,720,,"[448, 161, 512, 512]",30,2.194970835064874,1058021795
sandwich,157601,612,612,,"[0, 19, 512, 512]",29,3.0348849462685425,1014848104
sandwich,255912,1024,575,,"[440, 31, 512, 512]",39,4.393507338605968,1521018998
sandwich,527784,1023,819,,"[488, 193, 512, 512]",28,6.610794772067163,946897390
sandwich,414638,612,612,,"[100, 100, 512, 512]",23,8.038865176023725,693415842
sandwich,175535,597,800,,"[0, 105, 512, 512]",17,1.7078400439235306,411317620
sandwich,113589,1024,768,,"[54, 46, 512, 512]",40,9.381137078287315,1594737559
sandwich,350148,768,1024,,"[86, 512, 512, 512]",20,7.865125519139077,548344684
sandwich,120777,1024,768,,"[423, 168, 512, 512]",10,3.888677059518759,27700026
sandwich,305609,612,612,,"[100, 100, 512, 512]",46,2.7039881748540786,1901078373
sandwich,456143,1024,577,,"[468, 65, 512, 512]",33,6.363575990083298,1245682962
sandwich,21503,1024,768,,"[512, 154, 512, 512]",12,6.352203040853406,143465762
sink,453634,768,1024,,"[256, 512, 512, 512]",31,8.832242835730762,1145441010
sink,30213,1024,719,,"[421, 62, 512, 512]",25,3.5813548817879983,821827540
sink,293390,1024,768,,"[206, 0, 512, 512]",26,6.428333350464056,847200043
sink,397327,1000,667,,"[446, 0, 512, 512]",24,7.997806746281609,757855135
sink,458768,1024,683,,"[154, 171, 512, 512]",35,7.444671666432088,1340589947
sink,262682,683,1024,,"[171, 421, 512, 512]",47,9.238421084414568,1938609420
sink,429598,1024,768,,"[512, 256, 512, 512]",44,8.743542842645962,1786372013
sink,9772,880,1023,,"[329, 364, 512, 512]",48,9.264138661438862,2014448640
sink,306733,800,533,,"[86, 21, 512, 512]",19,1.2392896102083748,500051954
sink,201775,980,749,,"[0, 237, 512, 512]",13,4.935232001165579,168571695
sink,34873,1024,768,,"[92, 178, 512, 512]",17,5.364498942795593,388528798
sink,491071,663,1024,,"[0, 435, 512, 512]",42,1.5863877763309675,1701289843
sink,147518,768,1024,,"[256, 324, 512, 512]",22,1.0506344561145364,644859804
sink,6213,1001,665,,"[450, 153, 512, 512]",48,8.475592932741314,2038980991
sink,520264,1024,768,,"[512, 256, 512, 512]",27,9.84972019857558,906032039
sink,62025,768,1024,,"[199, 398, 512, 512]",40,8.061488674054116,1579638338
sink,3156,708,1023,,"[0, 53, 512, 512]",32,3.8404314098044585,1182859276
sink,331352,720,1024,,"[107, 0, 512, 512]",31,7.348003341305084,1131072087
sink,181859,681,1024,,"[81, 393, 512, 512]",44,3.69262965878422,1827983318
sink,561256,1024,768,,"[512, 256, 512, 512]",33,7.666736345881738,1217393872
sink,541291,1023,682,,"[0, 170, 512, 512]",10,3.517724977734583,29768455
sink,157807,1024,683,,"[512, 0, 512, 512]",16,8.043318237953184,335554307
sink,350833,1024,768,,"[0, 256, 512, 512]",31,9.88966672205119,1130085198
sink,557172,1024,768,,"[344, 256, 512, 512]",48,9.876146943522146,2002619399
sink,383606,1024,768,,"[163, 256, 512, 512]",25,8.945763102970082,807025520
sink,187513,683,1024,,"[0, 512, 512, 512]",12,9.21529046605526,126659316
sink,104572,1024,671,,"[3, 159, 512, 512]",20,7.373862226928552,544610078
sink,267903,1024,681,,"[72, 0, 512, 512]",19,5.990471895371578,502803994
sink,370818,755,1023,,"[243, 511, 512, 512]",11,9.309143872631983,78112099
sink,351362,681,1024,,"[169, 479, 512, 512]",50,1.807577018688813,2135232880
sink,437898,1024,683,,"[0, 171, 512, 512]",29,4.331183906260067,1006074700
sink,117914,683,1024,,"[171, 512, 512, 512]",32,6.453450491583366,1171239504
sink,529568,650,867,,"[138, 328, 512, 512]",43,5.29956907226817,1754370252
sink,103585,680,1024,,"[0, 395, 512, 512]",30,8.135720924475056,1084998680
sink,474786,600,800,,"[88, 288, 512, 512]",46,2.755777541311419,1933072943
sink,197796,1024,765,,"[108, 253, 512, 512]",25,1.5602814767499709,825039645
sink,466085,768,1024,,"[256, 512, 512, 512]",27,2.138665665159264,914582800
sink,302760,1024,768,,"[245, 217, 512, 512]",11,9.665034264254464,86984129
sink,389804,1024,680,,"[512, 168, 512, 512]",30,2.194970835064874,1058021795
sink,58029,1024,765,,"[366, 253, 512, 512]",29,3.0348849462685425,1014848104
sink,452784,768,1024,,"[0, 275, 512, 512]",39,4.393507338605968,1521018998
sink,453302,1024,768,,"[401, 181, 512, 512]",28,6.610794772067163,946897390
sink,66231,1024,683,,"[65, 171, 512, 512]",23,8.038865176023725,693415842
sink,452793,1024,683,,"[241, 88, 512, 512]",17,1.7078400439235306,411317620
sink,365766,1024,768,,"[365, 187, 512, 512]",40,9.381137078287315,1594737559
sink,289992,1024,679,,"[0, 167, 512, 512]",20,7.865125519139077,548344684
sink,232649,768,1024,,"[0, 341, 512, 512]",10,3.888677059518759,27700026
sink,520910,683,1024,,"[0, 288, 512, 512]",46,2.7039881748540786,1901078373
sink,500464,688,1024,,"[0, 208, 512, 512]",33,6.363575990083298,1245682962
sink,237316,515,687,,"[3, 109, 512, 512]",12,6.352203040853406,143465762
spoon,376322,765,1024,,"[253, 512, 512, 512]",31,8.832242835730762,1145441010
spoon,243204,768,1024,,"[0, 357, 512, 512]",25,3.5813548817879983,821827540
spoon,127494,1000,666,,"[0, 0, 512, 512]",26,6.428333350464056,847200043
spoon,385029,800,600,,"[0, 28, 512, 512]",24,7.997806746281609,757855135
spoon,91654,1024,768,,"[0, 0, 512, 512]",35,7.444671666432088,1340589947
spoon,239627,1024,683,,"[512, 171, 512, 512]",47,9.238421084414568,1938609420
spoon,253452,1023,682,,"[0, 0, 512, 512]",44,8.743542842645962,1786372013
spoon,141328,1024,768,,"[512, 0, 512, 512]",48,9.264138661438862,2014448640
spoon,447522,1024,768,,"[0, 0, 512, 512]",19,1.2392896102083748,500051954
spoon,181796,1024,576,,"[3, 43, 512, 512]",13,4.935232001165579,168571695
spoon,450100,768,1024,,"[220, 512, 512, 512]",17,5.364498942795593,388528798
spoon,335427,1024,717,,"[0, 205, 512, 512]",42,1.5863877763309675,1701289843
spoon,89670,1024,683,,"[0, 103, 512, 512]",22,1.0506344561145364,644859804
spoon,346703,880,1024,,"[197, 88, 512, 512]",48,8.475592932741314,2038980991
spoon,64084,1024,698,,"[67, 0, 512, 512]",27,9.84972019857558,906032039
spoon,368752,768,1024,,"[199, 292, 512, 512]",40,8.061488674054116,1579638338
spoon,289415,1023,685,,"[0, 173, 512, 512]",32,3.8404314098044585,1182859276
spoon,116362,612,612,,"[0, 0, 512, 512]",31,7.348003341305084,1131072087
spoon,182417,1024,768,,"[440, 223, 512, 512]",44,3.69262965878422,1827983318
spoon,320664,1024,768,,"[270, 0, 512, 512]",33,7.666736345881738,1217393872
spoon,117425,1024,682,,"[399, 170, 512, 512]",10,3.517724977734583,29768455
spoon,236721,1024,768,,"[99, 0, 512, 512]",16,8.043318237953184,335554307
spoon,84664,612,612,,"[52, 100, 512, 512]",31,9.88966672205119,1130085198
spoon,300233,1023,783,,"[81, 25, 512, 512]",48,9.876146943522146,2002619399
spoon,88269,1024,768,,"[485, 0, 512, 512]",25,8.945763102970082,807025520
spoon,479448,800,600,,"[0, 0, 512, 512]",12,9.21529046605526,126659316
spoon,99039,1024,768,,"[512, 256, 512, 512]",20,7.373862226928552,544610078
spoon,470773,1024,768,,"[11, 256, 512, 512]",19,5.990471895371578,502803994
spoon,558854,1024,768,,"[0, 80, 512, 512]",11,9.309143872631983,78112099
spoon,473869,1024,683,,"[262, 171, 512, 512]",50,1.807577018688813,2135232880
spoon,345361,959,686,,"[40, 156, 512, 512]",29,4.331183906260067,1006074700
spoon,233238,768,1024,,"[256, 512, 512, 512]",32,6.453450491583366,1171239504
spoon,66841,537,800,,"[0, 3, 512, 512]",43,5.29956907226817,1754370252
spoon,17714,1024,768,,"[395, 99, 512, 512]",30,8.135720924475056,1084998680
spoon,578871,768,1024,,"[208, 512, 512, 512]",46,2.755777541311419,1933072943
spoon,521540,1024,768,,"[0, 256, 512, 512]",25,1.5602814767499709,825039645
spoon,417608,1023,681,,"[0, 0, 512, 512]",27,2.138665665159264,914582800
spoon,492878,1024,1024,,"[169, 137, 512, 512]",11,9.665034264254464,86984129
spoon,182611,768,1024,,"[227, 512, 512, 512]",30,2.194970835064874,1058021795
spoon,551780,1024,768,,"[0, 0, 512, 512]",29,3.0348849462685425,1014848104
spoon,236412,1024,768,,"[512, 0, 512, 512]",39,4.393507338605968,1521018998
spoon,2431,731,1024,,"[0, 420, 512, 512]",28,6.610794772067163,946897390
spoon,25986,1024,768,,"[172, 111, 512, 512]",23,8.038865176023725,693415842
spoon,562059,683,1024,,"[171, 474, 512, 512]",17,1.7078400439235306,411317620
spoon,242060,900,646,,"[0, 115, 512, 512]",40,9.381137078287315,1594737559
spoon,231822,800,578,,"[288, 66, 512, 512]",20,7.865125519139077,548344684
spoon,110999,574,1024,,"[0, 512, 512, 512]",10,3.888677059518759,27700026
spoon,512929,612,612,,"[100, 100, 512, 512]",46,2.7039881748540786,1901078373
spoon,127394,654,1024,,"[0, 409, 512, 512]",33,6.363575990083298,1245682962
spoon,327592,1023,577,,"[0, 0, 512, 512]",12,6.352203040853406,143465762
suitcase,520707,1024,768,,"[207, 251, 512, 512]",31,8.832242835730762,1145441010
suitcase,158744,1024,679,,"[462, 167, 512, 512]",25,3.5813548817879983,821827540
suitcase,51738,1024,768,,"[0, 243, 512, 512]",26,6.428333350464056,847200043
suitcase,475678,1024,768,,"[119, 250, 512, 512]",24,7.997806746281609,757855135
suitcase,115245,612,612,,"[100, 100, 512, 512]",35,7.444671666432088,1340589947
suitcase,485424,1024,768,,"[336, 0, 512, 512]",47,9.238421084414568,1938609420
suitcase,351810,1024,768,,"[0, 256, 512, 512]",44,8.743542842645962,1786372013
suitcase,172617,768,1024,,"[0, 159, 512, 512]",48,9.264138661438862,2014448640
suitcase,356427,1024,683,,"[412, 171, 512, 512]",19,1.2392896102083748,500051954
suitcase,186449,697,1023,,"[0, 110, 512, 512]",13,4.935232001165579,168571695
suitcase,202339,768,1024,,"[256, 442, 512, 512]",17,5.364498942795593,388528798
suitcase,308328,1024,768,,"[447, 256, 512, 512]",42,1.5863877763309675,1701289843
suitcase,361586,930,523,,"[173, 11, 512, 512]",22,1.0506344561145364,644859804
suitcase,358525,1024,768,,"[0, 0, 512, 512]",48,8.475592932741314,2038980991
suitcase,50828,1024,768,,"[0, 256, 512, 512]",27,9.84972019857558,906032039
suitcase,9891,1024,768,,"[132, 256, 512, 512]",40,8.061488674054116,1579638338
suitcase,81061,980,677,,"[441, 165, 512, 512]",32,3.8404314098044585,1182859276
suitcase,201418,1024,768,,"[414, 256, 512, 512]",31,7.348003341305084,1131072087
suitcase,453860,999,668,,"[0, 50, 512, 512]",44,3.69262965878422,1827983318
suitcase,266981,681,1024,,"[169, 512, 512, 512]",33,7.666736345881738,1217393872
suitcase,451308,706,1024,,"[72, 0, 512, 512]",10,3.517724977734583,29768455
suitcase,425221,750,1000,,"[238, 488, 512, 512]",16,8.043318237953184,335554307
suitcase,560911,769,1023,,"[0, 236, 512, 512]",31,9.88966672205119,1130085198
suitcase,184611,1024,768,,"[217, 120, 512, 512]",48,9.876146943522146,2002619399
suitcase,366884,1024,768,,"[0, 209, 512, 512]",25,8.945763102970082,807025520
suitcase,388903,850,565,,"[0, 53, 512, 512]",12,9.21529046605526,126659316
suitcase,84270,1024,768,,"[0, 256, 512, 512]",20,7.373862226928552,544610078
suitcase,370478,1024,768,,"[462, 190, 512, 512]",19,5.990471895371578,502803994
suitcase,26941,1024,683,,"[358, 164, 512, 512]",11,9.309143872631983,78112099
suitcase,329041,768,1024,,"[32, 475, 512, 512]",50,1.807577018688813,2135232880
suitcase,55150,1024,681,,"[319, 169, 512, 512]",29,4.331183906260067,1006074700
suitcase,82812,930,523,,"[398, 11, 512, 512]",32,6.453450491583366,1171239504
suitcase,114049,680,1024,,"[116, 512, 512, 512]",43,5.29956907226817,1754370252
suitcase,526728,800,600,,"[288, 88, 512, 512]",30,8.135720924475056,1084998680
suitcase,453001,1024,768,,"[256, 256, 512, 512]",46,2.755777541311419,1933072943
suitcase,168337,1024,768,,"[0, 256, 512, 512]",25,1.5602814767499709,825039645
suitcase,182162,1024,680,,"[0, 168, 512, 512]",27,2.138665665159264,914582800
suitcase,265108,683,1024,,"[171, 512, 512, 512]",11,9.665034264254464,86984129
suitcase,400815,1024,683,,"[0, 171, 512, 512]",30,2.194970835064874,1058021795
suitcase,11699,768,1024,,"[0, 512, 512, 512]",29,3.0348849462685425,1014848104
suitcase,153529,768,1024,,"[91, 512, 512, 512]",39,4.393507338605968,1521018998
suitcase,210388,1024,681,,"[240, 169, 512, 512]",28,6.610794772067163,946897390
suitcase,80340,1024,683,,"[173, 171, 512, 512]",23,8.038865176023725,693415842
suitcase,341469,731,1023,,"[32, 467, 512, 512]",17,1.7078400439235306,411317620
suitcase,179174,684,1024,,"[142, 217, 512, 512]",40,9.381137078287315,1594737559
suitcase,23023,612,612,,"[52, 39, 512, 512]",20,7.865125519139077,548344684
suitcase,112110,1024,768,,"[222, 256, 512, 512]",10,3.888677059518759,27700026
suitcase,12280,768,1024,,"[62, 293, 512, 512]",46,2.7039881748540786,1901078373
teddy bear,199681,1024,768,,"[92, 0, 512, 512]",31,8.832242835730762,1145441010
teddy bear,435205,1024,682,,"[0, 142, 512, 512]",25,3.5813548817879983,821827540
teddy bear,80413,1024,768,,"[237, 44, 512, 512]",26,6.428333350464056,847200043
teddy bear,276018,666,1024,,"[154, 0, 512, 512]",24,7.997806746281609,757855135
teddy bear,20553,800,600,,"[108, 0, 512, 512]",35,7.444671666432088,1340589947
teddy bear,554579,791,1024,,"[0, 408, 512, 512]",47,9.238421084414568,1938609420
teddy bear,315492,612,612,,"[0, 100, 512, 512]",44,8.743542842645962,1786372013
teddy bear,226408,1024,750,,"[76, 0, 512, 512]",48,9.264138661438862,2014448640
teddy bear,145020,1024,577,,"[512, 65, 512, 512]",19,1.2392896102083748,500051954
teddy bear,125062,683,1024,,"[171, 501, 512, 512]",13,4.935232001165579,168571695
teddy bear,283785,1024,688,,"[298, 176, 512, 512]",17,5.364498942795593,388528798
teddy bear,211120,1023,606,,"[0, 0, 512, 512]",42,1.5863877763309675,1701289843
teddy bear,319696,1024,683,,"[441, 0, 512, 512]",22,1.0506344561145364,644859804
teddy bear,370900,1024,765,,"[118, 0, 512, 512]",48,8.475592932741314,2038980991
teddy bear,453341,1024,768,,"[141, 256, 512, 512]",27,9.84972019857558,906032039
teddy bear,205542,768,1024,,"[201, 23, 512, 512]",40,8.061488674054116,1579638338
teddy bear,162035,800,600,,"[288, 88, 512, 512]",32,3.8404314098044585,1182859276
teddy bear,117492,1023,685,,"[77, 173, 512, 512]",31,7.348003341305084,1131072087
teddy bear,113403,1023,722,,"[305, 87, 512, 512]",44,3.69262965878422,1827983318
teddy bear,109827,1024,679,,"[196, 144, 512, 512]",33,7.666736345881738,1217393872
teddy bear,82180,1024,680,,"[370, 86, 512, 512]",10,3.517724977734583,29768455
teddy bear,226058,1024,768,,"[368, 199, 512, 512]",16,8.043318237953184,335554307
teddy bear,549136,1024,695,,"[119, 170, 512, 512]",31,9.88966672205119,1130085198
teddy bear,322844,600,800,,"[32, 83, 512, 512]",48,9.876146943522146,2002619399
teddy bear,411938,1024,683,,"[235, 171, 512, 512]",25,8.945763102970082,807025520
teddy bear,349480,1024,720,,"[0, 143, 512, 512]",12,9.21529046605526,126659316
teddy bear,249129,1024,683,,"[123, 38, 512, 512]",20,7.373862226928552,544610078
teddy bear,160556,1023,685,,"[0, 0, 512, 512]",19,5.990471895371578,502803994
teddy bear,321333,1023,635,,"[149, 123, 512, 512]",11,9.309143872631983,78112099
teddy bear,528705,681,1024,,"[14, 322, 512, 512]",50,1.807577018688813,2135232880
teddy bear,428867,1024,683,,"[56, 161, 512, 512]",29,4.331183906260067,1006074700
teddy bear,377670,779,1024,,"[156, 307, 512, 512]",32,6.453450491583366,1171239504
teddy bear,520531,1024,768,,"[75, 0, 512, 512]",43,5.29956907226817,1754370252
teddy bear,557916,1024,681,,"[0, 0, 512, 512]",30,8.135720924475056,1084998680
teddy bear,328030,680,1024,,"[132, 279, 512, 512]",46,2.755777541311419,1933072943
teddy bear,12670,1023,685,,"[297, 173, 512, 512]",25,1.5602814767499709,825039645
teddy bear,325527,685,512,,"[98, 0, 512, 512]",27,2.138665665159264,914582800
teddy bear,475572,1024,689,,"[154, 164, 512, 512]",11,9.665034264254464,86984129
teddy bear,92091,1024,768,,"[512, 246, 512, 512]",30,2.194970835064874,1058021795
teddy bear,207306,768,1024,,"[66, 258, 512, 512]",29,3.0348849462685425,1014848104
teddy bear,50638,1024,628,,"[466, 92, 512, 512]",39,4.393507338605968,1521018998
teddy bear,371677,1024,768,,"[274, 0, 512, 512]",28,6.610794772067163,946897390
teddy bear,439773,1024,768,,"[0, 0, 512, 512]",23,8.038865176023725,693415842
teddy bear,156643,1024,768,,"[382, 0, 512, 512]",17,1.7078400439235306,411317620
tie,60932,1023,685,,"[511, 161, 512, 512]",31,8.832242835730762,1145441010
tie,566282,1023,681,,"[382, 0, 512, 512]",25,3.5813548817879983,821827540
tie,509451,1024,768,,"[447, 46, 512, 512]",26,6.428333350464056,847200043
tie,450075,1024,768,,"[192, 256, 512, 512]",24,7.997806746281609,757855135
tie,277020,1024,576,,"[212, 64, 512, 512]",35,7.444671666432088,1340589947
tie,443426,768,1024,,"[165, 444, 512, 512]",47,9.238421084414568,1938609420
tie,4134,1024,680,,"[410, 168, 512, 512]",44,8.743542842645962,1786372013
tie,391722,1016,1024,,"[71, 145, 512, 512]",48,9.264138661438862,2014448640
tie,562243,1024,1024,,"[281, 512, 512, 512]",19,1.2392896102083748,500051954
tie,100428,1024,785,,"[349, 139, 512, 512]",13,4.935232001165579,168571695
tie,310862,612,612,,"[0, 100, 512, 512]",17,5.364498942795593,388528798
tie,334417,1024,677,,"[299, 165, 512, 512]",42,1.5863877763309675,1701289843
tie,423506,768,1024,,"[1, 512, 512, 512]",22,1.0506344561145364,644859804
tie,151657,616,1024,,"[1, 131, 512, 512]",48,8.475592932741314,2038980991
tie,297578,1024,576,,"[265, 24, 512, 512]",27,9.84972019857558,906032039
tie,6763,600,800,,"[0, 264, 512, 512]",40,8.061488674054116,1579638338
tie,313454,1024,621,,"[0, 43, 512, 512]",32,3.8404314098044585,1182859276
tie,170099,1023,764,,"[0, 252, 512, 512]",31,7.348003341305084,1131072087
tie,347254,600,800,,"[88, 288, 512, 512]",44,3.69262965878422,1827983318
tie,50811,761,719,,"[66, 149, 512, 512]",33,7.666736345881738,1217393872
tie,271997,781,1024,,"[102, 512, 512, 512]",10,3.517724977734583,29768455
tie,32901,720,614,,"[156, 69, 512, 512]",16,8.043318237953184,335554307
tie,152214,768,1024,,"[128, 512, 512, 512]",31,9.88966672205119,1130085198
tie,58539,1023,674,,"[272, 162, 512, 512]",48,9.876146943522146,2002619399
tie,21167,681,1024,,"[169, 112, 512, 512]",25,8.945763102970082,807025520
tie,206025,678,1024,,"[79, 512, 512, 512]",12,9.21529046605526,126659316
tie,412362,1024,798,,"[290, 249, 512, 512]",20,7.373862226928552,544610078
tie,571598,1024,768,,"[0, 256, 512, 512]",19,5.990471895371578,502803994
tie,136915,1024,683,,"[110, 151, 512, 512]",11,9.309143872631983,78112099
tie,207585,1024,768,,"[8, 164, 512, 512]",50,1.807577018688813,2135232880
tie,505573,575,1023,,"[32, 227, 512, 512]",29,4.331183906260067,1006074700
tie,292082,1024,1024,,"[94, 337, 512, 512]",32,6.453450491583366,1171239504
tie,433915,1024,768,,"[143, 256, 512, 512]",43,5.29956907226817,1754370252
tie,527616,1024,793,,"[241, 0, 512, 512]",30,8.135720924475056,1084998680
tie,271116,1024,679,,"[25, 135, 512, 512]",46,2.755777541311419,1933072943
tie,244496,566,1024,,"[8, 373, 512, 512]",25,1.5602814767499709,825039645
tie,263969,1024,976,,"[427, 135, 512, 512]",27,2.138665665159264,914582800
tie,287527,720,720,,"[208, 208, 512, 512]",11,9.665034264254464,86984129
tie,11051,1024,857,,"[105, 242, 512, 512]",29,3.0348849462685425,1014848104
tie,25393,1024,768,,"[450, 146, 512, 512]",39,4.393507338605968,1521018998
tie,411953,700,525,,"[38, 13, 512, 512]",28,6.610794772067163,946897390
tie,172877,1024,768,,"[238, 134, 512, 512]",23,8.038865176023725,693415842
tie,18770,1023,685,,"[247, 173, 512, 512]",17,1.7078400439235306,411317620
tie,8532,1023,681,,"[476, 169, 512, 512]",40,9.381137078287315,1594737559
tie,417632,1024,768,,"[503, 0, 512, 512]",20,7.865125519139077,548344684
tie,131938,741,1024,,"[105, 274, 512, 512]",10,3.888677059518759,27700026
tie,476514,681,1024,,"[169, 174, 512, 512]",46,2.7039881748540786,1901078373
tie,383842,1024,695,,"[226, 0, 512, 512]",33,6.363575990083298,1245682962
tie,456559,1024,768,,"[340, 256, 512, 512]",12,6.352203040853406,143465762
tie,131444,768,1024,,"[100, 512, 512, 512]",24,3.407215229474313,783154264
toaster,135561,1024,768,,"[0, 256, 512, 512]",31,8.832242835730762,1145441010
toaster,173008,1024,768,,"[0, 256, 512, 512]",25,3.5813548817879983,821827540
toilet,453634,768,1024,,"[25, 450, 512, 512]",31,8.832242835730762,1145441010
toilet,555012,1024,681,,"[336, 0, 512, 512]",25,3.5813548817879983,821827540
toilet,397327,1000,667,,"[80, 146, 512, 512]",26,6.428333350464056,847200043
toilet,59920,683,1024,,"[171, 503, 512, 512]",24,7.997806746281609,757855135
toilet,155154,768,1024,,"[17, 377, 512, 512]",35,7.444671666432088,1340589947
toilet,32285,1024,677,,"[0, 165, 512, 512]",47,9.238421084414568,1938609420
toilet,56350,612,612,,"[100, 0, 512, 512]",44,8.743542842645962,1786372013
toilet,272416,1024,768,,"[445, 144, 512, 512]",48,9.264138661438862,2014448640
toilet,460841,1024,768,,"[512, 256, 512, 512]",19,1.2392896102083748,500051954
toilet,306733,800,533,,"[288, 21, 512, 512]",13,4.935232001165579,168571695
toilet,32817,768,1024,,"[60, 437, 512, 512]",17,5.364498942795593,388528798
toilet,569917,768,1024,,"[0, 512, 512, 512]",42,1.5863877763309675,1701289843
toilet,147518,768,1024,,"[37, 512, 512, 512]",22,1.0506344561145364,644859804
toilet,138819,1024,768,,"[512, 256, 512, 512]",48,8.475592932741314,2038980991
toilet,85576,1024,819,,"[0, 307, 512, 512]",27,9.84972019857558,906032039
toilet,62025,768,1024,,"[0, 512, 512, 512]",40,8.061488674054116,1579638338
toilet,365642,681,1023,,"[169, 511, 512, 512]",32,3.8404314098044585,1182859276
toilet,327769,1024,678,,"[0, 166, 512, 512]",31,7.348003341305084,1131072087
toilet,211042,732,1023,,"[173, 186, 512, 512]",44,3.69262965878422,1827983318
toilet,315492,612,612,,"[0, 100, 512, 512]",33,7.666736345881738,1217393872
toilet,157807,1024,683,,"[126, 171, 512, 512]",10,3.517724977734583,29768455
toilet,350833,1024,768,,"[100, 256, 512, 512]",16,8.043318237953184,335554307
toilet,23666,768,1024,,"[92, 512, 512, 512]",31,9.88966672205119,1130085198
toilet,557172,1024,768,,"[512, 256, 512, 512]",48,9.876146943522146,2002619399
toilet,360564,1024,683,,"[199, 171, 512, 512]",25,8.945763102970082,807025520
toilet,408696,1024,768,,"[225, 256, 512, 512]",12,9.21529046605526,126659316
toilet,187513,683,1024,,"[34, 512, 512, 512]",20,7.373862226928552,544610078
toilet,267903,1024,681,,"[447, 169, 512, 512]",19,5.990471895371578,502803994
toilet,351362,681,1024,,"[169, 512, 512, 512]",11,9.309143872631983,78112099
toilet,370818,755,1023,,"[0, 511, 512, 512]",50,1.807577018688813,2135232880
toilet,257169,768,1024,,"[256, 512, 512, 512]",29,4.331183906260067,1006074700
toilet,560279,612,612,,"[52, 100, 512, 512]",32,6.453450491583366,1171239504
toilet,117914,683,1024,,"[0, 512, 512, 512]",43,5.29956907226817,1754370252
toilet,103585,680,1024,,"[168, 354, 512, 512]",30,8.135720924475056,1084998680
toilet,89761,768,1024,,"[168, 500, 512, 512]",46,2.755777541311419,1933072943
toilet,6818,683,1024,,"[123, 512, 512, 512]",25,1.5602814767499709,825039645
toilet,292005,768,1024,,"[256, 512, 512, 512]",27,2.138665665159264,914582800
toilet,389804,1024,680,,"[95, 118, 512, 512]",11,9.665034264254464,86984129
toilet,58029,1024,765,,"[57, 253, 512, 512]",30,2.194970835064874,1058021795
toilet,286907,768,1024,,"[235, 469, 512, 512]",29,3.0348849462685425,1014848104
toilet,357567,768,1024,,"[256, 512, 512, 512]",39,4.393507338605968,1521018998
toilet,520910,683,1024,,"[0, 505, 512, 512]",28,6.610794772067163,946897390
toilet,102644,768,1024,,"[0, 435, 512, 512]",23,8.038865176023725,693415842
toilet,309495,669,1024,,"[157, 418, 512, 512]",17,1.7078400439235306,411317620
toilet,53505,685,1023,,"[103, 511, 512, 512]",40,9.381137078287315,1594737559
toilet,237316,515,687,,"[0, 175, 512, 512]",20,7.865125519139077,548344684
toilet,363784,1024,768,,"[0, 256, 512, 512]",10,3.888677059518759,27700026
toilet,409358,612,612,,"[0, 100, 512, 512]",46,2.7039881748540786,1901078373
toilet,462614,1024,774,,"[0, 262, 512, 512]",33,6.363575990083298,1245682962
toilet,342295,683,1024,,"[171, 503, 512, 512]",12,6.352203040853406,143465762
toothbrush,324614,1024,683,,"[85, 164, 512, 512]",31,8.832242835730762,1145441010
toothbrush,544519,1000,667,,"[185, 155, 512, 512]",25,3.5813548817879983,821827540
toothbrush,482319,1024,768,,"[358, 169, 512, 512]",26,6.428333350464056,847200043
toothbrush,175251,612,612,,"[100, 100, 512, 512]",24,7.997806746281609,757855135
toothbrush,241319,1024,761,,"[512, 86, 512, 512]",35,7.444671666432088,1340589947
toothbrush,445999,657,1024,,"[0, 372, 512, 512]",47,9.238421084414568,1938609420
toothbrush,92091,1024,768,,"[411, 193, 512, 512]",44,8.743542842645962,1786372013
toothbrush,521405,681,1024,,"[0, 209, 512, 512]",48,9.264138661438862,2014448640
toothbrush,492878,1024,1024,,"[110, 115, 512, 512]",19,1.2392896102083748,500051954
toothbrush,507473,1024,768,,"[258, 14, 512, 512]",13,4.935232001165579,168571695
toothbrush,563281,1002,1024,,"[252, 144, 512, 512]",17,5.364498942795593,388528798
toothbrush,368212,765,1024,,"[143, 186, 512, 512]",42,1.5863877763309675,1701289843
toothbrush,500565,1024,745,,"[430, 233, 512, 512]",22,1.0506344561145364,644859804
toothbrush,560474,1024,768,,"[512, 256, 512, 512]",48,8.475592932741314,2038980991
toothbrush,311394,768,1024,,"[35, 310, 512, 512]",27,9.84972019857558,906032039
toothbrush,578922,957,1024,,"[445, 197, 512, 512]",40,8.061488674054116,1579638338
toothbrush,229358,1024,677,,"[353, 165, 512, 512]",32,3.8404314098044585,1182859276
traffic light,454661,1024,683,,"[215, 0, 512, 512]",31,8.832242835730762,1145441010
traffic light,94751,768,1024,,"[7, 0, 512, 512]",25,3.5813548817879983,821827540
traffic light,555050,1024,660,,"[0, 0, 512, 512]",26,6.428333350464056,847200043
traffic light,500826,1024,682,,"[48, 170, 512, 512]",24,7.997806746281609,757855135
traffic light,269942,768,1024,,"[188, 204, 512, 512]",35,7.444671666432088,1340589947
traffic light,319607,1024,1024,,"[36, 28, 512, 512]",47,9.238421084414568,1938609420
traffic light,76417,1024,765,,"[500, 0, 512, 512]",44,8.743542842645962,1786372013
traffic light,309391,1023,614,,"[0, 0, 512, 512]",48,9.264138661438862,2014448640
traffic light,361103,1024,683,,"[512, 24, 512, 512]",19,1.2392896102083748,500051954
traffic light,88218,768,1024,,"[166, 335, 512, 512]",13,4.935232001165579,168571695
traffic light,215723,1024,768,,"[453, 0, 512, 512]",17,5.364498942795593,388528798
traffic light,165039,1024,683,,"[335, 0, 512, 512]",42,1.5863877763309675,1701289843
traffic light,54967,679,1024,,"[123, 345, 512, 512]",22,1.0506344561145364,644859804
traffic light,133819,1024,680,,"[0, 0, 512, 512]",48,8.475592932741314,2038980991
traffic light,531134,1024,768,,"[488, 104, 512, 512]",27,9.84972019857558,906032039
traffic light,110282,1024,669,,"[478, 0, 512, 512]",40,8.061488674054116,1579638338
traffic light,496854,1024,768,,"[97, 0, 512, 512]",32,3.8404314098044585,1182859276
traffic light,412894,683,1024,,"[171, 393, 512, 512]",31,7.348003341305084,1131072087
traffic light,115946,768,1024,,"[53, 0, 512, 512]",44,3.69262965878422,1827983318
traffic light,430875,1024,768,,"[196, 256, 512, 512]",33,7.666736345881738,1217393872
traffic light,252219,1023,685,,"[331, 0, 512, 512]",10,3.517724977734583,29768455
traffic light,301376,682,1024,,"[170, 225, 512, 512]",16,8.043318237953184,335554307
traffic light,144706,1024,768,,"[199, 0, 512, 512]",31,9.88966672205119,1130085198
traffic light,351559,1024,549,,"[512, 37, 512, 512]",48,9.876146943522146,2002619399
traffic light,520009,729,600,,"[176, 57, 512, 512]",25,8.945763102970082,807025520
traffic light,475484,681,1023,,"[0, 0, 512, 512]",12,9.21529046605526,126659316
traffic light,544605,900,675,,"[284, 163, 512, 512]",20,7.373862226928552,544610078
traffic light,274272,1024,768,,"[115, 85, 512, 512]",19,5.990471895371578,502803994
traffic light,575372,1024,768,,"[432, 0, 512, 512]",11,9.309143872631983,78112099
traffic light,307598,1023,682,,"[3, 0, 512, 512]",50,1.807577018688813,2135232880
traffic light,283037,683,1024,,"[77, 119, 512, 512]",29,4.331183906260067,1006074700
traffic light,15272,678,1024,,"[0, 0, 512, 512]",32,6.453450491583366,1171239504
traffic light,335800,1024,683,,"[0, 171, 512, 512]",43,5.29956907226817,1754370252
traffic light,201148,1023,574,,"[490, 0, 512, 512]",30,8.135720924475056,1084998680
traffic light,460229,612,1023,,"[100, 0, 512, 512]",46,2.755777541311419,1933072943
traffic light,289222,1024,768,,"[249, 134, 512, 512]",25,1.5602814767499709,825039645
traffic light,190923,768,1024,,"[256, 0, 512, 512]",27,2.138665665159264,914582800
traffic light,133087,800,536,,"[288, 0, 512, 512]",11,9.665034264254464,86984129
traffic light,200162,1024,680,,"[0, 0, 512, 512]",30,2.194970835064874,1058021795
traffic light,17905,768,1024,,"[164, 75, 512, 512]",29,3.0348849462685425,1014848104
truck,478721,1024,768,,"[483, 160, 512, 512]",31,8.832242835730762,1145441010
truck,436738,939,912,,"[427, 364, 512, 512]",25,3.5813548817879983,821827540
truck,184324,1024,680,,"[0, 115, 512, 512]",26,6.428333350464056,847200043
truck,393226,1024,768,,"[184, 88, 512, 512]",24,7.997806746281609,757855135
truck,136715,1024,680,,"[512, 40, 512, 512]",35,7.444671666432088,1340589947
truck,169996,1024,768,,"[0, 256, 512, 512]",47,9.238421084414568,1938609420
truck,514586,725,1024,,"[213, 17, 512, 512]",44,8.743542842645962,1786372013
truck,332318,1024,686,,"[438, 174, 512, 512]",48,9.264138661438862,2014448640
truck,203294,1024,768,,"[512, 184, 512, 512]",19,1.2392896102083748,500051954
truck,476704,1023,685,,"[0, 84, 512, 512]",13,4.935232001165579,168571695
truck,67616,1024,768,,"[512, 256, 512, 512]",17,5.364498942795593,388528798
truck,314914,768,1024,,"[256, 250, 512, 512]",42,1.5863877763309675,1701289843
truck,305695,1024,768,,"[0, 220, 512, 512]",22,1.0506344561145364,644859804
truck,191013,758,1024,,"[55, 512, 512, 512]",48,8.475592932741314,2038980991
truck,495146,1024,768,,"[0, 256, 512, 512]",27,9.84972019857558,906032039
truck,521259,1023,731,,"[0, 13, 512, 512]",40,8.061488674054116,1579638338
truck,128051,1024,576,,"[512, 64, 512, 512]",32,3.8404314098044585,1182859276
truck,512564,1024,678,,"[0, 166, 512, 512]",31,7.348003341305084,1131072087
truck,396338,1024,683,,"[512, 58, 512, 512]",44,3.69262965878422,1827983318
truck,259640,1024,683,,"[86, 77, 512, 512]",33,7.666736345881738,1217393872
truck,315450,1023,685,,"[0, 126, 512, 512]",10,3.517724977734583,29768455
truck,221754,1024,683,,"[512, 171, 512, 512]",16,8.043318237953184,335554307
truck,229948,1024,685,,"[512, 0, 512, 512]",31,9.88966672205119,1130085198
truck,157756,768,1024,,"[256, 507, 512, 512]",48,9.876146943522146,2002619399
truck,555597,1024,827,,"[114, 315, 512, 512]",25,8.945763102970082,807025520
truck,361551,768,1024,,"[256, 72, 512, 512]",12,9.21529046605526,126659316
truck,579158,800,600,,"[0, 0, 512, 512]",20,7.373862226928552,544610078
truck,26204,1024,683,,"[19, 142, 512, 512]",19,5.990471895371578,502803994
truck,281693,1024,770,,"[401, 238, 512, 512]",11,9.309143872631983,78112099
truck,259690,1024,768,,"[512, 0, 512, 512]",50,1.807577018688813,2135232880
truck,564336,1024,576,,"[512, 0, 512, 512]",29,4.331183906260067,1006074700
truck,346232,683,1024,,"[171, 305, 512, 512]",32,6.453450491583366,1171239504
truck,125572,1024,683,,"[512, 171, 512, 512]",43,5.29956907226817,1754370252
truck,142472,1024,768,,"[512, 256, 512, 512]",30,8.135720924475056,1084998680
truck,130699,1024,683,,"[213, 0, 512, 512]",46,2.755777541311419,1933072943
truck,490125,1024,686,,"[260, 0, 512, 512]",25,1.5602814767499709,825039645
truck,436883,1024,673,,"[512, 159, 512, 512]",27,2.138665665159264,914582800
truck,457884,1024,732,,"[0, 7, 512, 512]",11,9.665034264254464,86984129
truck,281759,1024,683,,"[0, 171, 512, 512]",30,2.194970835064874,1058021795
truck,382111,1024,683,,"[512, 85, 512, 512]",29,3.0348849462685425,1014848104
truck,192670,1024,693,,"[58, 0, 512, 512]",39,4.393507338605968,1521018998
truck,334006,1024,682,,"[335, 114, 512, 512]",28,6.610794772067163,946897390
truck,362682,1024,683,,"[0, 21, 512, 512]",23,8.038865176023725,693415842
truck,110784,693,1024,,"[0, 266, 512, 512]",17,1.7078400439235306,411317620
truck,550084,1024,768,,"[512, 256, 512, 512]",40,9.381137078287315,1594737559
truck,553669,1024,768,,"[453, 0, 512, 512]",20,7.865125519139077,548344684
truck,245448,1024,768,,"[0, 91, 512, 512]",10,3.888677059518759,27700026
truck,336587,1024,768,,"[512, 248, 512, 512]",46,2.7039881748540786,1901078373
truck,334555,1024,681,,"[0, 0, 512, 512]",33,6.363575990083298,1245682962
truck,569565,1024,683,,"[206, 150, 512, 512]",12,6.352203040853406,143465762
tv,555009,800,600,,"[288, 0, 512, 512]",31,8.832242835730762,1145441010
tv,515077,1024,766,,"[512, 0, 512, 512]",25,3.5813548817879983,821827540
tv,435208,768,1024,,"[256, 196, 512, 512]",26,6.428333350464056,847200043
tv,222735,758,1023,,"[189, 0, 512, 512]",24,7.997806746281609,757855135
tv,479248,1024,768,,"[203, 116, 512, 512]",35,7.444671666432088,1340589947
tv,387098,1024,768,,"[0, 0, 512, 512]",47,9.238421084414568,1938609420
tv,9772,880,1023,,"[368, 0, 512, 512]",44,8.743542842645962,1786372013
tv,368684,1024,768,,"[512, 0, 512, 512]",48,9.264138661438862,2014448640
tv,172595,1024,576,,"[395, 0, 512, 512]",19,1.2392896102083748,500051954
tv,357941,800,600,,"[191, 88, 512, 512]",13,4.935232001165579,168571695
tv,39477,1024,673,,"[0, 127, 512, 512]",17,5.364498942795593,388528798
tv,34873,1024,768,,"[410, 26, 512, 512]",42,1.5863877763309675,1701289843
tv,97337,1024,768,,"[211, 37, 512, 512]",22,1.0506344561145364,644859804
tv,167486,1024,768,,"[325, 0, 512, 512]",48,8.475592932741314,2038980991
tv,131138,1024,768,,"[119, 83, 512, 512]",27,9.84972019857558,906032039
tv,36936,1023,647,,"[0, 0, 512, 512]",40,8.061488674054116,1579638338
tv,66635,1024,768,,"[145, 27, 512, 512]",32,3.8404314098044585,1182859276
tv,448076,1024,768,,"[512, 0, 512, 512]",31,7.348003341305084,1131072087
tv,154705,1024,743,,"[357, 122, 512, 512]",44,3.69262965878422,1827983318
tv,77396,1024,768,,"[357, 0, 512, 512]",33,7.666736345881738,1217393872
tv,453722,1024,683,,"[99, 17, 512, 512]",10,3.517724977734583,29768455
tv,292446,612,612,,"[0, 0, 512, 512]",16,8.043318237953184,335554307
tv,13923,864,577,,"[247, 0, 512, 512]",31,9.88966672205119,1130085198
tv,472678,1024,768,,"[112, 91, 512, 512]",48,9.876146943522146,2002619399
tv,575081,1024,683,,"[512, 0, 512, 512]",25,8.945763102970082,807025520
tv,6763,600,800,,"[88, 0, 512, 512]",12,9.21529046605526,126659316
tv,72813,1024,768,,"[0, 0, 512, 512]",20,7.373862226928552,544610078
tv,316015,1024,819,,"[214, 51, 512, 512]",19,5.990471895371578,502803994
tv,166521,1024,681,,"[188, 76, 512, 512]",11,9.309143872631983,78112099
tv,319100,1023,682,,"[511, 170, 512, 512]",50,1.807577018688813,2135232880
tv,476810,1024,768,,"[0, 0, 512, 512]",29,4.331183906260067,1006074700
tv,148620,800,600,,"[265, 0, 512, 512]",32,6.453450491583366,1171239504
tv,128148,1023,685,,"[511, 167, 512, 512]",43,5.29956907226817,1754370252
tv,232088,1024,768,,"[0, 65, 512, 512]",30,8.135720924475056,1084998680
tv,533145,1024,768,,"[512, 256, 512, 512]",46,2.755777541311419,1933072943
tv,440475,1024,683,,"[244, 68, 512, 512]",25,1.5602814767499709,825039645
tv,180383,1024,768,,"[317, 2, 512, 512]",27,2.138665665159264,914582800
tv,556193,1024,683,,"[278, 171, 512, 512]",11,9.665034264254464,86984129
tv,474786,600,800,,"[44, 134, 512, 512]",30,2.194970835064874,1058021795
tv,367095,1024,683,,"[377, 114, 512, 512]",29,3.0348849462685425,1014848104
tv,345252,1024,766,,"[4, 49, 512, 512]",39,4.393507338605968,1521018998
tv,573094,600,800,,"[0, 108, 512, 512]",28,6.610794772067163,946897390
tv,411817,1024,768,,"[0, 30, 512, 512]",23,8.038865176023725,693415842
tv,458410,1024,768,,"[0, 162, 512, 512]",17,1.7078400439235306,411317620
tv,195754,1024,680,,"[512, 37, 512, 512]",40,9.381137078287315,1594737559
tv,38576,700,1024,,"[26, 6, 512, 512]",20,7.865125519139077,548344684
tv,385719,1024,674,,"[474, 0, 512, 512]",10,3.888677059518759,27700026
tv,560312,1024,680,,"[512, 52, 512, 512]",46,2.7039881748540786,1901078373
tv,507575,1024,768,,"[269, 0, 512, 512]",33,6.363575990083298,1245682962
tv,255165,1024,768,,"[198, 211, 512, 512]",12,6.352203040853406,143465762
umbrella,360960,682,1024,,"[115, 0, 512, 512]",31,8.832242835730762,1145441010
umbrella,155145,1024,768,,"[221, 120, 512, 512]",25,3.5813548817879983,821827540
umbrella,182805,960,540,,"[448, 0, 512, 512]",26,6.428333350464056,847200043
umbrella,370711,1024,768,,"[0, 207, 512, 512]",24,7.997806746281609,757855135
umbrella,127517,1024,768,,"[512, 0, 512, 512]",35,7.444671666432088,1340589947
umbrella,137246,1023,682,,"[116, 0, 512, 512]",47,9.238421084414568,1938609420
umbrella,530975,1024,768,,"[303, 0, 512, 512]",44,8.743542842645962,1786372013
umbrella,401446,1024,768,,"[165, 0, 512, 512]",48,9.264138661438862,2014448640
umbrella,213033,768,1024,,"[29, 105, 512, 512]",19,1.2392896102083748,500051954
umbrella,503855,1024,577,,"[0, 65, 512, 512]",13,4.935232001165579,168571695
umbrella,377393,1024,768,,"[47, 175, 512, 512]",17,5.364498942795593,388528798
umbrella,322610,1024,768,,"[400, 12, 512, 512]",42,1.5863877763309675,1701289843
umbrella,535608,800,601,,"[288, 21, 512, 512]",22,1.0506344561145364,644859804
umbrella,462904,1024,768,,"[512, 0, 512, 512]",48,8.475592932741314,2038980991
umbrella,443969,612,612,,"[72, 0, 512, 512]",27,9.84972019857558,906032039
umbrella,341058,575,1024,,"[63, 210, 512, 512]",40,8.061488674054116,1579638338
umbrella,16451,612,612,,"[0, 0, 512, 512]",32,3.8404314098044585,1182859276
umbrella,121417,768,1024,,"[222, 65, 512, 512]",31,7.348003341305084,1131072087
umbrella,20553,800,600,,"[0, 61, 512, 512]",44,3.69262965878422,1827983318
umbrella,326248,1024,683,,"[69, 0, 512, 512]",33,7.666736345881738,1217393872
umbrella,346232,683,1024,,"[171, 148, 512, 512]",10,3.517724977734583,29768455
umbrella,289938,1000,665,,"[0, 0, 512, 512]",16,8.043318237953184,335554307
umbrella,365208,964,1023,,"[31, 511, 512, 512]",31,9.88966672205119,1130085198
umbrella,281759,1024,683,,"[166, 0, 512, 512]",48,9.876146943522146,2002619399
umbrella,121506,612,612,,"[80, 0, 512, 512]",25,8.945763102970082,807025520
umbrella,308394,1023,685,,"[0, 173, 512, 512]",12,9.21529046605526,126659316
umbrella,181421,1024,713,,"[341, 0, 512, 512]",20,7.373862226928552,544610078
umbrella,231088,680,1024,,"[168, 409, 512, 512]",19,5.990471895371578,502803994
umbrella,122046,683,1024,,"[132, 36, 512, 512]",11,9.309143872631983,78112099
umbrella,177861,768,1024,,"[256, 167, 512, 512]",50,1.807577018688813,2135232880
umbrella,360137,1024,1024,,"[443, 422, 512, 512]",29,4.331183906260067,1006074700
umbrella,150224,1024,683,,"[28, 0, 512, 512]",32,6.453450491583366,1171239504
umbrella,496854,1024,768,,"[233, 0, 512, 512]",43,5.29956907226817,1754370252
umbrella,107226,768,1024,,"[0, 0, 512, 512]",30,8.135720924475056,1084998680
umbrella,388846,1024,683,,"[512, 171, 512, 512]",46,2.755777541311419,1933072943
umbrella,313588,768,1024,,"[256, 127, 512, 512]",25,1.5602814767499709,825039645
umbrella,117492,1023,685,,"[414, 0, 512, 512]",27,2.138665665159264,914582800
umbrella,250619,1023,770,,"[297, 103, 512, 512]",11,9.665034264254464,86984129
umbrella,275198,1024,768,,"[414, 0, 512, 512]",30,2.194970835064874,1058021795
umbrella,180487,1024,683,,"[18, 0, 512, 512]",29,3.0348849462685425,1014848104
umbrella,161032,1024,768,,"[385, 75, 512, 512]",39,4.393507338605968,1521018998
umbrella,575243,1024,683,,"[230, 34, 512, 512]",28,6.610794772067163,946897390
umbrella,250127,1024,1024,,"[181, 94, 512, 512]",23,8.038865176023725,693415842
umbrella,267537,1024,752,,"[39, 0, 512, 512]",17,1.7078400439235306,411317620
umbrella,304404,1023,685,,"[75, 0, 512, 512]",40,9.381137078287315,1594737559
umbrella,526103,1024,768,,"[278, 0, 512, 512]",20,7.865125519139077,548344684
umbrella,382743,800,600,,"[288, 88, 512, 512]",10,3.888677059518759,27700026
umbrella,29984,1024,787,,"[495, 97, 512, 512]",46,2.7039881748540786,1901078373
umbrella,288042,1024,768,,"[512, 50, 512, 512]",33,6.363575990083298,1245682962
umbrella,233771,1024,1024,,"[270, 395, 512, 512]",12,6.352203040853406,143465762
vase,168458,613,923,,"[0, 374, 512, 512]",31,8.832242835730762,1145441010
vase,530457,771,1024,,"[254, 492, 512, 512]",25,3.5813548817879983,821827540
vase,421923,682,1023,,"[170, 511, 512, 512]",26,6.428333350464056,847200043
vase,189475,1024,768,,"[206, 0, 512, 512]",24,7.997806746281609,757855135
vase,159282,1024,681,,"[169, 169, 512, 512]",35,7.444671666432088,1340589947
vase,395343,1024,768,,"[331, 256, 512, 512]",47,9.238421084414568,1938609420
vase,176232,768,1024,,"[104, 512, 512, 512]",44,8.743542842645962,1786372013
vase,161397,1024,768,,"[8, 256, 512, 512]",48,9.264138661438862,2014448640
vase,51326,1024,683,,"[512, 171, 512, 512]",19,1.2392896102083748,500051954
vase,7818,900,600,,"[198, 88, 512, 512]",13,4.935232001165579,168571695
vase,140439,684,1024,,"[107, 499, 512, 512]",17,5.364498942795593,388528798
vase,440475,1024,683,,"[512, 171, 512, 512]",42,1.5863877763309675,1701289843
vase,136355,1024,683,,"[112, 171, 512, 512]",22,1.0506344561145364,644859804
vase,69795,1024,768,,"[146, 233, 512, 512]",48,8.475592932741314,2038980991
vase,486573,768,1024,,"[256, 512, 512, 512]",27,9.84972019857558,906032039
vase,405691,1024,683,,"[394, 0, 512, 512]",40,8.061488674054116,1579638338
vase,249025,807,1024,,"[160, 399, 512, 512]",32,3.8404314098044585,1182859276
vase,512194,1023,761,,"[416, 249, 512, 512]",31,7.348003341305084,1131072087
vase,577735,1024,768,,"[455, 256, 512, 512]",44,3.69262965878422,1827983318
vase,213224,683,1024,,"[166, 412, 512, 512]",33,7.666736345881738,1217393872
vase,572678,888,590,,"[343, 78, 512, 512]",10,3.517724977734583,29768455
vase,186632,750,1000,,"[209, 379, 512, 512]",16,8.043318237953184,335554307
vase,425226,768,1024,,"[53, 0, 512, 512]",31,9.88966672205119,1130085198
vase,473869,1024,683,,"[512, 142, 512, 512]",48,9.876146943522146,2002619399
vase,132375,1024,768,,"[379, 256, 512, 512]",25,8.945763102970082,807025520
vase,367386,1024,768,,"[226, 239, 512, 512]",12,9.21529046605526,126659316
vase,19742,800,598,,"[152, 79, 512, 512]",20,7.373862226928552,544610078
vase,521509,1024,683,,"[11, 171, 512, 512]",19,5.990471895371578,502803994
vase,140076,1024,768,,"[263, 256, 512, 512]",11,9.309143872631983,78112099
vase,97585,768,1024,,"[0, 512, 512, 512]",50,1.807577018688813,2135232880
vase,231237,685,1024,,"[95, 471, 512, 512]",29,4.331183906260067,1006074700
vase,167240,1024,683,,"[133, 171, 512, 512]",32,6.453450491583366,1171239504
vase,111951,888,590,,"[0, 78, 512, 512]",43,5.29956907226817,1754370252
vase,557916,1024,681,,"[437, 0, 512, 512]",30,8.135720924475056,1084998680
vase,226147,600,800,,"[0, 147, 512, 512]",46,2.755777541311419,1933072943
vase,569700,1024,698,,"[232, 186, 512, 512]",25,1.5602814767499709,825039645
vase,578922,957,1024,,"[121, 512, 512, 512]",27,2.138665665159264,914582800
vase,407403,553,800,,"[41, 159, 512, 512]",11,9.665034264254464,86984129
vase,370042,1024,569,,"[226, 57, 512, 512]",29,3.0348849462685425,1014848104
vase,322429,755,1024,,"[0, 512, 512, 512]",39,4.393507338605968,1521018998
vase,57232,612,612,,"[100, 0, 512, 512]",28,6.610794772067163,946897390
vase,512403,846,1024,,"[334, 511, 512, 512]",23,8.038865176023725,693415842
vase,314264,768,1024,,"[256, 96, 512, 512]",17,1.7078400439235306,411317620
vase,571804,1024,681,,"[0, 146, 512, 512]",40,9.381137078287315,1594737559
vase,527784,1023,819,,"[249, 0, 512, 512]",20,7.865125519139077,548344684
vase,402346,1024,768,,"[0, 105, 512, 512]",10,3.888677059518759,27700026
vase,327601,533,800,,"[0, 288, 512, 512]",46,2.7039881748540786,1901078373
vase,475572,1024,689,,"[0, 168, 512, 512]",33,6.363575990083298,1245682962
vase,429530,1024,765,,"[512, 196, 512, 512]",12,6.352203040853406,143465762
vase,482275,1024,768,,"[512, 256, 512, 512]",24,3.407215229474313,783154264
wine glass,385029,800,600,,"[288, 0, 512, 512]",31,8.832242835730762,1145441010
wine glass,166918,768,1024,,"[256, 512, 512, 512]",25,3.5813548817879983,821827540
wine glass,244750,629,800,,"[59, 287, 512, 512]",26,6.428333350464056,847200043
wine glass,172571,1023,577,,"[511, 0, 512, 512]",24,7.997806746281609,757855135
wine glass,181796,1024,576,,"[19, 0, 512, 512]",35,7.444671666432088,1340589947
wine glass,331817,1024,768,,"[508, 256, 512, 512]",47,9.238421084414568,1938609420
wine glass,213035,1024,683,,"[80, 0, 512, 512]",44,8.743542842645962,1786372013
wine glass,265777,612,612,,"[37, 0, 512, 512]",48,9.264138661438862,2014448640
wine glass,16439,1024,768,,"[438, 236, 512, 512]",19,1.2392896102083748,500051954
wine glass,32334,1024,768,,"[58, 216, 512, 512]",13,4.935232001165579,168571695
wine glass,346703,880,1024,,"[0, 512, 512, 512]",17,5.364498942795593,388528798
wine glass,70739,1024,768,,"[512, 256, 512, 512]",42,1.5863877763309675,1701289843
wine glass,379476,776,1024,,"[164, 512, 512, 512]",22,1.0506344561145364,644859804
wine glass,210520,612,612,,"[61, 0, 512, 512]",48,8.475592932741314,2038980991
wine glass,85089,1023,685,,"[269, 173, 512, 512]",27,9.84972019857558,906032039
wine glass,499313,1024,765,,"[512, 0, 512, 512]",40,8.061488674054116,1579638338
wine glass,419974,681,1024,,"[169, 512, 512, 512]",32,3.8404314098044585,1182859276
wine glass,7818,900,600,,"[268, 88, 512, 512]",31,7.348003341305084,1131072087
wine glass,18575,1024,768,,"[219, 0, 512, 512]",44,3.69262965878422,1827983318
wine glass,450202,768,1024,,"[144, 38, 512, 512]",33,7.666736345881738,1217393872
wine glass,226984,1024,683,,"[0, 166, 512, 512]",10,3.517724977734583,29768455
wine glass,21167,681,1024,,"[169, 283, 512, 512]",16,8.043318237953184,335554307
wine glass,22705,771,1024,,"[51, 147, 512, 512]",31,9.88966672205119,1130085198
wine glass,336053,1024,768,,"[461, 251, 512, 512]",48,9.876146943522146,2002619399
wine glass,277689,1024,678,,"[29, 166, 512, 512]",25,8.945763102970082,807025520
wine glass,405691,1024,683,,"[252, 158, 512, 512]",12,9.21529046605526,126659316
wine glass,412362,1024,798,,"[512, 286, 512, 512]",20,7.373862226928552,544610078
wine glass,413395,1024,673,,"[443, 155, 512, 512]",19,5.990471895371578,502803994
wine glass,533206,1024,683,,"[360, 0, 512, 512]",11,9.309143872631983,78112099
wine glass,99039,1024,768,,"[355, 218, 512, 512]",50,1.807577018688813,2135232880
wine glass,488673,768,1024,,"[186, 512, 512, 512]",29,4.331183906260067,1006074700
wine glass,146155,1023,819,,"[0, 151, 512, 512]",32,6.453450491583366,1171239504
wine glass,293625,1024,768,,"[512, 256, 512, 512]",43,5.29956907226817,1754370252
wine glass,316666,1024,768,,"[512, 0, 512, 512]",30,8.135720924475056,1084998680
wine glass,572678,888,590,,"[319, 78, 512, 512]",46,2.755777541311419,1933072943
wine glass,418062,683,1024,,"[0, 512, 512, 512]",25,1.5602814767499709,825039645
wine glass,442161,1024,768,,"[169, 166, 512, 512]",27,2.138665665159264,914582800
wine glass,25394,768,1024,,"[256, 512, 512, 512]",11,9.665034264254464,86984129
wine glass,189752,1024,768,,"[512, 0, 512, 512]",30,2.194970835064874,1058021795
wine glass,417632,1024,768,,"[445, 130, 512, 512]",29,3.0348849462685425,1014848104
wine glass,529762,1024,768,,"[479, 192, 512, 512]",39,4.393507338605968,1521018998
wine glass,178028,768,1024,,"[256, 277, 512, 512]",28,6.610794772067163,946897390
wine glass,2431,731,1024,,"[219, 0, 512, 512]",23,8.038865176023725,693415842
wine glass,312192,1024,768,,"[0, 0, 512, 512]",17,1.7078400439235306,411317620
wine glass,425361,1024,785,,"[258, 158, 512, 512]",40,9.381137078287315,1594737559
wine glass,70048,960,720,,"[257, 0, 512, 512]",20,7.865125519139077,548344684
wine glass,506279,640,640,,"[97, 36, 512, 512]",10,3.888677059518759,27700026
wine glass,18380,1024,681,,"[393, 169, 512, 512]",46,2.7039881748540786,1901078373
